=========================================================
Data file for INCIVAT containing RNB CVT data (B-matrix)
Generated by genCVT_ALP_Data and SHTools library
INVICAT ylat          =   32
L                     =   32
SHtools_Normalization =    1
SHtools_ApplyCSphase  =    1
SHtools_CRnorm        =    0
ALPsize               =  561
=========================================================
Cosine of Gaussian co-latitudes
  0.99742469424645519     
  0.98645572623064248     
  0.96682290968999274     
  0.93869437261116839     
  0.90231676774343361     
  0.85800965267650409     
  0.80616235627416666     
  0.74723049644956219     
  0.68173195996974278     
  0.61024234583637904     
  0.53338990478634762     
  0.45185001727245067     
  0.36633925774807330     
  0.27760909715249704     
  0.18643929882799157     
   9.3631065854733381E-002
   0.0000000000000000     
  -9.3631065854733381E-002
 -0.18643929882799157     
 -0.27760909715249704     
 -0.36633925774807330     
 -0.45185001727245067     
 -0.53338990478634762     
 -0.61024234583637904     
 -0.68173195996974278     
 -0.74723049644956219     
 -0.80616235627416666     
 -0.85800965267650409     
 -0.90231676774343361     
 -0.93869437261116839     
 -0.96682290968999274     
 -0.98645572623064248     
 -0.99742469424645519     
=========================================================
Gaussian weights
   6.6062278475869608E-003
   1.5321701512934664E-002
   2.3915548101749541E-002
   3.2300358632328961E-002
   4.0401541331669608E-002
   4.8147742818711814E-002
   5.5470846631663184E-002
   6.2306482530317397E-002
   6.8594572818656704E-002
   7.4279854843954191E-002
   7.9312364794886750E-002
   8.3647876067038759E-002
   8.7248287618844234E-002
   9.0081958660638575E-002
   9.2123986643316835E-002
   9.3356426065596132E-002
   9.3768446160209989E-002
   9.3356426065596132E-002
   9.2123986643316835E-002
   9.0081958660638575E-002
   8.7248287618844234E-002
   8.3647876067038759E-002
   7.9312364794886750E-002
   7.4279854843954191E-002
   6.8594572818656704E-002
   6.2306482530317397E-002
   5.5470846631663184E-002
   4.8147742818711814E-002
   4.0401541331669608E-002
   3.2300358632328961E-002
   2.3915548101749541E-002
   1.5321701512934664E-002
   6.6062278475869608E-003
=========================================================
Associated Legendre polynomial array mapping
           1           2           4           7          11          16          22          29          37          46          56          67          79          92         106         121         137         154         172         191         211         232         254         277         301         326         352         379         407         436         466         497         529          -1           3           5           8          12          17          23          30          38          47          57          68          80          93         107         122         138         155         173         192         212         233         255         278         302         327         353         380         408         437         467         498         530          -1          -1           6           9          13          18          24          31          39          48          58          69          81          94         108         123         139         156         174         193         213         234         256         279         303         328         354         381         409         438         468         499         531          -1          -1          -1          10          14          19          25          32          40          49          59          70          82          95         109         124         140         157         175         194         214         235         257         280         304         329         355         382         410         439         469         500         532          -1          -1          -1          -1          15          20          26          33          41          50          60          71          83          96         110         125         141         158         176         195         215         236         258         281         305         330         356         383         411         440         470         501         533          -1          -1          -1          -1          -1          21          27          34          42          51          61          72          84          97         111         126         142         159         177         196         216         237         259         282         306         331         357         384         412         441         471         502         534          -1          -1          -1          -1          -1          -1          28          35          43          52          62          73          85          98         112         127         143         160         178         197         217         238         260         283         307         332         358         385         413         442         472         503         535          -1          -1          -1          -1          -1          -1          -1          36          44          53          63          74          86          99         113         128         144         161         179         198         218         239         261         284         308         333         359         386         414         443         473         504         536          -1          -1          -1          -1          -1          -1          -1          -1          45          54          64          75          87         100         114         129         145         162         180         199         219         240         262         285         309         334         360         387         415         444         474         505         537          -1          -1          -1          -1          -1          -1          -1          -1          -1          55          65          76          88         101         115         130         146         163         181         200         220         241         263         286         310         335         361         388         416         445         475         506         538          -1          -1          -1          -1          -1          -1          -1          -1          -1          -1          66          77          89         102         116         131         147         164         182         201         221         242         264         287         311         336         362         389         417         446         476         507         539          -1          -1          -1          -1          -1          -1          -1          -1          -1          -1          -1          78          90         103         117         132         148         165         183         202         222         243         265         288         312         337         363         390         418         447         477         508         540          -1          -1          -1          -1          -1          -1          -1          -1          -1          -1          -1          -1          91         104         118         133         149         166         184         203         223         244         266         289         313         338         364         391         419         448         478         509         541          -1          -1          -1          -1          -1          -1          -1          -1          -1          -1          -1          -1          -1         105         119         134         150         167         185         204         224         245         267         290         314         339         365         392         420         449         479         510         542          -1          -1          -1          -1          -1          -1          -1          -1          -1          -1          -1          -1          -1          -1         120         135         151         168         186         205         225         246         268         291         315         340         366         393         421         450         480         511         543          -1          -1          -1          -1          -1          -1          -1          -1          -1          -1          -1          -1          -1          -1          -1         136         152         169         187         206         226         247         269         292         316         341         367         394         422         451         481         512         544          -1          -1          -1          -1          -1          -1          -1          -1          -1          -1          -1          -1          -1          -1          -1          -1         153         170         188         207         227         248         270         293         317         342         368         395         423         452         482         513         545          -1          -1          -1          -1          -1          -1          -1          -1          -1          -1          -1          -1          -1          -1          -1          -1          -1         171         189         208         228         249         271         294         318         343         369         396         424         453         483         514         546          -1          -1          -1          -1          -1          -1          -1          -1          -1          -1          -1          -1          -1          -1          -1          -1          -1          -1         190         209         229         250         272         295         319         344         370         397         425         454         484         515         547          -1          -1          -1          -1          -1          -1          -1          -1          -1          -1          -1          -1          -1          -1          -1          -1          -1          -1          -1         210         230         251         273         296         320         345         371         398         426         455         485         516         548          -1          -1          -1          -1          -1          -1          -1          -1          -1          -1          -1          -1          -1          -1          -1          -1          -1          -1          -1          -1         231         252         274         297         321         346         372         399         427         456         486         517         549          -1          -1          -1          -1          -1          -1          -1          -1          -1          -1          -1          -1          -1          -1          -1          -1          -1          -1          -1          -1          -1         253         275         298         322         347         373         400         428         457         487         518         550          -1          -1          -1          -1          -1          -1          -1          -1          -1          -1          -1          -1          -1          -1          -1          -1          -1          -1          -1          -1          -1          -1         276         299         323         348         374         401         429         458         488         519         551          -1          -1          -1          -1          -1          -1          -1          -1          -1          -1          -1          -1          -1          -1          -1          -1          -1          -1          -1          -1          -1          -1          -1         300         324         349         375         402         430         459         489         520         552          -1          -1          -1          -1          -1          -1          -1          -1          -1          -1          -1          -1          -1          -1          -1          -1          -1          -1          -1          -1          -1          -1          -1          -1         325         350         376         403         431         460         490         521         553          -1          -1          -1          -1          -1          -1          -1          -1          -1          -1          -1          -1          -1          -1          -1          -1          -1          -1          -1          -1          -1          -1          -1          -1          -1         351         377         404         432         461         491         522         554          -1          -1          -1          -1          -1          -1          -1          -1          -1          -1          -1          -1          -1          -1          -1          -1          -1          -1          -1          -1          -1          -1          -1          -1          -1          -1         378         405         433         462         492         523         555          -1          -1          -1          -1          -1          -1          -1          -1          -1          -1          -1          -1          -1          -1          -1          -1          -1          -1          -1          -1          -1          -1          -1          -1          -1          -1          -1         406         434         463         493         524         556          -1          -1          -1          -1          -1          -1          -1          -1          -1          -1          -1          -1          -1          -1          -1          -1          -1          -1          -1          -1          -1          -1          -1          -1          -1          -1          -1          -1         435         464         494         525         557          -1          -1          -1          -1          -1          -1          -1          -1          -1          -1          -1          -1          -1          -1          -1          -1          -1          -1          -1          -1          -1          -1          -1          -1          -1          -1          -1          -1          -1         465         495         526         558          -1          -1          -1          -1          -1          -1          -1          -1          -1          -1          -1          -1          -1          -1          -1          -1          -1          -1          -1          -1          -1          -1          -1          -1          -1          -1          -1          -1          -1          -1         496         527         559          -1          -1          -1          -1          -1          -1          -1          -1          -1          -1          -1          -1          -1          -1          -1          -1          -1          -1          -1          -1          -1          -1          -1          -1          -1          -1          -1          -1          -1          -1          -1         528         560          -1          -1          -1          -1          -1          -1          -1          -1          -1          -1          -1          -1          -1          -1          -1          -1          -1          -1          -1          -1          -1          -1          -1          -1          -1          -1          -1          -1          -1          -1          -1          -1         561
=========================================================
Associated Legendre polynomials
*****  m =    0  l =    0
   1.0000000000000000     
   1.0000000000000000     
   1.0000000000000000     
   1.0000000000000000     
   1.0000000000000000     
   1.0000000000000000     
   1.0000000000000000     
   1.0000000000000000     
   1.0000000000000000     
   1.0000000000000000     
   1.0000000000000000     
   1.0000000000000000     
   1.0000000000000000     
   1.0000000000000000     
   1.0000000000000000     
   1.0000000000000000     
   1.0000000000000000     
   1.0000000000000000     
   1.0000000000000000     
   1.0000000000000000     
   1.0000000000000000     
   1.0000000000000000     
   1.0000000000000000     
   1.0000000000000000     
   1.0000000000000000     
   1.0000000000000000     
   1.0000000000000000     
   1.0000000000000000     
   1.0000000000000000     
   1.0000000000000000     
   1.0000000000000000     
   1.0000000000000000     
   1.0000000000000000     
*****  m =    0  l =    1
   1.7275902471587132     
   1.7085914372487276     
   1.6745864015046434     
   1.6258663461415348     
   1.5628584862529531     
   1.4861163118202307     
   1.3963141602162992     
   1.2942411848155573     
   1.1807943918111063     
   1.0569707479186263     
  0.92385841533427993     
  0.78262718731675929     
  0.63451820722673336     
  0.48083306091144939     
  0.32292233809759802     
  0.16217376322722568     
   0.0000000000000000     
 -0.16217376322722568     
 -0.32292233809759802     
 -0.48083306091144939     
 -0.63451820722673336     
 -0.78262718731675929     
 -0.92385841533427993     
  -1.0569707479186263     
  -1.1807943918111063     
  -1.2942411848155573     
  -1.3963141602162992     
  -1.4861163118202307     
  -1.5628584862529531     
  -1.6258663461415348     
  -1.6745864015046434     
  -1.7085914372487276     
  -1.7275902471587132     
*****  m =    0  l =    2
   2.2188145463906079     
   2.1458255280611804     
   2.0172012146536376     
   1.8374233163443483     
   1.6127938222005684     
   1.3511906887659446     
   1.0617893145207820     
  0.75474029777437868     
  0.44081329335681807     
  0.13101923011156691     
 -0.16377591143251236     
 -0.43323222904198877     
 -0.66789857319736656     
 -0.85954404703982079     
  -1.0014467052999789     
  -1.0886293264767388     
  -1.1180339887498949     
  -1.0886293264767388     
  -1.0014467052999789     
 -0.85954404703982079     
 -0.66789857319736656     
 -0.43323222904198877     
 -0.16377591143251236     
  0.13101923011156691     
  0.44081329335681807     
  0.75474029777437868     
   1.0617893145207820     
   1.3511906887659446     
   1.6127938222005684     
   1.8374233163443483     
   2.0172012146536376     
   2.1458255280611804     
   2.2188145463906079     
*****  m =    0  l =    3
   2.6050010902817604     
   2.4343663666189208     
   2.1406815036030076     
   1.7456086690732711     
   1.2782563125669240     
  0.77285199295645279     
  0.26606788660919167     
 -0.20583679643574637     
 -0.60983560058133879     
 -0.91869593090301049     
  -1.1130805390320144     
  -1.1830245357016107     
  -1.1286721873838548     
 -0.96021597852190987     
 -0.69704316877630457     
 -0.36615740921984768     
  -0.0000000000000000     
  0.36615740921984768     
  0.69704316877630457     
  0.96021597852190987     
   1.1286721873838548     
   1.1830245357016107     
   1.1130805390320144     
  0.91869593090301049     
  0.60983560058133879     
  0.20583679643574637     
 -0.26606788660919167     
 -0.77285199295645279     
  -1.2782563125669240     
  -1.7456086690732711     
  -2.1406815036030076     
  -2.4343663666189208     
  -2.6050010902817604     
*****  m =    0  l =    4
   2.9231876047554004     
   2.6059244801591595     
   2.0770845170465710     
   1.4026107044238201     
  0.66584902503897969     
  -4.3782419906051029E-002
 -0.64278172184819304     
  -1.0646451337953304     
  -1.2685270769103689     
  -1.2442955898608514     
  -1.0133023356268307     
 -0.62478257027864648     
 -0.14840787465959904     
  0.33595160321396433     
  0.74981239044686354     
   1.0273825043099973     
   1.1250000000000000     
   1.0273825043099973     
  0.74981239044686354     
  0.33595160321396433     
 -0.14840787465959904     
 -0.62478257027864648     
  -1.0133023356268307     
  -1.2442955898608514     
  -1.2685270769103689     
  -1.0646451337953304     
 -0.64278172184819304     
  -4.3782419906051029E-002
  0.66584902503897969     
   1.4026107044238201     
   2.0770845170465710     
   2.6059244801591595     
   2.9231876047554004     
*****  m =    0  l =    5
   3.1896558043752949     
   2.6741755796263513     
   1.8494245831272620     
  0.86945722371381629     
  -8.6312953927261349E-002
 -0.84981187252675827     
  -1.2980049684653348     
  -1.3766712183575789     
  -1.1093457116901844     
 -0.58971438486914918     
   4.0704198732452346E-002
  0.62461393389801390     
   1.0237021523948053     
   1.1485470116413510     
  0.97721941895773079     
  0.55862755465691016     
   0.0000000000000000     
 -0.55862755465691016     
 -0.97721941895773079     
  -1.1485470116413510     
  -1.0237021523948053     
 -0.62461393389801390     
  -4.0704198732452346E-002
  0.58971438486914918     
   1.1093457116901844     
   1.3766712183575789     
   1.2980049684653348     
  0.84981187252675827     
   8.6312953927261349E-002
 -0.86945722371381629     
  -1.8494245831272620     
  -2.6741755796263513     
  -3.1896558043752949     
*****  m =    0  l =    6
   3.4130558757702412     
   2.6476177040393432     
   1.4834059304283205     
  0.22185803227922585     
 -0.82209724253421768     
  -1.4093713049975563     
  -1.4417532374390525     
 -0.98393846594912127     
 -0.23680861103433259     
  0.52898038249906865     
   1.0581362514892250     
   1.1882462740218358     
  0.89607243744582743     
  0.29900647675383180     
 -0.38785183749473584     
 -0.92472082418131740     
  -1.1267347735824966     
 -0.92472082418131740     
 -0.38785183749473584     
  0.29900647675383180     
  0.89607243744582743     
   1.1882462740218358     
   1.0581362514892250     
  0.52898038249906865     
 -0.23680861103433259     
 -0.98393846594912127     
  -1.4417532374390525     
  -1.4093713049975563     
 -0.82209724253421768     
  0.22185803227922585     
   1.4834059304283205     
   2.6476177040393432     
   3.4130558757702412     
*****  m =    0  l =    7
   3.5985282132022092     
   2.5335178434317864     
   1.0099156230977679     
 -0.45481351759559308     
  -1.3934017753827845     
  -1.5617309840477520     
  -1.0194282575285145     
  -8.8754005307775996E-002
  0.78831904215655579     
   1.2342245586294258     
   1.0851731785634757     
  0.44588227912000211     
 -0.36979529090729890     
 -0.98402217056273600     
  -1.1223777551105780     
 -0.73186840183837154     
  -0.0000000000000000     
  0.73186840183837154     
   1.1223777551105780     
  0.98402217056273600     
  0.36979529090729890     
 -0.44588227912000211     
  -1.0851731785634757     
  -1.2342245586294258     
 -0.78831904215655579     
   8.8754005307775996E-002
   1.0194282575285145     
   1.5617309840477520     
   1.3934017753827845     
  0.45481351759559308     
  -1.0099156230977679     
  -2.5335178434317864     
  -3.5985282132022092     
*****  m =    0  l =    8
   3.7493811612984915     
   2.3394259608785659     
  0.46470415805160270     
  -1.0741837689059974     
  -1.6870723354704236     
  -1.2645030702817868     
 -0.19781656296160821     
  0.85214951346787271     
   1.3096940926259442     
  0.97410902312929948     
   9.6605647456142529E-002
 -0.78680408857461426     
  -1.1670221460245624     
 -0.84446499875696768     
  -2.9607588420505759E-002
  0.78849308200169366     
   1.1274116945048289     
  0.78849308200169366     
  -2.9607588420505759E-002
 -0.84446499875696768     
  -1.1670221460245624     
 -0.78680408857461426     
   9.6605647456142529E-002
  0.97410902312929948     
   1.3096940926259442     
  0.85214951346787271     
 -0.19781656296160821     
  -1.2645030702817868     
  -1.6870723354704236     
  -1.0741837689059974     
  0.46470415805160270     
   2.3394259608785659     
   3.7493811612984915     
*****  m =    0  l =    9
   3.8678906502829959     
   2.0737918823621824     
 -0.11314564703700913     
  -1.5585453374108915     
  -1.6458702331904624     
 -0.60418692382195638     
  0.70139573475387618     
   1.3603279270339752     
  0.99431938352984350     
  -4.7683331913936033E-002
 -0.98272186725555910     
  -1.1560024900298118     
 -0.48378407026073211     
  0.51628881504758373     
   1.1118165581703661     
  0.87959637709412952     
   0.0000000000000000     
 -0.87959637709412952     
  -1.1118165581703661     
 -0.51628881504758373     
  0.48378407026073211     
   1.1560024900298118     
  0.98272186725555910     
   4.7683331913936033E-002
 -0.99431938352984350     
  -1.3603279270339752     
 -0.70139573475387618     
  0.60418692382195638     
   1.6458702331904624     
   1.5585453374108915     
  0.11314564703700913     
  -2.0737918823621824     
  -3.8678906502829959     
*****  m =    0  l =   10
   3.9557246804487045     
   1.7461763684449481     
 -0.68335077237765085     
  -1.8478360333728436     
  -1.2789090934673064     
  0.22937530949517204     
   1.3273379304699515     
   1.1780141291560056     
   4.3943655462992615E-002
  -1.0325194688177506     
  -1.1436706482633054     
 -0.25633735611304342     
  0.81335049296118500     
   1.1310077375239229     
  0.44367035427662710     
 -0.62421588772932390     
  -1.1277432374305385     
 -0.62421588772932390     
  0.44367035427662710     
   1.1310077375239229     
  0.81335049296118500     
 -0.25633735611304342     
  -1.1436706482633054     
  -1.0325194688177506     
   4.3943655462992615E-002
   1.1780141291560056     
   1.3273379304699515     
  0.22937530949517204     
  -1.2789090934673064     
  -1.8478360333728436     
 -0.68335077237765085     
   1.7461763684449481     
   3.9557246804487045     
*****  m =    0  l =   11
   4.0141870374659003     
   1.3672477240304981     
  -1.2068223667934967     
  -1.9066366691069339     
 -0.65934859980380267     
  0.99752393622390967     
   1.4363394953791848     
  0.39805278337937477     
 -0.93468194996848952     
  -1.2111779983222140     
 -0.23584815572629436     
  0.92484123305728372     
   1.0791977640490737     
  0.11090593503542601     
 -0.94679414922078919     
 -0.99655883522215216     
  -0.0000000000000000     
  0.99655883522215216     
  0.94679414922078919     
 -0.11090593503542601     
  -1.0791977640490737     
 -0.92484123305728372     
  0.23584815572629436     
   1.2111779983222140     
  0.93468194996848952     
 -0.39805278337937477     
  -1.4363394953791848     
 -0.99752393622390967     
  0.65934859980380267     
   1.9066366691069339     
   1.2068223667934967     
  -1.3672477240304981     
  -4.0141870374659003     
*****  m =    0  l =   12
   4.0443657287690371     
  0.94865106769116059     
  -1.6480767275750361     
  -1.7282481341427325     
   9.0271273929893425E-002
   1.4808705427058686     
  0.98627712845828985     
 -0.58385114096004942     
  -1.3172493010763262     
 -0.44425029217091416     
  0.89248017692193593     
   1.0914329728809837     
  -2.3466622756658118E-002
  -1.0696712097966989     
 -0.79647639020638505     
  0.43786342256957267     
   1.1279296874999998     
  0.43786342256957267     
 -0.79647639020638505     
  -1.0696712097966989     
  -2.3466622756658118E-002
   1.0914329728809837     
  0.89248017692193593     
 -0.44425029217091416     
  -1.3172493010763262     
 -0.58385114096004942     
  0.98627712845828985     
   1.4808705427058686     
   9.0271273929893425E-002
  -1.7282481341427325     
  -1.6480767275750361     
  0.94865106769116059     
   4.0443657287690371     
*****  m =    0  l =   13
   4.0472275455183606     
  0.50279613347038543     
  -1.9774611087202949     
  -1.3353109490217994     
  0.82221943954370103     
   1.5416699134056719     
  0.15249812419077013     
  -1.2700011282855508     
 -0.85989081135008349     
  0.66953429042483770     
   1.1872538633471859     
   6.0638021394280761E-002
  -1.0965173450873058     
 -0.70438167958419862     
  0.65014667949121119     
   1.0786215863330673     
   0.0000000000000000     
  -1.0786215863330673     
 -0.65014667949121119     
  0.70438167958419862     
   1.0965173450873058     
  -6.0638021394280761E-002
  -1.1872538633471859     
 -0.66953429042483770     
  0.85989081135008349     
   1.2700011282855508     
 -0.15249812419077013     
  -1.5416699134056719     
 -0.82221943954370103     
   1.3353109490217994     
   1.9774611087202949     
 -0.50279613347038543     
  -4.0472275455183606     
*****  m =    0  l =   14
   4.0236803676459676     
   4.2591548869308382E-002
  -2.1730251474828073     
 -0.77687397309804140     
   1.3925776833024666     
   1.1628259476384031     
 -0.74065812862082292     
  -1.3128456081333160     
  0.14570157290995933     
   1.2609306616139009     
  0.37315920948057146     
  -1.0367807151086996     
 -0.77941315086995622     
  0.67894432648417080     
   1.0388287836686501     
 -0.23605198071974698     
  -1.1280447764944832     
 -0.23605198071974698     
   1.0388287836686501     
  0.67894432648417080     
 -0.77941315086995622     
  -1.0367807151086996     
  0.37315920948057146     
   1.2609306616139009     
  0.14570157290995933     
  -1.3128456081333160     
 -0.74065812862082292     
   1.1628259476384031     
   1.3925776833024666     
 -0.77687397309804140     
  -2.1730251474828073     
   4.2591548869308382E-002
   4.0236803676459676     
*****  m =    0  l =   15
   3.9746152021626768     
 -0.41885485557248758     
  -2.2219021198003199     
 -0.12226310701740051     
   1.6894087284410104     
  0.45252609899935892     
  -1.3460284607821744     
 -0.69080059919845604     
   1.0585100223900648     
  0.86850196796003321     
 -0.78949408156881939     
 -0.99706111382427887     
  0.52586566270288526     
   1.0811924123097414     
 -0.26305842540009811     
  -1.1228893908438022     
  -0.0000000000000000     
   1.1228893908438022     
  0.26305842540009811     
  -1.0811924123097414     
 -0.52586566270288526     
  0.99706111382427887     
  0.78949408156881939     
 -0.86850196796003321     
  -1.0585100223900648     
  0.69080059919845604     
   1.3460284607821744     
 -0.45252609899935892     
  -1.6894087284410104     
  0.12226310701740051     
   2.2219021198003199     
  0.41885485557248758     
  -3.9746152021626768     
*****  m =    0  l =   16
   3.9009349457485332     
 -0.86855436237346884     
  -2.1211019009144279     
  0.54750301725714057     
   1.6546031596952420     
 -0.38674000252555718     
  -1.4284669976115811     
  0.28106368706675577     
   1.2968239596957898     
 -0.20153992606846427     
  -1.2149893476808871     
  0.13624644647402773     
   1.1645679389392909     
  -7.8985538107473663E-002
  -1.1369396956522033     
   2.5895915331739683E-002
   1.1281207467795473     
   2.5895915331739683E-002
  -1.1369396956522033     
  -7.8985538107473663E-002
   1.1645679389392909     
  0.13624644647402773     
  -1.2149893476808871     
 -0.20153992606846427     
   1.2968239596957898     
  0.28106368706675577     
  -1.4284669976115811     
 -0.38674000252555718     
   1.6546031596952420     
  0.54750301725714057     
  -2.1211019009144279     
 -0.86855436237346884     
   3.9009349457485332     
*****  m =    0  l =   17
   3.8035741236056215     
  -1.2939612889420904     
  -1.8776593313018495     
   1.1497012536458469     
   1.2951575572284861     
  -1.1159175547877616     
 -0.95605267222698620     
   1.1106961514549345     
  0.70883863754769738     
  -1.1144204178637258     
 -0.50602723363741975     
   1.1201894097612117     
  0.32698976404877955     
  -1.1250879874159250     
 -0.16068396817410324     
   1.1277992837228799     
   0.0000000000000000     
  -1.1277992837228799     
  0.16068396817410324     
   1.1250879874159250     
 -0.32698976404877955     
  -1.1201894097612117     
  0.50602723363741975     
   1.1144204178637258     
 -0.70883863754769738     
  -1.1106961514549345     
  0.95605267222698620     
   1.1159175547877616     
  -1.2951575572284861     
  -1.1497012536458469     
   1.8776593313018495     
   1.2939612889420904     
  -3.8035741236056215     
*****  m =    0  l =   18
   3.6835122866867525     
  -1.6832909735358430     
  -1.5081260123420730     
   1.6100746831985906     
  0.68170232362787608     
  -1.5274390499799195     
 -0.11233873646825376     
   1.3781747288687798     
 -0.33078163626075396     
  -1.1580588654864765     
  0.67543483203606336     
  0.87567176147864834     
 -0.92513647030575819     
 -0.54543904363827256     
   1.0771003695173786     
  0.18521547678402717     
  -1.1281735009120917     
  0.18521547678402717     
   1.0771003695173786     
 -0.54543904363827256     
 -0.92513647030575819     
  0.87567176147864834     
  0.67543483203606336     
  -1.1580588654864765     
 -0.33078163626075396     
   1.3781747288687798     
 -0.11233873646825376     
  -1.5274390499799195     
  0.68170232362787608     
   1.6100746831985906     
  -1.5081260123420730     
  -1.6832909735358430     
   3.6835122866867525     
*****  m =    0  l =   19
   3.5417828145280716     
  -2.0258214217745429     
  -1.0374379921028363     
   1.8719425047322018     
  -6.5411985773288439E-002
  -1.5042454383786825     
  0.77502671180060134     
  0.94817497872334289     
  -1.1597193204741751     
 -0.29843911305143433     
   1.2263379618072339     
 -0.32916319535550331     
  -1.0045955738263597     
  0.82239970715102451     
  0.56217891021382427     
  -1.0931720795209634     
  -0.0000000000000000     
   1.0931720795209634     
 -0.56217891021382427     
 -0.82239970715102451     
   1.0045955738263597     
  0.32916319535550331     
  -1.2263379618072339     
  0.29843911305143433     
   1.1597193204741751     
 -0.94817497872334289     
 -0.77502671180060134     
   1.5042454383786825     
   6.5411985773288439E-002
  -1.8719425047322018     
   1.0374379921028363     
   2.0258214217745429     
  -3.5417828145280716     
*****  m =    0  l =   20
   3.3794782955487368     
  -2.3121692584675779     
 -0.49723368986801875     
   1.9031363030549335     
 -0.79973312214909775     
  -1.0530167736966647     
   1.3615466925683728     
   3.8346347106473555E-002
  -1.2499484262847531     
  0.79397146246628447     
  0.63236604039459632     
  -1.1730731632216971     
  0.18935218088220795     
   1.0019260373955134     
 -0.86757779164634419     
 -0.38986748610374844     
   1.1282116142379219     
 -0.38986748610374844     
 -0.86757779164634419     
   1.0019260373955134     
  0.18935218088220795     
  -1.1730731632216971     
  0.63236604039459632     
  0.79397146246628447     
  -1.2499484262847531     
   3.8346347106473555E-002
   1.3615466925683728     
  -1.0530167736966647     
 -0.79973312214909775     
   1.9031363030549335     
 -0.49723368986801875     
  -2.3121692584675779     
   3.3794782955487368     
*****  m =    0  l =   21
   3.1977532923469107     
  -2.5345317119161446     
   7.6266871065501562E-002
   1.6999168740535617     
  -1.3774021888692392     
 -0.30219568417375609     
   1.4195838109570358     
 -0.89091166899808560     
 -0.54402341105325358     
   1.2672030972407713     
 -0.55196952750219419     
 -0.73063296742596173     
   1.1433197239055495     
 -0.26629375008616452     
 -0.88560473529542416     
   1.0202171392786197     
   0.0000000000000000     
  -1.0202171392786197     
  0.88560473529542416     
  0.26629375008616452     
  -1.1433197239055495     
  0.73063296742596173     
  0.55196952750219419     
  -1.2672030972407713     
  0.54402341105325358     
  0.89091166899808560     
  -1.4195838109570358     
  0.30219568417375609     
   1.3774021888692392     
  -1.6999168740535617     
  -7.6266871065501562E-002
   2.5345317119161446     
  -3.1977532923469107     
*****  m =    0  l =   22
   2.9978250630222658     
  -2.6868875305401438     
  0.64468124268351557     
   1.2873962193644526     
  -1.6853108569970847     
  0.53460362413623697     
  0.92665786172856834     
  -1.3694361445497858     
  0.50841522171578513     
  0.75221102995746114     
  -1.2210598275715963     
  0.51300022941087986     
  0.64811247379111470     
  -1.1497642275913196     
  0.53746189544386369     
  0.58087599830518877     
  -1.1282400409009206     
  0.58087599830518877     
  0.53746189544386369     
  -1.1497642275913196     
  0.64811247379111470     
  0.51300022941087986     
  -1.2210598275715963     
  0.75221102995746114     
  0.50841522171578513     
  -1.3694361445497858     
  0.92665786172856834     
  0.53460362413623697     
  -1.6853108569970847     
   1.2873962193644526     
  0.64468124268351557     
  -2.6868875305401438     
   2.9978250630222658     
*****  m =    0  l =   23
   2.7809726526698189     
  -2.7651510126480003     
   1.1700220457568165     
  0.71641775466889523     
  -1.6632172803733725     
   1.2193756661444399     
   7.4105272536475475E-002
  -1.1551539975199447     
   1.2370773598624010     
 -0.34938586326690280     
 -0.75031247559519143     
   1.1941377934111848     
 -0.66859898947948448     
 -0.37191955351302380     
   1.0859848783627406     
 -0.91148919291201991     
  -0.0000000000000000     
  0.91148919291201991     
  -1.0859848783627406     
  0.37191955351302380     
  0.66859898947948448     
  -1.1941377934111848     
  0.75031247559519143     
  0.34938586326690280     
  -1.2370773598624010     
   1.1551539975199447     
  -7.4105272536475475E-002
  -1.2193756661444399     
   1.6632172803733725     
 -0.71641775466889523     
  -1.1700220457568165     
   2.7651510126480003     
  -2.7809726526698189     
*****  m =    0  l =   24
   2.5485346631162114     
  -2.7672747145595289     
   1.6172235315202546     
   5.7281662142664835E-002
  -1.3155028770476378     
   1.5574041021656950     
 -0.80721990667601329     
 -0.35649535038919877     
   1.1779192380346437     
  -1.1785530885382771     
  0.42083890262201684     
  0.56589802570590197     
  -1.1378867711918432     
  0.94333472101575777     
 -0.13261963178478764     
 -0.75153756710307074     
   1.1282618045806883     
 -0.75153756710307074     
 -0.13261963178478764     
  0.94333472101575777     
  -1.1378867711918432     
  0.56589802570590197     
  0.42083890262201684     
  -1.1785530885382771     
   1.1779192380346437     
 -0.35649535038919877     
 -0.80721990667601329     
   1.5574041021656950     
  -1.3155028770476378     
   5.7281662142664835E-002
   1.6172235315202546     
  -2.7672747145595289     
   2.5485346631162114     
*****  m =    0  l =   25
   2.3019059360366136     
  -2.6932978710044746     
   1.9564700698114772     
 -0.60891151123640030     
 -0.71028017012471589     
   1.4526045236914988     
  -1.3753468117307590     
  0.62251182857830978     
  0.36863072313996992     
  -1.0887264827004555     
   1.1991778936930539     
 -0.68285834425172576     
 -0.16492806281307659     
  0.89557772263500079     
  -1.1354444941823008     
  0.77079833033480982     
   0.0000000000000000     
 -0.77079833033480982     
   1.1354444941823008     
 -0.89557772263500079     
  0.16492806281307659     
  0.68285834425172576     
  -1.1991778936930539     
   1.0887264827004555     
 -0.36863072313996992     
 -0.62251182857830978     
   1.3753468117307590     
  -1.4526045236914988     
  0.71028017012471589     
  0.60891151123640030     
  -1.9564700698114772     
   2.6932978710044746     
  -2.3019059360366136     
*****  m =    0  l =   26
   2.0425333336918849     
  -2.5453390866004479     
   2.1651726220985488     
  -1.2002347414703016     
   3.3964359846666792E-002
  0.93480882461534298     
  -1.4098634818313183     
   1.2866483345321014     
 -0.67541527526904976     
 -0.14995739915944228     
  0.85817693882427137     
  -1.1828915579308203     
   1.0170870456063767     
 -0.44619986829377173     
 -0.29068302156398640     
  0.89586355697541187     
  -1.1282788353331528     
  0.89586355697541187     
 -0.29068302156398640     
 -0.44619986829377173     
   1.0170870456063767     
  -1.1828915579308203     
  0.85817693882427137     
 -0.14995739915944228     
 -0.67541527526904976     
   1.2866483345321014     
  -1.4098634818313183     
  0.93480882461534298     
   3.3964359846666792E-002
  -1.2002347414703016     
   2.1651726220985488     
  -2.5453390866004479     
   2.0425333336918849     
*****  m =    0  l =   27
   1.7719107655270561     
  -2.3275334044873643     
   2.2294626661289723     
  -1.6440010924854118     
  0.77157243430689226     
  0.15125084741382455     
 -0.89740261848763558     
   1.2999958128615430     
  -1.2893821204731131     
  0.90575179905368519     
 -0.28386517906145270     
 -0.38592830300666447     
  0.91000031916869417     
  -1.1432855690889419     
   1.0270888735023214     
 -0.60307614503442530     
  -0.0000000000000000     
  0.60307614503442530     
  -1.0270888735023214     
   1.1432855690889419     
 -0.91000031916869417     
  0.38592830300666447     
  0.28386517906145270     
 -0.90575179905368519     
   1.2893821204731131     
  -1.2999958128615430     
  0.89740261848763558     
 -0.15125084741382455     
 -0.77157243430689226     
   1.6440010924854118     
  -2.2294626661289723     
   2.3275334044873643     
  -1.7719107655270561     
*****  m =    0  l =   28
   1.4915735830987824     
  -2.0459153909323842     
   2.1451050941554128     
  -1.8856878284991303     
   1.3582187003390553     
 -0.67531208463063985     
  -3.6793261051912163E-002
  0.65581943518743757     
  -1.0823222778487260     
   1.2552391421665918     
  -1.1609606216062156     
  0.83419798180287563     
 -0.35046791362430840     
 -0.18846649631742940     
  0.67360491154027313     
  -1.0087896540555272     
   1.1282924119605962     
  -1.0087896540555272     
  0.67360491154027313     
 -0.18846649631742940     
 -0.35046791362430840     
  0.83419798180287563     
  -1.1609606216062156     
   1.2552391421665918     
  -1.0823222778487260     
  0.65581943518743757     
  -3.6793261051912163E-002
 -0.67531208463063985     
   1.3582187003390553     
  -1.8856878284991303     
   2.1451050941554128     
  -2.0459153909323842     
   1.4915735830987824     
*****  m =    0  l =   29
   1.2030924471320976     
  -1.7082513547712663     
   1.9177701767878768     
  -1.8956240191953526     
   1.6791419020076817     
  -1.3099288012808152     
  0.83809845292614549     
 -0.32005898611126626     
 -0.18609196293852226     
  0.62601084548805908     
 -0.95443700976258117     
   1.1396851625130262     
  -1.1667522978197631     
   1.0386734538310636     
 -0.77596445636054856     
  0.41420264295709464     
   0.0000000000000000     
 -0.41420264295709464     
  0.77596445636054856     
  -1.0386734538310636     
   1.1667522978197631     
  -1.1396851625130262     
  0.95443700976258117     
 -0.62601084548805908     
  0.18609196293852226     
  0.32005898611126626     
 -0.83809845292614549     
   1.3099288012808152     
  -1.6791419020076817     
   1.8956240191953526     
  -1.9177701767878768     
   1.7082513547712663     
  -1.2030924471320976     
*****  m =    0  l =   30
  0.90806675682954308     
  -1.3238252101550327     
   1.5626472075557061     
  -1.6726226760475791     
   1.6715829536182658     
  -1.5722322201543706     
   1.3878927750964634     
  -1.1340750599827167     
  0.82863839217053459     
 -0.49132084623941841     
  0.14293922832862171     
  0.19558435212798564     
 -0.50426427402811191     
  0.76507863127070685     
 -0.96291182619992954     
   1.0863531825540329     
  -1.1283034089090709     
   1.0863531825540329     
 -0.96291182619992954     
  0.76507863127070685     
 -0.50426427402811191     
  0.19558435212798564     
  0.14293922832862171     
 -0.49132084623941841     
  0.82863839217053459     
  -1.1340750599827167     
   1.3878927750964634     
  -1.5722322201543706     
   1.6715829536182658     
  -1.6726226760475791     
   1.5626472075557061     
  -1.3238252101550327     
  0.90806675682954308     
*****  m =    0  l =   31
  0.60811772141111042     
 -0.90318375422493236     
   1.1034260970188201     
  -1.2441137748498843     
   1.3370455434378834     
  -1.3876895325899250     
   1.3993368886651267     
  -1.3745486658113693     
   1.3157651861166790     
  -1.2255879342771951     
   1.1069102737969287     
 -0.96296861882130513     
  0.79734704737002704     
 -0.61395229383520955     
  0.41696879334001941     
 -0.21079994563662713     
  -0.0000000000000000     
  0.21079994563662713     
 -0.41696879334001941     
  0.61395229383520955     
 -0.79734704737002704     
  0.96296861882130513     
  -1.1069102737969287     
   1.2255879342771951     
  -1.3157651861166790     
   1.3745486658113693     
  -1.3993368886651267     
   1.3876895325899250     
  -1.3370455434378834     
   1.2441137748498843     
  -1.1034260970188201     
  0.90318375422493236     
 -0.60811772141111042     
*****  m =    0  l =   32
  0.30488114623332374     
 -0.45784823500973437     
  0.57071507418543321     
 -0.66276399876551961     
  0.74098633356927834     
 -0.80876651852288495     
  0.86800613210749322     
 -0.91987445283501912     
  0.96513432600266902     
  -1.0043039277280652     
   1.0377450055694251     
  -1.0657144554774103     
   1.0883960437395737     
  -1.1059206258143168     
   1.1183792923334832     
  -1.1258319065365672     
   1.1283124405024136     
  -1.1258319065365672     
   1.1183792923334832     
  -1.1059206258143168     
   1.0883960437395737     
  -1.0657144554774103     
   1.0377450055694251     
  -1.0043039277280652     
  0.96513432600266902     
 -0.91987445283501912     
  0.86800613210749322     
 -0.80876651852288495     
  0.74098633356927834     
 -0.66276399876551961     
  0.57071507418543321     
 -0.45784823500973437     
  0.30488114623332374     
*****  m =    1  l =    1
  0.12422535136636213     
  0.28410438321209897     
  0.44244817085815646     
  0.59712530048924806     
  0.74664138108406986     
  0.88963942568988819     
   1.0248447521353907     
   1.1510602744979177     
   1.2671718921549036     
   1.3721562731862353     
   1.4650889489775127     
   1.5451519943593437     
   1.6116409788466450     
   1.6639710236463032     
   1.7016818632040420     
   1.7244418431830975     
   1.7320508075688770     
   1.7244418431830975     
   1.7016818632040420     
   1.6639710236463032     
   1.6116409788466450     
   1.5451519943593437     
   1.4650889489775127     
   1.3721562731862353     
   1.2671718921549036     
   1.1510602744979177     
   1.0248447521353907     
  0.88963942568988819     
  0.74664138108406986     
  0.59712530048924806     
  0.44244817085815646     
  0.28410438321209897     
  0.12422535136636213     
*****  m =    1  l =    2
  0.27706097120266077     
  0.62667235184004200     
  0.95652062513412150     
   1.2533567068469473     
   1.5064547330903642     
   1.7068336524746313     
   1.8474198202159950     
   1.9232584809835671     
   1.9316755714717786     
   1.8723667424894965     
   1.7474058545224149     
   1.5611711324636970     
   1.3201909912578089     
   1.0329146926894133     
  0.70941576149847108     
  0.36103850465733350     
   0.0000000000000000     
 -0.36103850465733350     
 -0.70941576149847108     
  -1.0329146926894133     
  -1.3201909912578089     
  -1.5611711324636970     
  -1.7474058545224149     
  -1.8723667424894965     
  -1.9316755714717786     
  -1.9232584809835671     
  -1.8474198202159950     
  -1.7068336524746313     
  -1.5064547330903642     
  -1.2533567068469473     
 -0.95652062513412150     
 -0.62667235184004200     
 -0.27706097120266077     
*****  m =    1  l =    3
  0.46181999562326315     
   1.0272703970476320     
   1.5204564444445832     
   1.9023062364244714     
   2.1447595483454407     
   2.2309976826713953     
   2.1564824519958150     
   1.9292283885014312     
   1.5691317742465580     
   1.1063794167752066     
  0.57905438257853137     
   3.0124413156451691E-002
 -0.49595108234993662     
 -0.95672900030872265     
  -1.3151297634169539     
  -1.5423606228047544     
  -1.6201851746019647     
  -1.5423606228047544     
  -1.3151297634169539     
 -0.95672900030872265     
 -0.49595108234993662     
   3.0124413156451691E-002
  0.57905438257853137     
   1.1063794167752066     
   1.5691317742465580     
   1.9292283885014312     
   2.1564824519958150     
   2.2309976826713953     
   2.1447595483454407     
   1.9023062364244714     
   1.5204564444445832     
   1.0272703970476320     
  0.46181999562326315     
*****  m =    1  l =    4
  0.67254875228230959     
   1.4627523778313498     
   2.0754333873212705     
   2.4315297734125876     
   2.4900692574316028     
   2.2506299817930788     
   1.7527191347602629     
   1.0699555766616282     
  0.29964075456205674     
 -0.45087187620179919     
  -1.0791228331336153     
  -1.5017333523011502     
  -1.6658639361430685     
  -1.5563567863716268     
  -1.1975764584503401     
 -0.64970235737937099     
  -0.0000000000000000     
  0.64970235737937099     
   1.1975764584503401     
   1.5563567863716268     
   1.6658639361430685     
   1.5017333523011502     
   1.0791228331336153     
  0.45087187620179919     
 -0.29964075456205674     
  -1.0699555766616282     
  -1.7527191347602629     
  -2.2506299817930788     
  -2.4900692574316028     
  -2.4315297734125876     
  -2.0754333873212705     
  -1.4627523778313498     
 -0.67254875228230959     
*****  m =    1  l =    5
  0.90475719799530274     
   1.9125689029532664     
   2.5685564428774783     
   2.7504600580346734     
   2.4378121802522039     
   1.7110176374611119     
  0.73262679164038236     
 -0.28812638607252927     
  -1.1401747251489385     
  -1.6552707699180338     
  -1.7428963316029997     
  -1.4080125363635931     
 -0.74796398642954420     
   7.0632722067441631E-002
  0.84986033049912990     
   1.4049764781475373     
   1.6056540723331405     
   1.4049764781475373     
  0.84986033049912990     
   7.0632722067441631E-002
 -0.74796398642954420     
  -1.4080125363635931     
  -1.7428963316029997     
  -1.6552707699180338     
  -1.1401747251489385     
 -0.28812638607252927     
  0.73262679164038236     
   1.7110176374611119     
   2.4378121802522039     
   2.7504600580346734     
   2.5685564428774783     
   1.9125689029532664     
  0.90475719799530274     
*****  m =    1  l =    6
   1.1547510912263594     
   2.3577731003756668     
   2.9540840487491322     
   2.7987913185572881     
   1.9680603263390735     
  0.72754412986757511     
 -0.55053162795375632     
  -1.5000310554424416     
  -1.8693655840856223     
  -1.5930435228436546     
 -0.80513009443222161     
  0.20858333560596351     
   1.1040546399314364     
   1.5885623560943321     
   1.5121321025021168     
  0.91250400040960877     
   0.0000000000000000     
 -0.91250400040960877     
  -1.5121321025021168     
  -1.5885623560943321     
  -1.1040546399314364     
 -0.20858333560596351     
  0.80513009443222161     
   1.5930435228436546     
   1.8693655840856223     
   1.5000310554424416     
  0.55053162795375632     
 -0.72754412986757511     
  -1.9680603263390735     
  -2.7987913185572881     
  -2.9540840487491322     
  -2.3577731003756668     
  -1.1547510912263594     
*****  m =    1  l =    7
   1.4192980691937431     
   2.7807501946922377     
   3.1953564753818657     
   2.5526752408836453     
   1.1483904955068225     
 -0.44795415282780976     
  -1.6250860248376604     
  -1.9718769155530784     
  -1.4317169649252499     
 -0.30885448793397724     
  0.87235721895720864     
   1.5939704933125143     
   1.5610483461909792     
  0.81843085462021870     
 -0.27921287810655232     
  -1.2287721319920073     
  -1.6010860571811871     
  -1.2287721319920073     
 -0.27921287810655232     
  0.81843085462021870     
   1.5610483461909792     
   1.5939704933125143     
  0.87235721895720864     
 -0.30885448793397724     
  -1.4317169649252499     
  -1.9718769155530784     
  -1.6250860248376604     
 -0.44795415282780976     
   1.1483904955068225     
   2.5526752408836453     
   3.1953564753818657     
   2.7807501946922377     
   1.4192980691937431     
*****  m =    1  l =    8
   1.6954546943466220     
   3.1652822140601389     
   3.2666881069317215     
   2.0271447207519895     
  0.12027084687299953     
  -1.4994704289828855     
  -2.0861940398695658     
  -1.4671010413046464     
  -9.7740960530411453E-002
   1.2109338849462463     
   1.7397901869722161     
   1.2408190910002725     
   4.8503751340349927E-002
  -1.1285457254512645     
  -1.6140904792210062     
  -1.1422993086173800     
  -0.0000000000000000     
   1.1422993086173800     
   1.6140904792210062     
   1.1285457254512645     
  -4.8503751340349927E-002
  -1.2408190910002725     
  -1.7397901869722161     
  -1.2109338849462463     
   9.7740960530411453E-002
   1.4671010413046464     
   2.0861940398695658     
   1.4994704289828855     
 -0.12027084687299953     
  -2.0271447207519895     
  -3.2666881069317215     
  -3.1652822140601389     
  -1.6954546943466220     
*****  m =    1  l =    9
   1.9804708928651171     
   3.4967537616149116     
   3.1547980938062432     
   1.2740540674528100     
 -0.92889428137183228     
  -2.1377597077594732     
  -1.7562990069786788     
 -0.23336823861722558     
   1.2960366972348267     
   1.7933060655058788     
  0.99338653264330956     
 -0.46540456361894439     
  -1.5233919639782316     
  -1.4469265803942610     
 -0.32581078715241613     
   1.0123254408627356     
   1.5990834471952207     
   1.0123254408627356     
 -0.32581078715241613     
  -1.4469265803942610     
  -1.5233919639782316     
 -0.46540456361894439     
  0.99338653264330956     
   1.7933060655058788     
   1.2960366972348267     
 -0.23336823861722558     
  -1.7562990069786788     
  -2.1377597077594732     
 -0.92889428137183228     
   1.2740540674528100     
   3.1547980938062432     
   3.4967537616149116     
   1.9804708928651171     
*****  m =    1  l =   10
   2.2717349224326875     
   3.7624081521391513     
   2.8595502786929567     
  0.37560068915173589     
  -1.8028150696958374     
  -2.1841728984632436     
 -0.75809642414933776     
   1.1157145847973187     
   1.8714340125796560     
  0.98712335815298224     
 -0.67450764920499551     
  -1.6618889419155394     
  -1.1688369536541361     
  0.32114219100333785     
   1.4907040717858882     
   1.3315676966448902     
   0.0000000000000000     
  -1.3315676966448902     
  -1.4907040717858882     
 -0.32114219100333785     
   1.1688369536541361     
   1.6618889419155394     
  0.67450764920499551     
 -0.98712335815298224     
  -1.8714340125796560     
  -1.1157145847973187     
  0.75809642414933776     
   2.1841728984632436     
   1.8028150696958374     
 -0.37560068915173589     
  -2.8595502786929567     
  -3.7624081521391513     
  -2.2717349224326875     
*****  m =    1  l =   11
   2.5667412175179956     
   3.9516060485774860     
   2.3938878833778690     
 -0.56586693488030726     
  -2.3352886702716185     
  -1.6234245507561254     
  0.52903183729382597     
   1.9058090660830427     
   1.2644104258480364     
 -0.58359788450407191     
  -1.7145290101438979     
  -1.0414367865977949     
  0.66333565411129747     
   1.6248346611227378     
  0.88318234191807599     
 -0.76152900077786789     
  -1.5980310723216453     
 -0.76152900077786789     
  0.88318234191807599     
   1.6248346611227378     
  0.66333565411129747     
  -1.0414367865977949     
  -1.7145290101438979     
 -0.58359788450407191     
   1.2644104258480364     
   1.9058090660830427     
  0.52903183729382597     
  -1.6234245507561254     
  -2.3352886702716185     
 -0.56586693488030726     
   2.3938878833778690     
   3.9516060485774860     
   2.5667412175179956     
*****  m =    1  l =   12
   2.8630719432443708     
   4.0560582332089758     
   1.7829326539523778     
  -1.4405474897749138     
  -2.4234630504769306     
 -0.61004217830758611     
   1.6129226521013771     
   1.7404593400194623     
 -0.14200599210779055     
  -1.7007678546672611     
  -1.1596444043476972     
  0.71744734630295415     
   1.6555375951277798     
  0.58351867841660643     
  -1.1597770136975827     
  -1.4738814322926366     
  -0.0000000000000000     
   1.4738814322926366     
   1.1597770136975827     
 -0.58351867841660643     
  -1.6555375951277798     
 -0.71744734630295415     
   1.1596444043476972     
   1.7007678546672611     
  0.14200599210779055     
  -1.7404593400194623     
  -1.6129226521013771     
  0.61004217830758611     
   2.4234630504769306     
   1.4405474897749138     
  -1.7829326539523778     
  -4.0560582332089758     
  -2.8630719432443708     
*****  m =    1  l =   13
   3.1583871548868676     
   4.0700142581394143     
   1.0622887514093939     
  -2.1448504565550963     
  -2.0488320772814230     
  0.57361595835777157     
   2.0775269697183516     
  0.70177895032173021     
  -1.4579712409619510     
  -1.4970180778625128     
  0.47401979006127903     
   1.6908352295293234     
  0.55260325199558613     
  -1.2995012281272333     
  -1.3162596801991862     
  0.48461574962724890     
   1.5974105981874727     
  0.48461574962724890     
  -1.3162596801991862     
  -1.2995012281272333     
  0.55260325199558613     
   1.6908352295293234     
  0.47401979006127903     
  -1.4970180778625128     
  -1.4579712409619510     
  0.70177895032173021     
   2.0775269697183516     
  0.57361595835777157     
  -2.0488320772814230     
  -2.1448504565550963     
   1.0622887514093939     
   4.0700142581394143     
   3.1583871548868676     
*****  m =    1  l =   14
   3.4504205531049630     
   3.9903947791305199     
  0.27565261078335068     
  -2.5943501882387316     
  -1.2817773641373695     
   1.5960816398381497     
   1.7436572313479091     
 -0.68912751330344524     
  -1.8497480910068773     
 -0.13035344432366394     
   1.6659337953189091     
  0.81371695264163235     
  -1.2493697210502681     
  -1.3062320133009833     
  0.66767209053135013     
   1.5643523909460093     
   0.0000000000000000     
  -1.5643523909460093     
 -0.66767209053135013     
   1.3062320133009833     
   1.2493697210502681     
 -0.81371695264163235     
  -1.6659337953189091     
  0.13035344432366394     
   1.8497480910068773     
  0.68912751330344524     
  -1.7436572313479091     
  -1.5960816398381497     
   1.2817773641373695     
   2.5943501882387316     
 -0.27565261078335068     
  -3.9903947791305199     
  -3.4504205531049630     
*****  m =    1  l =   15
   3.7369789691086450     
   3.8168595769517824     
 -0.52811915807723353     
  -2.7344325097783124     
 -0.26868375049392229     
   2.1700146239837075     
  0.73903255230215159     
  -1.7332017431434459     
  -1.0686738653246266     
   1.3372862457853416     
   1.3062550369727364     
 -0.95382974927516739     
  -1.4693837073699276     
  0.57272199025685278     
   1.5653102577076652     
 -0.19106156908712402     
  -1.5970143658613505     
 -0.19106156908712402     
   1.5653102577076652     
  0.57272199025685278     
  -1.4693837073699276     
 -0.95382974927516739     
   1.3062550369727364     
   1.3372862457853416     
  -1.0686738653246266     
  -1.7332017431434459     
  0.73903255230215159     
   2.1700146239837075     
 -0.26868375049392229     
  -2.7344325097783124     
 -0.52811915807723353     
   3.8168595769517824     
   3.7369789691086450     
*****  m =    1  l =   16
   4.0159443717715639     
   3.5518065635679550     
  -1.2982927492849747     
  -2.5473127792531725     
  0.79592910679706863     
   2.1335012661278911     
 -0.54999205679239516     
  -1.9050210057462280     
  0.39013337465525583     
   1.7648628319284094     
 -0.27006160357322806     
  -1.6767945401519282     
  0.17094834798269570     
   1.6244199825555961     
  -8.3008243508136556E-002
  -1.5998662195667199     
  -0.0000000000000000     
   1.5998662195667199     
   8.3008243508136556E-002
  -1.6244199825555961     
 -0.17094834798269570     
   1.6767945401519282     
  0.27006160357322806     
  -1.7648628319284094     
 -0.39013337465525583     
   1.9050210057462280     
  0.54999205679239516     
  -2.1335012661278911     
 -0.79592910679706863     
   2.5473127792531725     
   1.2982927492849747     
  -3.5518065635679550     
  -4.0159443717715639     
*****  m =    1  l =   17
   4.2852775836242607     
   3.2002998825939009     
  -1.9856746006337980     
  -2.0545461848461466     
   1.7068680077859864     
   1.4962433490879175     
  -1.6268280535317230     
  -1.1177736559825557     
   1.6011192523140938     
  0.81972936921217110     
  -1.5945067011158354     
 -0.56362159080537089     
   1.5945499763280468     
  0.33045536598771746     
  -1.5960395199658461     
 -0.10895473591612211     
   1.5967460277319492     
 -0.10895473591612211     
  -1.5960395199658461     
  0.33045536598771746     
   1.5945499763280468     
 -0.56362159080537089     
  -1.5945067011158354     
  0.81972936921217110     
   1.6011192523140938     
  -1.1177736559825557     
  -1.6268280535317230     
   1.4962433490879175     
   1.7068680077859864     
  -2.0545461848461466     
  -1.9856746006337980     
   3.2002998825939009     
   4.2852775836242607     
*****  m =    1  l =   18
   4.5430231388152968     
   2.7699277318966753     
  -2.5459365027237202     
  -1.3147031592648499     
   2.2880282493896864     
  0.43736067794210121     
  -2.0761039046881584     
  0.23234549822298772     
   1.7955229157104267     
 -0.76298644608433275     
  -1.4329376445105282     
   1.1666227018637343     
  0.99872381044800440     
  -1.4405036474352992     
 -0.51282295534651634     
   1.5792142905362176     
   0.0000000000000000     
  -1.5792142905362176     
  0.51282295534651634     
   1.4405036474352992     
 -0.99872381044800440     
  -1.1666227018637343     
   1.4329376445105282     
  0.76298644608433275     
  -1.7955229157104267     
 -0.23234549822298772     
   2.0761039046881584     
 -0.43736067794210121     
  -2.2880282493896864     
   1.3147031592648499     
   2.5459365027237202     
  -2.7699277318966753     
  -4.5430231388152968     
*****  m =    1  l =   19
   4.7873148747471896     
   2.2705928342130433     
  -2.9426266720366847     
 -0.41647704631470345     
   2.4266865704125342     
 -0.74476446327706081     
  -1.7242042718838180     
   1.4652333748035564     
  0.84975089080876143     
  -1.7518145631134718     
   6.4096426699897235E-002
   1.6189290987741527     
 -0.86185482261241719     
  -1.1310425428526243     
   1.4044297149166909     
  0.40497668753289617     
  -1.5965559276029666     
  0.40497668753289617     
   1.4044297149166909     
  -1.1310425428526243     
 -0.86185482261241719     
   1.6189290987741527     
   6.4096426699897235E-002
  -1.7518145631134718     
  0.84975089080876143     
   1.4652333748035564     
  -1.7242042718838180     
 -0.74476446327706081     
   2.4266865704125342     
 -0.41647704631470345     
  -2.9426266720366847     
   2.2705928342130433     
   4.7873148747471896     
*****  m =    1  l =   20
   5.0163819544399084     
   1.7142405760383523     
  -3.1496651851862998     
  0.53194573881029550     
   2.0955981357464548     
  -1.7165470266942786     
 -0.70669574020117754     
   1.9594692892496210     
 -0.63564738818030520     
  -1.3771624524648103     
   1.5012330505447264     
  0.29789650092183267     
  -1.6306780427754830     
  0.81179195342398702     
   1.0369445807952720     
  -1.5031457862163167     
  -0.0000000000000000     
   1.5031457862163167     
  -1.0369445807952720     
 -0.81179195342398702     
   1.6306780427754830     
 -0.29789650092183267     
  -1.5012330505447264     
   1.3771624524648103     
  0.63564738818030520     
  -1.9594692892496210     
  0.70669574020117754     
   1.7165470266942786     
  -2.0955981357464548     
 -0.53194573881029550     
   3.1496651851862998     
  -1.7142405760383523     
  -5.0163819544399084     
*****  m =    1  l =   21
   5.2285550886379406     
   1.1145317149373946     
  -3.1531558976226246     
   1.4159603584102327     
   1.3585339758080490     
  -2.2034378870853160     
  0.58365985627568129     
   1.4657398207753694     
  -1.7170972233982136     
   6.9423839668932799E-002
   1.5387586051051168     
  -1.3493491577673347     
 -0.33400111544612943     
   1.5820493079322200     
  -1.0173231088537433     
 -0.68666336765351821     
   1.5964163624182426     
 -0.68666336765351821     
  -1.0173231088537433     
   1.5820493079322200     
 -0.33400111544612943     
  -1.3493491577673347     
   1.5387586051051168     
   6.9423839668932799E-002
  -1.7170972233982136     
   1.4657398207753694     
  0.58365985627568129     
  -2.2034378870853160     
   1.3585339758080490     
   1.4159603584102327     
  -3.1531558976226246     
   1.1145317149373946     
   5.2285550886379406     
*****  m =    1  l =   22
   5.4222727771827328     
  0.48646819728534296     
  -2.9523920447577123     
   2.1284656992655981     
  0.35811929674919318     
  -2.0676594828347001     
   1.6484217635834757     
  0.23287015848110598     
  -1.7074178694524300     
   1.4618546265965815     
  0.14167125309735554     
  -1.5182271932892515     
   1.3856491563958651     
   6.7333808531510053E-002
  -1.4164984503550582     
   1.3743460833193044     
   0.0000000000000000     
  -1.3743460833193044     
   1.4164984503550582     
  -6.7333808531510053E-002
  -1.3856491563958651     
   1.5182271932892515     
 -0.14167125309735554     
  -1.4618546265965815     
   1.7074178694524300     
 -0.23287015848110598     
  -1.6484217635834757     
   2.0676594828347001     
 -0.35811929674919318     
  -2.1284656992655981     
   2.9523920447577123     
 -0.48646819728534296     
  -5.4222727771827328     
*****  m =    1  l =   23
   5.5960874255762958     
 -0.15401799542962322     
  -2.5599861292159138     
   2.5829277731719720     
 -0.71171128646844029     
  -1.3473703772323911     
   2.0760568180710388     
  -1.1173805290309942     
 -0.61267171044073720     
   1.7160186577365328     
  -1.3874176071744613     
  -2.3736062158323079E-002
   1.3499352069274424     
  -1.5445332842127060     
  0.48869894262166880     
  0.94416369852806836     
  -1.5963108874511673     
  0.94416369852806836     
  0.48869894262166880     
  -1.5445332842127060     
   1.3499352069274424     
  -2.3736062158323079E-002
  -1.3874176071744613     
   1.7160186577365328     
 -0.61267171044073720     
  -1.1173805290309942     
   2.0760568180710388     
  -1.3473703772323911     
 -0.71171128646844029     
   2.5829277731719720     
  -2.5599861292159138     
 -0.15401799542962322     
   5.5960874255762958     
*****  m =    1  l =   24
   5.7486712196166385     
 -0.79050196998918765     
  -2.0011128680749590     
   2.7239786894721396     
  -1.6433139556511711     
 -0.24608137252314796     
   1.7011338081163574     
  -1.9038269715647098     
  0.87141849417657524     
  0.63397007475180200     
  -1.6226970787085226     
   1.4966749126205259     
 -0.39585546866688825     
 -0.92544197754402879     
   1.5987605124322879     
  -1.1973450311495293     
  -0.0000000000000000     
   1.1973450311495293     
  -1.5987605124322879     
  0.92544197754402879     
  0.39585546866688825     
  -1.4966749126205259     
   1.6226970787085226     
 -0.63397007475180200     
 -0.87141849417657524     
   1.9038269715647098     
  -1.7011338081163574     
  0.24608137252314796     
   1.6433139556511711     
  -2.7239786894721396     
   2.0011128680749590     
  0.79050196998918765     
  -5.7486712196166385     
*****  m =    1  l =   25
   5.8788216615003215     
  -1.4065172442915554     
  -1.3119130262039191     
   2.5342436441240230     
  -2.2556862531176090     
  0.92476737931959152     
  0.66847725447279538     
  -1.7295811072140188     
   1.8015018667478930     
 -0.94171526255118509     
 -0.34475382401924282     
   1.3770926019022429     
  -1.6400752063802646     
   1.0303233676426982     
  0.10782778248871169     
  -1.1684674958988146     
   1.5962292409847332     
  -1.1684674958988146     
  0.10782778248871169     
   1.0303233676426982     
  -1.6400752063802646     
   1.3770926019022429     
 -0.34475382401924282     
 -0.94171526255118509     
   1.8015018667478930     
  -1.7295811072140188     
  0.66847725447279538     
  0.92476737931959152     
  -2.2556862531176090     
   2.5342436441240230     
  -1.3119130262039191     
  -1.4065172442915554     
   5.8788216615003215     
*****  m =    1  l =   26
   5.9854666868466744     
  -1.9860090625960733     
 -0.53716195417152812     
   2.0365478113678432     
  -2.4297084956278736     
   1.8338702647179472     
 -0.62265564740403723     
 -0.68248646715009442     
   1.5862680465554611     
  -1.7839287344671870     
   1.2546428030902239     
 -0.25143721768227606     
 -0.80647774869399536     
   1.4977720058696029     
  -1.5584590014807584     
  0.97835948723685673     
   0.0000000000000000     
 -0.97835948723685673     
   1.5584590014807584     
  -1.4977720058696029     
  0.80647774869399536     
  0.25143721768227606     
  -1.2546428030902239     
   1.7839287344671870     
  -1.5862680465554611     
  0.68248646715009442     
  0.62265564740403723     
  -1.8338702647179472     
   2.4297084956278736     
  -2.0365478113678432     
  0.53716195417152812     
   1.9860090625960733     
  -5.9854666868466744     
*****  m =    1  l =   27
   6.0676692950341025     
  -2.5137773998587676     
  0.27264415870670095     
   1.2912196435397816     
  -2.1313963510025968     
   2.2238473717944207     
  -1.6728903322353010     
  0.70903657526776698     
  0.36250396842050547     
  -1.2367017339712032     
   1.6838567658011205     
  -1.6043778025824389     
   1.0488157306632553     
 -0.19826322225672027     
 -0.68923869459718845     
   1.3517243199361297     
  -1.5961647507824570     
   1.3517243199361297     
 -0.68923869459718845     
 -0.19826322225672027     
   1.0488157306632553     
  -1.6043778025824389     
   1.6838567658011205     
  -1.2367017339712032     
  0.36250396842050547     
  0.70903657526776698     
  -1.6728903322353010     
   2.2238473717944207     
  -2.1313963510025968     
   1.2912196435397816     
  0.27264415870670095     
  -2.5137773998587676     
   6.0676692950341025     
*****  m =    1  l =   28
   6.1246316359586244     
  -2.9758975969167185     
   1.0645922041875155     
  0.38880772800983243     
  -1.4186103608686482     
   1.9841882724931725     
  -2.0759007568002632     
   1.7425966651717495     
  -1.0917129689517580     
  0.27376600993691669     
  0.54256704045665327     
  -1.1991423653990860     
   1.5752612912466093     
  -1.6078499228834355     
   1.3012772554101424     
 -0.72507614543619947     
  -0.0000000000000000     
  0.72507614543619947     
  -1.3012772554101424     
   1.6078499228834355     
  -1.5752612912466093     
   1.1991423653990860     
 -0.54256704045665327     
 -0.27376600993691669     
   1.0917129689517580     
  -1.7425966651717495     
   2.0759007568002632     
  -1.9841882724931725     
   1.4186103608686482     
 -0.38880772800983243     
  -1.0645922041875155     
   2.9758975969167185     
  -6.1246316359586244     
*****  m =    1  l =   29
   6.1556985054545299     
  -3.3601071467206611     
   1.7868277464263933     
 -0.56090867270471012     
 -0.42988731652865148     
   1.1826499211680925     
  -1.6756839489510449     
   1.8963915372014208     
  -1.8516678084012395     
   1.5709379355527129     
  -1.1047441951292518     
  0.52017704343465931     
  0.10589356182420565     
 -0.69484918709194310     
   1.1746513215572705     
  -1.4875203389532097     
   1.5961129264102687     
  -1.4875203389532097     
   1.1746513215572705     
 -0.69484918709194310     
  0.10589356182420565     
  0.52017704343465931     
  -1.1047441951292518     
   1.5709379355527129     
  -1.8516678084012395     
   1.8963915372014208     
  -1.6756839489510449     
   1.1826499211680925     
 -0.42988731652865148     
 -0.56090867270471012     
   1.7868277464263933     
  -3.3601071467206611     
   6.1556985054545299     
*****  m =    1  l =   30
   6.1603602095930929     
  -3.6561480470673016     
   2.3919718837136803     
  -1.4422791404497954     
  0.64245622885619458     
   4.6166274617843298E-002
 -0.62703339679074033     
   1.0927194600503607     
  -1.4340541384427294     
   1.6443473051197146     
  -1.7215614533818950     
   1.6693873206948633     
  -1.4975968847007204     
   1.2218490534692703     
 -0.86305416008069291     
  0.44638252087576036     
   0.0000000000000000     
 -0.44638252087576036     
  0.86305416008069291     
  -1.2218490534692703     
   1.4975968847007204     
  -1.6693873206948633     
   1.7215614533818950     
  -1.6443473051197146     
   1.4340541384427294     
  -1.0927194600503607     
  0.62703339679074033     
  -4.6166274617843298E-002
 -0.64245622885619458     
   1.4422791404497954     
  -2.3919718837136803     
   3.6561480470673016     
  -6.1603602095930929     
*****  m =    1  l =   31
   6.1382547652040937     
  -3.8560553224494831     
   2.8402523842041125     
  -2.1478823039005879     
   1.5897267887715307     
  -1.1033654419376235     
  0.66426329237751136     
 -0.26267692859798941     
 -0.10442593962024303     
  0.43678817445607698     
 -0.73252931495924822     
  0.98905130373839545     
  -1.2035763520552389     
   1.3734885557626699     
  -1.4965603219235371     
   1.5711041329524946     
  -1.5960706559107467     
   1.5711041329524946     
  -1.4965603219235371     
   1.3734885557626699     
  -1.2035763520552389     
  0.98905130373839545     
 -0.73252931495924822     
  0.43678817445607698     
 -0.10442593962024303     
 -0.26267692859798941     
  0.66426329237751136     
  -1.1033654419376235     
   1.5897267887715307     
  -2.1478823039005879     
   2.8402523842041125     
  -3.8560553224494831     
   6.1382547652040937     
*****  m =    1  l =   32
   6.0891694104629384     
  -3.9543837640771331     
   3.1021406053136400     
  -2.5916434772347738     
   2.2274849369768313     
  -1.9402554972157531     
   1.6984189727093717     
  -1.4853974913104460     
   1.2915864833659663     
  -1.1110191189162595     
  0.93978618619402099     
 -0.77521391392872296     
  0.61540315726046291     
 -0.45895435828190212     
  0.30479357926708994     
 -0.15205565397828097     
  -0.0000000000000000     
  0.15205565397828097     
 -0.30479357926708994     
  0.45895435828190212     
 -0.61540315726046291     
  0.77521391392872296     
 -0.93978618619402099     
   1.1110191189162595     
  -1.2915864833659663     
   1.4853974913104460     
  -1.6984189727093717     
   1.9402554972157531     
  -2.2274849369768313     
   2.5916434772347738     
  -3.1021406053136400     
   3.9543837640771331     
  -6.0891694104629384     
*****  m =    2  l =    2
   9.9612730953308366E-003
   5.2101502475712241E-002
  0.12636278444588780     
  0.23015760242910127     
  0.35984750134094173     
  0.51088414085027145     
  0.67797010217456377     
  0.85524493464750961     
   1.0364907751538810     
   1.2153504609618744     
   1.3855505152881431     
   1.5411211927948190     
   1.6766058697626720     
   1.7872524356745869     
   1.8691799736198120     
   1.9195148834248714     
   1.9364916731037083     
   1.9195148834248714     
   1.8691799736198120     
   1.7872524356745869     
   1.6766058697626720     
   1.5411211927948190     
   1.3855505152881431     
   1.2153504609618744     
   1.0364907751538810     
  0.85524493464750961     
  0.67797010217456377     
  0.51088414085027145     
  0.35984750134094173     
  0.23015760242910127     
  0.12636278444588780     
   5.2101502475712241E-002
   9.9612730953308366E-003
*****  m =    2  l =    3
   2.6287179036462622E-002
  0.13598057260035554     
  0.32323258840129154     
  0.57160834322278109     
  0.85906601672211302     
   1.1597479539781359     
   1.4460458960626725     
   1.6908073185149086     
   1.8695113908734033     
   1.9622434627409886     
   1.9553124968128301     
   1.8423838411031788     
   1.6250377845695712     
   1.3127094488563498     
  0.92201418003774638     
  0.47551089399533952     
   0.0000000000000000     
 -0.47551089399533952     
 -0.92201418003774638     
  -1.3127094488563498     
  -1.6250377845695712     
  -1.8423838411031788     
  -1.9553124968128301     
  -1.9622434627409886     
  -1.8695113908734033     
  -1.6908073185149086     
  -1.4460458960626725     
  -1.1597479539781359     
 -0.85906601672211302     
 -0.57160834322278109     
 -0.32323258840129154     
 -0.13598057260035554     
  -2.6287179036462622E-002
*****  m =    2  l =    4
   5.1449663803422328E-002
  0.26222941081446749     
  0.60661394010221492     
   1.0301037594200968     
   1.4644539446048797     
   1.8375644711176518     
   2.0839243599195090     
   2.1542014497066240     
   2.0226319989650530     
   1.6911646348243499     
   1.1897628457558063     
  0.57280388577800678     
  -8.7944939243355447E-002
 -0.71281470031444727     
  -1.2248856999643412     
  -1.5603345783892304     
  -1.6770509831248421     
  -1.5603345783892304     
  -1.2248856999643412     
 -0.71281470031444727     
  -8.7944939243355447E-002
  0.57280388577800678     
   1.1897628457558063     
   1.6911646348243499     
   2.0226319989650530     
   2.1542014497066240     
   2.0839243599195090     
   1.8375644711176518     
   1.4644539446048797     
   1.0301037594200968     
  0.60661394010221492     
  0.26222941081446749     
   5.1449663803422328E-002
*****  m =    2  l =    5
   8.6511995147221674E-002
  0.43279537753113734     
  0.96710961576957288     
   1.5578266269844627     
   2.0550232086518898     
   2.3242968798677994     
   2.2773604182241836     
   1.8927924642295766     
   1.2223459526794591     
  0.38132850819707348     
 -0.47498242602854568     
  -1.1838923480581227     
  -1.6098496575486927     
  -1.6735862094883132     
  -1.3695465013373600     
 -0.76780660021377767     
  -0.0000000000000000     
  0.76780660021377767     
   1.3695465013373600     
   1.6735862094883132     
   1.6098496575486927     
   1.1838923480581227     
  0.47498242602854568     
 -0.38132850819707348     
  -1.2223459526794591     
  -1.8927924642295766     
  -2.2773604182241836     
  -2.3242968798677994     
  -2.0550232086518898     
  -1.5578266269844627     
 -0.96710961576957288     
 -0.43279537753113734     
  -8.6511995147221674E-002
*****  m =    2  l =    6
  0.13231843539840918     
  0.64720332435289285     
   1.3859802959087657     
   2.0883464789692447     
   2.4940368634686654     
   2.4266975999917353     
   1.8521029481204432     
  0.89250603615488566     
 -0.20768126328906111     
  -1.1546148171539115     
  -1.6939340632497550     
  -1.6885234535201576     
  -1.1610754887584602     
 -0.28813958865608186     
  0.65279294068887528     
   1.3671850962948886     
   1.6327938097016410     
   1.3671850962948886     
  0.65279294068887528     
 -0.28813958865608186     
  -1.1610754887584602     
  -1.6885234535201576     
  -1.6939340632497550     
  -1.1546148171539115     
 -0.20768126328906111     
  0.89250603615488566     
   1.8521029481204432     
   2.4266975999917353     
   2.4940368634686654     
   2.0883464789692447     
   1.3859802959087657     
  0.64720332435289285     
  0.13231843539840918     
*****  m =    2  l =    7
  0.18954231491238502     
  0.90282605464992560     
   1.8370835238836136     
   2.5466879757024818     
   2.6609576830507162     
   2.0454898070708825     
  0.86553698916378874     
 -0.47561402913319167     
  -1.4984115093056072     
  -1.8422375091462375     
  -1.4131117596957610     
 -0.42240994702761409     
  0.69983885993761485     
   1.4815209550783781     
   1.6019879460173896     
   1.0225598152831998     
   0.0000000000000000     
  -1.0225598152831998     
  -1.6019879460173896     
  -1.4815209550783781     
 -0.69983885993761485     
  0.42240994702761409     
   1.4131117596957610     
   1.8422375091462375     
   1.4984115093056072     
  0.47561402913319167     
 -0.86553698916378874     
  -2.0454898070708825     
  -2.6609576830507162     
  -2.5466879757024818     
  -1.8370835238836136     
 -0.90282605464992560     
 -0.18954231491238502     
*****  m =    2  l =    8
  0.25870522146030517     
   1.1950646650721242     
   2.2890060785009854     
   2.8601003931536195     
   2.4799040967383066     
   1.2148775653890016     
 -0.39573184055532640     
  -1.6165446591160337     
  -1.9002325186885294     
  -1.1741621916435656     
  0.12369328357766071     
   1.2787286153382946     
   1.6783948166388671     
   1.1332386237659577     
  -3.0754401214045778E-002
  -1.1565952644057178     
  -1.6170176541244066     
  -1.1565952644057178     
  -3.0754401214045778E-002
   1.1332386237659577     
   1.6783948166388671     
   1.2787286153382946     
  0.12369328357766071     
  -1.1741621916435656     
  -1.9002325186885294     
  -1.6165446591160337     
 -0.39573184055532640     
   1.2148775653890016     
   2.4799040967383066     
   2.8601003931536195     
   2.2890060785009854     
   1.1950646650721242     
  0.25870522146030517     
*****  m =    2  l =    9
  0.34018789851003012     
   1.5175427830373389     
   2.7075094442241823     
   2.9686202801272454     
   1.9393772590881144     
  0.10275098116432739     
  -1.5132986704475426     
  -2.0014759138917482     
  -1.1645887843636189     
  0.36270805348768070     
   1.5390341761421367     
   1.6030499433782659     
  0.56403282731879645     
 -0.82753538114598457     
  -1.6032950147340443     
  -1.2376959381037325     
  -0.0000000000000000     
   1.2376959381037325     
   1.6032950147340443     
  0.82753538114598457     
 -0.56403282731879645     
  -1.6030499433782659     
  -1.5390341761421367     
 -0.36270805348768070     
   1.1645887843636189     
   2.0014759138917482     
   1.5132986704475426     
 -0.10275098116432739     
  -1.9393772590881144     
  -2.9686202801272454     
  -2.7075094442241823     
  -1.5175427830373389     
 -0.34018789851003012     
*****  m =    2  l =   10
  0.43423744541731168     
   1.8623335303977626     
   3.0581755342182202     
   2.8341379725340095     
   1.0990859939918385     
  -1.0295481205030734     
  -2.0932181761604007     
  -1.4398899733981556     
  0.27288879366493118     
   1.6199966583309586     
   1.5504464907189173     
  0.20386116365753518     
  -1.2494150029049960     
  -1.5963693199918492     
 -0.57878625570954734     
  0.91501071593702943     
   1.6095693526457819     
  0.91501071593702943     
 -0.57878625570954734     
  -1.5963693199918492     
  -1.2494150029049960     
  0.20386116365753518     
   1.5504464907189173     
   1.6199966583309586     
  0.27288879366493118     
  -1.4398899733981556     
  -2.0932181761604007     
  -1.0295481205030734     
   1.0990859939918385     
   2.8341379725340095     
   3.0581755342182202     
   1.8623335303977626     
  0.43423744541731168     
*****  m =    2  l =   11
  0.54097261665576146     
   2.2202222698201357     
   3.3090880647783902     
   2.4467873730602894     
   8.2159690002298447E-002
  -1.8972177718936485     
  -1.9204220871927431     
 -0.19136047907434348     
   1.5386427433907481     
   1.6471345441980534     
  0.14644916566813987     
  -1.4104739397531969     
  -1.4921006732609357     
  -7.5686623396741343E-002
   1.3786282960046201     
   1.4075842512067640     
   0.0000000000000000     
  -1.4075842512067640     
  -1.3786282960046201     
   7.5686623396741343E-002
   1.4921006732609357     
   1.4104739397531969     
 -0.14644916566813987     
  -1.6471345441980534     
  -1.5386427433907481     
  0.19136047907434348     
   1.9204220871927431     
   1.8972177718936485     
  -8.2159690002298447E-002
  -2.4467873730602894     
  -3.3090880647783902     
  -2.2202222698201357     
 -0.54097261665576146     
*****  m =    2  l =   12
  0.66038812543724790     
   2.5810024275013821     
   3.4333695108858318     
   1.8277867896184070     
 -0.94603787418548047     
  -2.2720584441363978     
  -1.0496673415170972     
   1.1464265264659035     
   1.8536030977933693     
  0.42118954374988210     
  -1.3881786730510286     
  -1.4949441259350551     
  0.13844881708232840     
   1.5497100678308136     
   1.0982081072031320     
 -0.64557943471355028     
  -1.6054580576742485     
 -0.64557943471355028     
   1.0982081072031320     
   1.5497100678308136     
  0.13844881708232840     
  -1.4949441259350551     
  -1.3881786730510286     
  0.42118954374988210     
   1.8536030977933693     
   1.1464265264659035     
  -1.0496673415170972     
  -2.2720584441363978     
 -0.94603787418548047     
   1.8277867896184070     
   3.4333695108858318     
   2.5810024275013821     
  0.66038812543724790     
*****  m =    2  l =   13
  0.79235846991890235     
   2.9337986716053943     
   3.4113971441711777     
   1.0282941720771919     
  -1.8085404236026532     
  -2.0494882578612748     
  0.20509461144706848     
   1.9236314673311015     
   1.0202802142535716     
  -1.1240120043099049     
  -1.6437740839360733     
   4.1436816452823662E-002
   1.5917336456773274     
  0.94568677268768930     
 -0.96177549132132556     
  -1.5270583522600176     
  -0.0000000000000000     
   1.5270583522600176     
  0.96177549132132556     
 -0.94568677268768930     
  -1.5917336456773274     
  -4.1436816452823662E-002
   1.6437740839360733     
   1.1240120043099049     
  -1.0202802142535716     
  -1.9236314673311015     
 -0.20509461144706848     
   2.0494882578612748     
   1.8085404236026532     
  -1.0282941720771919     
  -3.4113971441711777     
  -2.9337986716053943     
 -0.79235846991890235     
*****  m =    2  l =   14
  0.93664160075598235     
   3.2674098645154026     
   3.2325399440521587     
  0.12434071796457036     
  -2.3509126239424480     
  -1.2826350841533898     
   1.3819187357136995     
   1.7580967435493096     
 -0.44606989994148022     
  -1.8057024509448327     
 -0.38457871168941204     
   1.5304168201118806     
   1.0393306049509221     
  -1.0171214807176723     
  -1.4586015773191570     
  0.35583064925080554     
   1.6029475666033024     
  0.35583064925080554     
  -1.4586015773191570     
  -1.0171214807176723     
   1.0393306049509221     
   1.5304168201118806     
 -0.38457871168941204     
  -1.8057024509448327     
 -0.44606989994148022     
   1.7580967435493096     
   1.3819187357136995     
  -1.2826350841533898     
  -2.3509126239424480     
  0.12434071796457036     
   3.2325399440521587     
   3.2674098645154026     
  0.93664160075598235     
*****  m =    2  l =   15
   1.0928826345920029     
   3.5706630088699178     
   2.8962886602679667     
 -0.79159284101838445     
  -2.4721129002971796     
 -0.17271127460258665     
   2.0420891258897806     
  0.72839247767945980     
  -1.6323355821814047     
  -1.0998528893141248     
   1.2279798200247229     
   1.3533375910671641     
 -0.82180303842279756     
  -1.5139927899352748     
  0.41208958441198579     
   1.5923343231961355     
   0.0000000000000000     
  -1.5923343231961355     
 -0.41208958441198579     
   1.5139927899352748     
  0.82180303842279756     
  -1.3533375910671641     
  -1.2279798200247229     
   1.0998528893141248     
   1.6323355821814047     
 -0.72839247767945980     
  -2.0420891258897806     
  0.17271127460258665     
   2.4721129002971796     
  0.79159284101838445     
  -2.8962886602679667     
  -3.5706630088699178     
  -1.0928826345920029     
*****  m =    2  l =   16
   1.2606177477607106     
   3.8327686876995437     
   2.4126914251892040     
  -1.6213571984231441     
  -2.1458304398838002     
  0.98274515893467063     
   1.9364183629568623     
 -0.65966793308423299     
  -1.7965173960125427     
  0.45154387442443400     
   1.7038788167866787     
 -0.29676797860789161     
  -1.6448443472351375     
  0.16924941701794424     
   1.6119023489642079     
  -5.5070925308613378E-002
  -1.6013016604637351     
  -5.5070925308613378E-002
   1.6119023489642079     
  0.16924941701794424     
  -1.6448443472351375     
 -0.29676797860789161     
   1.7038788167866787     
  0.45154387442443400     
  -1.7965173960125427     
 -0.65966793308423299     
   1.9364183629568623     
  0.98274515893467063     
  -2.1458304398838002     
  -1.6213571984231441     
   2.4126914251892040     
   3.8327686876995437     
   1.2606177477607106     
*****  m =    2  l =   17
   1.4392783386652919     
   4.0436681766146556     
   1.8020541189511539     
  -2.2729575113954965     
  -1.4278174376542376     
   1.8700328058310312     
   1.1022535500746660     
  -1.7200865257697453     
 -0.83459972098452195     
   1.6536350427051656     
  0.60264580296476311     
  -1.6221361288536560     
 -0.39193965407678477     
   1.6072935822397973     
  0.19324558663774014     
  -1.6013623458887463     
  -0.0000000000000000     
   1.6013623458887463     
 -0.19324558663774014     
  -1.6072935822397973     
  0.39193965407678477     
   1.6221361288536560     
 -0.60264580296476311     
  -1.6536350427051656     
  0.83459972098452195     
   1.7200865257697453     
  -1.1022535500746660     
  -1.8700328058310312     
   1.4278174376542376     
   2.2729575113954965     
  -1.8020541189511539     
  -4.0436681766146556     
  -1.4392783386652919     
*****  m =    2  l =   18
   1.6281955160407882     
   4.1943624382169329     
   1.0939148821780607     
  -2.6719500380850985     
 -0.44743516181001347     
   2.2457134990530934     
 -0.14746904245737946     
  -1.9264212164758432     
  0.65064616440422274     
   1.5788043528125255     
  -1.0560219065720500     
  -1.1779317280262287     
   1.3548322438189127     
  0.72848314005392845     
  -1.5382790017006649     
 -0.24659468755385008     
   1.6001639681990021     
 -0.24659468755385008     
  -1.5382790017006649     
  0.72848314005392845     
   1.3548322438189127     
  -1.1779317280262287     
  -1.0560219065720500     
   1.5788043528125255     
  0.65064616440422274     
  -1.9264212164758432     
 -0.14746904245737946     
   2.2457134990530934     
 -0.44743516181001347     
  -2.6719500380850985     
   1.0939148821780607     
   4.1943624382169329     
   1.6281955160407882     
*****  m =    2  l =   19
   1.8266049481013329     
   4.2772135666622342     
  0.32535226234598974     
  -2.7709733780779784     
  0.61527388465886945     
   2.0049648012797872     
  -1.3406052352677706     
  -1.1749887082388306     
   1.7258783181183621     
  0.28435824688963618     
  -1.7347280706770563     
  0.55108898194845435     
   1.3895607150386893     
  -1.1997426843187371     
 -0.76972556459718933     
   1.5539811113579731     
   0.0000000000000000     
  -1.5539811113579731     
  0.76972556459718933     
   1.1997426843187371     
  -1.3895607150386893     
 -0.55108898194845435     
   1.7347280706770563     
 -0.28435824688963618     
  -1.7258783181183621     
   1.1749887082388306     
   1.3406052352677706     
  -2.0049648012797872     
 -0.61527388465886945     
   2.7709733780779784     
 -0.32535226234598974     
  -4.2772135666622342     
  -1.8266049481013329     
*****  m =    2  l =   20
   2.0336520912302780     
   4.2862099075385638     
 -0.46126699831990675     
  -2.5561858137644906     
   1.5627948801911231     
   1.2122467638368057     
  -2.0243076304502234     
  0.16116540074726154     
   1.7139754509411238     
  -1.2293017269607958     
 -0.80383320053760543     
   1.6777002401626100     
 -0.33122808216889438     
  -1.3973756594419449     
   1.2491214370251751     
  0.53884484790375164     
  -1.5993446737066068     
  0.53884484790375164     
   1.2491214370251751     
  -1.3973756594419449     
 -0.33122808216889438     
   1.6777002401626100     
 -0.80383320053760543     
  -1.2293017269607958     
   1.7139754509411238     
  0.16116540074726154     
  -2.0243076304502234     
   1.2122467638368057     
   1.5627948801911231     
  -2.5561858137644906     
 -0.46126699831990675     
   4.2862099075385638     
   2.0336520912302780     
*****  m =    2  l =   21
   2.2483978044545458     
   4.2171870071259470     
  -1.2209548011708460     
  -2.0497472670028301     
   2.2173438449472047     
   8.5062997784008804E-002
  -1.9378000451493764     
   1.4163581407077872     
  0.62183054514706004     
  -1.7910006741046740     
  0.87278008251469352     
  0.97178262222126721     
  -1.6326718239109574     
  0.42004445691262499     
   1.2371515866290443     
  -1.4519598548172510     
  -0.0000000000000000     
   1.4519598548172510     
  -1.2371515866290443     
 -0.42004445691262499     
   1.6326718239109574     
 -0.97178262222126721     
 -0.87278008251469352     
   1.7910006741046740     
 -0.62183054514706004     
  -1.4163581407077872     
   1.9378000451493764     
  -8.5062997784008804E-002
  -2.2173438449472047     
   2.0497472670028301     
   1.2209548011708460     
  -4.2171870071259470     
  -2.2483978044545458     
*****  m =    2  l =   22
   2.4698243462442644     
   4.0679977140301675     
  -1.9090072704399639     
  -1.3079636562639683     
   2.4548942949329118     
  -1.0652458601290624     
  -1.1130076743235817     
   1.9638402657610714     
 -0.86217317660698245     
 -0.96557776810900098     
   1.7382208670667325     
 -0.79543696692520327     
 -0.86978539767198093     
   1.6309685752547542     
 -0.78553948442276800     
 -0.81159658556250380     
   1.5987350511673235     
 -0.81159658556250380     
 -0.78553948442276800     
   1.6309685752547542     
 -0.86978539767198093     
 -0.79543696692520327     
   1.7382208670667325     
 -0.96557776810900098     
 -0.86217317660698245     
   1.9638402657610714     
  -1.1130076743235817     
  -1.0652458601290624     
   2.4548942949329118     
  -1.3079636562639683     
  -1.9090072704399639     
   4.0679977140301675     
   2.4698243462442644     
*****  m =    2  l =   23
   2.6968417424168738     
   3.8386261289873209     
  -2.4839547398490560     
 -0.41524431172978093     
   2.2293714417404549     
  -1.9195340860733323     
  0.13622874130351520     
   1.5294582348452708     
  -1.8013568355717975     
  0.60773133111742372     
  0.98841956371691364     
  -1.6928588364858992     
  0.99258431845053485     
  0.48886687230418630     
  -1.5306956146775896     
   1.2989542647125694     
   0.0000000000000000     
  -1.2989542647125694     
   1.5306956146775896     
 -0.48886687230418630     
 -0.99258431845053485     
   1.6928588364858992     
 -0.98841956371691364     
 -0.60773133111742372     
   1.8013568355717975     
  -1.5294582348452708     
 -0.13622874130351520     
   1.9195340860733323     
  -2.2293714417404549     
  0.41524431172978093     
   2.4839547398490560     
  -3.8386261289873209     
  -2.6968417424168738     
*****  m =    2  l =   24
   2.9282945075896221     
   3.5312416348021110     
  -2.9103564162160303     
  0.52545624467216701     
   1.5821859594340955     
  -2.2398019819391952     
   1.3330471041444230     
  0.32992797640685950     
  -1.6022009539387221     
   1.7094505555863528     
 -0.67983755210485741     
 -0.73963799579500078     
   1.5991571267456017     
  -1.3581772207816682     
  0.21267903924972650     
   1.0554010640569300     
  -1.5982691513902243     
   1.0554010640569300     
  0.21267903924972650     
  -1.3581772207816682     
   1.5991571267456017     
 -0.73963799579500078     
 -0.67983755210485741     
   1.7094505555863528     
  -1.6022009539387221     
  0.32992797640685950     
   1.3330471041444230     
  -2.2398019819391952     
   1.5821859594340955     
  0.52545624467216701     
  -2.9103564162160303     
   3.5312416348021110     
   2.9282945075896221     
*****  m =    2  l =   25
   3.1629686973726918     
   3.1501908936146958     
  -3.1612481126380660     
   1.4045972715619337     
  0.63507533736492705     
  -1.9360901040207825     
   2.0195907374672353     
  -1.0345141972736838     
 -0.39023521588537785     
   1.4850729975780956     
  -1.7155889468489574     
   1.0219977836907113     
  0.18287116270749365     
  -1.2450993380795179     
   1.6098447752297502     
  -1.1003879537612102     
  -0.0000000000000000     
   1.1003879537612102     
  -1.6098447752297502     
   1.2450993380795179     
 -0.18287116270749365     
  -1.0219977836907113     
   1.7155889468489574     
  -1.4850729975780956     
  0.39023521588537785     
   1.0345141972736838     
  -2.0195907374672353     
   1.9360901040207825     
 -0.63507533736492705     
  -1.4045972715619337     
   3.1612481126380660     
  -3.1501908936146958     
  -3.1629686973726918     
*****  m =    2  l =   26
   3.3995992640933759     
   2.7019274258265571     
  -3.2200726392833099     
   2.1189859565924527     
 -0.43255397880816926     
  -1.0923333340231876     
   1.9325654536573751     
  -1.8802016641647139     
   1.0682818328973449     
  0.10849789705094484     
  -1.1555723188556171     
   1.6656223083817292     
  -1.4644337495952657     
  0.66463985569176331     
  0.38931861930729111     
  -1.2617957893384950     
   1.5979050726704065     
  -1.2617957893384950     
  0.38931861930729111     
  0.66463985569176331     
  -1.4644337495952657     
   1.6656223083817292     
  -1.1555723188556171     
  0.10849789705094484     
   1.0682818328973449     
  -1.8802016641647139     
   1.9325654536573751     
  -1.0923333340231876     
 -0.43255397880816926     
   2.1189859565924527     
  -3.2200726392833099     
   2.7019274258265571     
   3.3995992640933759     
*****  m =    2  l =   27
   3.6368776851283600     
   2.1948801351327059     
  -3.0819553726440070     
   2.5841231279255017     
  -1.4175641148183740     
   5.6390757021271214E-002
   1.1047900250743632     
  -1.7828412896451957     
   1.8504819047684291     
  -1.3520096888728570     
  0.47931569175419214     
  0.48732027384546583     
  -1.2585645264653675     
   1.6148200288782109     
  -1.4639746690155211     
  0.86326786160645586     
   0.0000000000000000     
 -0.86326786160645586     
   1.4639746690155211     
  -1.6148200288782109     
   1.2585645264653675     
 -0.48732027384546583     
 -0.47931569175419214     
   1.3520096888728570     
  -1.8504819047684291     
   1.7828412896451957     
  -1.1047900250743632     
  -5.6390757021271214E-002
   1.4175641148183740     
  -2.5841231279255017     
   3.0819553726440070     
  -2.1948801351327059     
  -3.6368776851283600     
*****  m =    2  l =   28
   3.8734598297833363     
   1.6392638677507625     
  -2.7542300569085119     
   2.7444502311383028     
  -2.1318503502325115     
   1.1891351056285275     
 -0.14665776218199267     
 -0.79092333757121647     
   1.4610350951208029     
  -1.7625471871314080     
   1.6679146267231064     
  -1.2238713878387082     
  0.53983087113707839     
  0.23421084639757950     
 -0.93644345310371835     
   1.4236123641350065     
  -1.5976151506735232     
   1.4236123641350065     
 -0.93644345310371835     
  0.23421084639757950     
  0.53983087113707839     
  -1.2238713878387082     
   1.6679146267231064     
  -1.7625471871314080     
   1.4610350951208029     
 -0.79092333757121647     
 -0.14665776218199267     
   1.1891351056285275     
  -2.1318503502325115     
   2.7444502311383028     
  -2.7542300569085119     
   1.6392638677507625     
   3.8734598297833363     
*****  m =    2  l =   29
   4.1079740280169998     
   1.0468367424082943     
  -2.2561692248270515     
   2.5802271017556766     
  -2.4384841548929224     
   1.9887633092553980     
  -1.3415990649773852     
  0.59790183053580581     
  0.14634576955059883     
 -0.80418598359338134     
   1.3040414796960267     
  -1.5957283467677701     
   1.6547669831846636     
  -1.4842278200329913     
   1.1137750794979542     
 -0.59594199145998039     
  -0.0000000000000000     
  0.59594199145998039     
  -1.1137750794979542     
   1.4842278200329913     
  -1.6547669831846636     
   1.5957283467677701     
  -1.3040414796960267     
  0.80418598359338134     
 -0.14634576955059883     
 -0.59790183053580581     
   1.3415990649773852     
  -1.9887633092553980     
   2.4384841548929224     
  -2.5802271017556766     
   2.2561692248270515     
  -1.0468367424082943     
  -4.1079740280169998     
*****  m =    2  l =   30
   4.3390293021030848     
  0.43061051430328318     
  -1.6179264848567572     
   2.1101684674429224     
  -2.2782321873423070     
   2.2309299585831122     
  -2.0209789392598143     
   1.6862160458387345     
  -1.2608662252664391     
  0.77873988448606091     
 -0.27363647554410697     
 -0.22138266711323357     
  0.67519511222511508     
  -1.0599694166974889     
   1.3524769841086959     
  -1.5352339454609565     
   1.5973805212571113     
  -1.5352339454609565     
   1.3524769841086959     
  -1.0599694166974889     
  0.67519511222511508     
 -0.22138266711323357     
 -0.27363647554410697     
  0.77873988448606091     
  -1.2608662252664391     
   1.6862160458387345     
  -2.0209789392598143     
   2.2309299585831122     
  -2.2782321873423070     
   2.1101684674429224     
  -1.6179264848567572     
  0.43061051430328318     
   4.3390293021030848     
*****  m =    2  l =   31
   4.5652237205178823     
 -0.19547840224222526     
 -0.87875077343180330     
   1.3894763643071950     
  -1.6812613028325176     
   1.8473130455661992     
  -1.9234313554765574     
   1.9270941460730671     
  -1.8688368739561612     
   1.7563795909111615     
  -1.5963494837245045     
   1.3950612568649592     
  -1.1588779187714873     
  0.89436443295416657     
 -0.60833030374916297     
  0.30780893000911363     
   0.0000000000000000     
 -0.30780893000911363     
  0.60833030374916297     
 -0.89436443295416657     
   1.1588779187714873     
  -1.3950612568649592     
   1.5963494837245045     
  -1.7563795909111615     
   1.8688368739561612     
  -1.9270941460730671     
   1.9234313554765574     
  -1.8473130455661992     
   1.6812613028325176     
  -1.3894763643071950     
  0.87875077343180330     
  0.19547840224222526     
  -4.5652237205178823     
*****  m =    2  l =   32
   4.7851528319016365     
 -0.81692847019132109     
  -8.4581961600018879E-002
  0.50346399369330275     
 -0.76167517671051232     
  0.94518572864294614     
  -1.0861560893307090     
   1.1992434539831813     
  -1.2920571133851162     
   1.3689252832397942     
  -1.4324774659344761     
   1.4843882542240376     
  -1.5257580584385297     
   1.5573210160691651     
  -1.5795638877801967     
   1.5927956940010399     
  -1.5971879613719853     
   1.5927956940010399     
  -1.5795638877801967     
   1.5573210160691651     
  -1.5257580584385297     
   1.4843882542240376     
  -1.4324774659344761     
   1.3689252832397942     
  -1.2920571133851162     
   1.1992434539831813     
  -1.0861560893307090     
  0.94518572864294614     
 -0.76167517671051232     
  0.50346399369330275     
  -8.4581961600018879E-002
 -0.81692847019132109     
   4.7851528319016365     
*****  m =    3  l =    3
   7.7168107221550525E-004
   9.2308341701963226E-003
   3.4865376440021870E-002
   8.5704488067518944E-002
  0.16754956901488169     
  0.28343221436814120     
  0.43329271910538358     
  0.61390524504166299     
  0.81905627078244203     
   1.0399629635754615     
   1.2658991964024524     
   1.4849805553278677     
   1.6850471257692738     
   1.8545750988953629     
   1.9835459102441959     
   2.0642048954952341     
   2.0916500663351889     
   2.0642048954952341     
   1.9835459102441959     
   1.8545750988953629     
   1.6850471257692738     
   1.4849805553278677     
   1.2658991964024524     
   1.0399629635754615     
  0.81905627078244203     
  0.61390524504166299     
  0.43329271910538358     
  0.28343221436814120     
  0.16754956901488169     
   8.5704488067518944E-002
   3.4865376440021870E-002
   9.2308341701963226E-003
   7.7168107221550525E-004
*****  m =    3  l =    4
   2.3090812725309814E-003
   2.7317427675226932E-002
  0.10112593409153661     
  0.24135096196950320     
  0.45354835665094023     
  0.72956272742202388     
   1.0479128381713101     
   1.3761861630764158     
   1.6751305104180678     
   1.9038883154257273     
   2.0256535555146544     
   2.0129654687224514     
   1.8518967399745201     
   1.5445407564175337     
   1.1094327260971746     
  0.57982111352333199     
   0.0000000000000000     
 -0.57982111352333199     
  -1.1094327260971746     
  -1.5445407564175337     
  -1.8518967399745201     
  -2.0129654687224514     
  -2.0256535555146544     
  -1.9038883154257273     
  -1.6751305104180678     
  -1.3761861630764158     
  -1.0479128381713101     
 -0.72956272742202388     
 -0.45354835665094023     
 -0.24135096196950320     
 -0.10112593409153661     
  -2.7317427675226932E-002
  -2.3090812725309814E-003
*****  m =    3  l =    5
   5.0891310434048901E-003
   5.9377089772895138E-002
  0.21429312506665465     
  0.49248551678831221     
  0.87905754759880239     
   1.3220757704391304     
   1.7421159825738510     
   2.0489109356288568     
   2.1615386902651652     
   2.0277320371617109     
   1.6379900047229459     
   1.0312173260404687     
  0.29038733697251229     
 -0.47115922369206853     
  -1.1301567553799805     
  -1.5765054309689923     
  -1.7343046156889506     
  -1.5765054309689923     
  -1.1301567553799805     
 -0.47115922369206853     
  0.29038733697251229     
   1.0312173260404687     
   1.6379900047229459     
   2.0277320371617109     
   2.1615386902651652     
   2.0489109356288568     
   1.7421159825738510     
   1.3220757704391304     
  0.87905754759880239     
  0.49248551678831221     
  0.21429312506665465     
   5.9377089772895138E-002
   5.0891310434048901E-003
*****  m =    3  l =    6
   9.5454761364867531E-003
  0.10952407857285693     
  0.38324537031805428     
  0.84061309903664339     
   1.4058025153735210     
   1.9355854626746571     
   2.2625937796983271     
   2.2501884102870737     
   1.8414679746732963     
   1.0862828084997245     
  0.13657231861569488     
 -0.79002983819037531     
  -1.4685266659701597     
  -1.7300003451211163     
  -1.5113416688397778     
 -0.87614644758674098     
  -0.0000000000000000     
  0.87614644758674098     
   1.5113416688397778     
   1.7300003451211163     
   1.4685266659701597     
  0.79002983819037531     
 -0.13657231861569488     
  -1.0862828084997245     
  -1.8414679746732963     
  -2.2501884102870737     
  -2.2625937796983271     
  -1.9355854626746571     
  -1.4058025153735210     
 -0.84061309903664339     
 -0.38324537031805428     
 -0.10952407857285693     
  -9.5454761364867531E-003
*****  m =    3  l =    7
   1.6139035186123734E-002
  0.18158073469034350     
  0.61251546559755199     
   1.2697465924144760     
   1.9573555544027781     
   2.3984351899308178     
   2.3559308598807442     
   1.7467196847425339     
  0.69803351934590130     
 -0.48177842460960396     
  -1.4106526241382349     
  -1.7775326768890516     
  -1.4664239480613646     
 -0.60836215536002958     
  0.46213703355710095     
   1.3313770639821876     
   1.6638974389967667     
   1.3313770639821876     
  0.46213703355710095     
 -0.60836215536002958     
  -1.4664239480613646     
  -1.7775326768890516     
  -1.4106526241382349     
 -0.48177842460960396     
  0.69803351934590130     
   1.7467196847425339     
   2.3559308598807442     
   2.3984351899308178     
   1.9573555544027781     
   1.2697465924144760     
  0.61251546559755199     
  0.18158073469034350     
   1.6139035186123734E-002
*****  m =    3  l =    8
   2.5352512044238086E-002
  0.27887820173906597     
  0.90137738268134426     
   1.7466529918639688     
   2.4319596288463496     
   2.5434564222570710     
   1.8830130012473003     
  0.61596686013090329     
 -0.77117419307648227     
  -1.6924124943098930     
  -1.7533317053267541     
 -0.95896982224834648     
  0.27540339829380578     
   1.3234755468839192     
   1.6594093393948866     
   1.1228501039647218     
   0.0000000000000000     
  -1.1228501039647218     
  -1.6594093393948866     
  -1.3234755468839192     
 -0.27540339829380578     
  0.95896982224834648     
   1.7533317053267541     
   1.6924124943098930     
  0.77117419307648227     
 -0.61596686013090329     
  -1.8830130012473003     
  -2.5434564222570710     
  -2.4319596288463496     
  -1.7466529918639688     
 -0.90137738268134426     
 -0.27887820173906597     
  -2.5352512044238086E-002
*****  m =    3  l =    9
   3.7684082994213511E-002
  0.40406184539745327     
   1.2433081280451672     
   2.2236861985975356     
   2.7224538573418644     
   2.2629777347801006     
  0.89777947161117511     
 -0.74331271017397893     
  -1.8001576711859741     
  -1.7135698736362230     
 -0.59320831140318953     
  0.83072200602904023     
   1.6561585092275222     
   1.3766114252504731     
  0.20069159927256738     
  -1.0869484316201978     
  -1.6367140885971807     
  -1.0869484316201978     
  0.20069159927256738     
   1.3766114252504731     
   1.6561585092275222     
  0.83072200602904023     
 -0.59320831140318953     
  -1.7135698736362230     
  -1.8001576711859741     
 -0.74331271017397893     
  0.89777947161117511     
   2.2629777347801006     
   2.7224538573418644     
   2.2236861985975356     
   1.2433081280451672     
  0.40406184539745327     
   3.7684082994213511E-002
*****  m =    3  l =   10
   5.3641192994053025E-002
  0.55891919984001104     
   1.6259252954511112     
   2.6440440493933792     
   2.7395232223473127     
   1.5512072451033332     
 -0.34608311829154392     
  -1.7719916742885271     
  -1.8073439431706690     
 -0.51646781755719318     
   1.0708355194523009     
   1.7340474221379687     
  0.99816093775552139     
 -0.50819584777171711     
  -1.5621815376782349     
  -1.3231810121850691     
  -0.0000000000000000     
   1.3231810121850691     
   1.5621815376782349     
  0.50819584777171711     
 -0.99816093775552139     
  -1.7340474221379687     
  -1.0708355194523009     
  0.51646781755719318     
   1.8073439431706690     
   1.7719916742885271     
  0.34608311829154392     
  -1.5512072451033332     
  -2.7395232223473127     
  -2.6440440493933792     
  -1.6259252954511112     
 -0.55891919984001104     
  -5.3641192994053025E-002
*****  m =    3  l =   11
   7.3734532909722816E-002
  0.74423709217350364     
   2.0314242716264665     
   2.9488312704871111     
   2.4333502865734316     
  0.51963633407488308     
  -1.4697511224991122     
  -2.0124969471680290     
 -0.77340555665932953     
   1.0449188245541305     
   1.7744392462493406     
  0.80325882814256766     
 -0.88312079817704148     
  -1.6582178599423012     
 -0.80386459898777396     
  0.82069398134057792     
   1.6231984642657005     
  0.82069398134057792     
 -0.80386459898777396     
  -1.6582178599423012     
 -0.88312079817704148     
  0.80325882814256766     
   1.7744392462493406     
   1.0449188245541305     
 -0.77340555665932953     
  -2.0124969471680290     
  -1.4697511224991122     
  0.51963633407488308     
   2.4333502865734316     
   2.9488312704871111     
   2.0314242716264665     
  0.74423709217350364     
   7.3734532909722816E-002
*****  m =    3  l =   12
   9.8472190762667750E-002
  0.95969274011438166     
   2.4374971364445646     
   3.0850247127163337     
   1.8088221624746712     
 -0.62145196021538374     
  -2.1013666206121600     
  -1.3425170104227855     
  0.70800482038590362     
   1.8292578528115719     
  0.88911315939673241     
 -0.97424976509532035     
  -1.6596637662805411     
 -0.44499184497075062     
   1.2432031650192319     
   1.4735751068548018     
   0.0000000000000000     
  -1.4735751068548018     
  -1.2432031650192319     
  0.44499184497075062     
   1.6596637662805411     
  0.97424976509532035     
 -0.88911315939673241     
  -1.8292578528115719     
 -0.70800482038590362     
   1.3425170104227855     
   2.1013666206121600     
  0.62145196021538374     
  -1.8088221624746712     
  -3.0850247127163337     
  -2.4374971364445646     
 -0.95969274011438166     
  -9.8472190762667750E-002
*****  m =    3  l =   13
  0.12835396925700862     
   1.2037825742326178     
   2.8186779471742760     
   3.0132772078136969     
  0.93057922913911384     
  -1.6123547841835713     
  -2.0167500625487746     
  -5.7566143297504063E-002
   1.7611025673050442     
   1.2528778807411349     
 -0.79190287834738382     
  -1.7036132125389309     
 -0.36989627366578842     
   1.3965800726780375     
   1.2761034511098517     
 -0.53339215019786967     
  -1.6154610083929786     
 -0.53339215019786967     
   1.2761034511098517     
   1.3965800726780375     
 -0.36989627366578842     
  -1.7036132125389309     
 -0.79190287834738382     
   1.2528778807411349     
   1.7611025673050442     
  -5.7566143297504063E-002
  -2.0167500625487746     
  -1.6123547841835713     
  0.93057922913911384     
   3.0132772078136969     
   2.8186779471742760     
   1.2037825742326178     
  0.12835396925700862     
*****  m =    3  l =   14
  0.16386587006138179     
   1.4737914870382425     
   3.1480257044918361     
   2.7144766516764083     
  -8.3843412197304887E-002
  -2.2117026561459698     
  -1.2333753569130257     
   1.2494620159364058     
   1.7513858361981709     
 -0.25791337461518204     
  -1.7501031107093701     
 -0.60456657094712407     
   1.3761562892243377     
   1.2366634466211373     
 -0.75170389492158041     
  -1.5702429853690847     
  -0.0000000000000000     
   1.5702429853690847     
  0.75170389492158041     
  -1.2366634466211373     
  -1.3761562892243377     
  0.60456657094712407     
   1.7501031107093701     
  0.25791337461518204     
  -1.7513858361981709     
  -1.2494620159364058     
   1.2333753569130257     
   2.2117026561459698     
   8.3843412197304887E-002
  -2.7144766516764083     
  -3.1480257044918361     
  -1.4737914870382425     
 -0.16386587006138179     
*****  m =    3  l =   15
  0.20547475272703350     
   1.7658040660462329     
   3.3990288363570884     
   2.1941017042645603     
  -1.0821235206401376     
  -2.2639248779728836     
  -1.7790780539486267E-002
   1.9621108408636636     
  0.68002821789564494     
  -1.5702045009271812     
  -1.1148910954639655     
   1.1411904831783095     
   1.3972844113691891     
 -0.69199588821214308     
  -1.5581836949298620     
  0.23184546130317918     
   1.6106062225650521     
  0.23184546130317918     
  -1.5581836949298620     
 -0.69199588821214308     
   1.3972844113691891     
   1.1411904831783095     
  -1.1148910954639655     
  -1.5702045009271812     
  0.68002821789564494     
   1.9621108408636636     
  -1.7790780539486267E-002
  -2.2639248779728836     
  -1.0821235206401376     
   2.1941017042645603     
   3.3990288363570884     
   1.7658040660462329     
  0.20547475272703350     
*****  m =    3  l =   16
  0.25362318156756863     
   2.0747581447801093     
   3.5475954978529702     
   1.4836713311347973     
  -1.9034867584448920     
  -1.7468595075424060     
   1.2011702254542442     
   1.7373788798961234     
 -0.80362778411818792     
  -1.6927771707104777     
  0.53559590143153857     
   1.6524894908108256     
 -0.33105420792972712     
  -1.6245932399302192     
  0.15865013345318840     
   1.6105801993448787     
   0.0000000000000000     
  -1.6105801993448787     
 -0.15865013345318840     
   1.6245932399302192     
  0.33105420792972712     
  -1.6524894908108256     
 -0.53559590143153857     
   1.6927771707104777     
  0.80362778411818792     
  -1.7373788798961234     
  -1.2011702254542442     
   1.7468595075424060     
   1.9034867584448920     
  -1.4836713311347973     
  -3.5475954978529702     
  -2.0747581447801093     
 -0.25362318156756863     
*****  m =    3  l =   17
  0.30872447755316595     
   2.3945397426796950     
   3.5739838953781740     
  0.63894171831952540     
  -2.4084169014420334     
 -0.78476661818769766     
   1.9844590962422060     
  0.67855135090139695     
  -1.7913621782479312     
 -0.53100610663349013     
   1.6928628221502520     
  0.37762160656931060     
  -1.6407815528994822     
 -0.22538978706981050     
   1.6151134827878120     
   7.4899381053129252E-002
  -1.6073557526069935     
   7.4899381053129252E-002
   1.6151134827878120     
 -0.22538978706981050     
  -1.6407815528994822     
  0.37762160656931060     
   1.6928628221502520     
 -0.53100610663349013     
  -1.7913621782479312     
  0.67855135090139695     
   1.9844590962422060     
 -0.78476661818769766     
  -2.4084169014420334     
  0.63894171831952540     
   3.5739838953781740     
   2.3945397426796950     
  0.30872447755316595     
*****  m =    3  l =   18
  0.37115799467701821     
   2.7181172037133687     
   3.4645270834338793     
 -0.26508328269040171     
  -2.5059823086918329     
  0.37866581949405920     
   2.0445804879944518     
 -0.70639519500605163     
  -1.6738746261275927     
   1.0329006269818481     
   1.2961287205847407     
  -1.3037413066322954     
 -0.88825135969565849     
   1.4949892602571428     
  0.45216559832185704     
  -1.5936472122277503     
  -0.0000000000000000     
   1.5936472122277503     
 -0.45216559832185704     
  -1.4949892602571428     
  0.88825135969565849     
   1.3037413066322954     
  -1.2961287205847407     
  -1.0329006269818481     
   1.6738746261275927     
  0.70639519500605163     
  -2.0445804879944518     
 -0.37866581949405920     
   2.5059823086918329     
  0.26508328269040171     
  -3.4645270834338793     
  -2.7181172037133687     
 -0.37115799467701821     
*****  m =    3  l =   19
  0.44126464165757556     
   3.0377111252526752     
   3.2130174097729820     
  -1.1418453467744214     
  -2.1732498145631047     
   1.4414757034333687     
   1.3556103508043840     
  -1.7463073595963781     
 -0.52164396796153223     
   1.8064629821620606     
 -0.29069267110340907     
  -1.5698297151691867     
  0.97960739280362052     
   1.0653679266010545     
  -1.4421320837318545     
 -0.37690909673576811     
   1.6050709529408598     
 -0.37690909673576811     
  -1.4421320837318545     
   1.0653679266010545     
  0.97960739280362052     
  -1.5698297151691867     
 -0.29069267110340907     
   1.8064629821620606     
 -0.52164396796153223     
  -1.7463073595963781     
   1.3556103508043840     
   1.4414757034333687     
  -2.1732498145631047     
  -1.1418453467744214     
   3.2130174097729820     
   3.0377111252526752     
  0.44126464165757556     
*****  m =    3  l =   20
  0.51934267048359106     
   3.3449955325331793     
   2.8216364154009992     
  -1.9027787330536070     
  -1.4626109520857051     
   2.1229172589920355     
  0.16789917496459633     
  -1.9332880689914851     
  0.95269162261092488     
   1.1976431326107411     
  -1.6081156294363681     
 -0.13227775795760724     
   1.6129000400921427     
 -0.89508613874710619     
 -0.99534211715848020     
   1.5203521120873886     
   0.0000000000000000     
  -1.5203521120873886     
  0.99534211715848020     
  0.89508613874710619     
  -1.6129000400921427     
  0.13227775795760724     
   1.6081156294363681     
  -1.1976431326107411     
 -0.95269162261092488     
   1.9332880689914851     
 -0.16789917496459633     
  -2.1229172589920355     
   1.4626109520857051     
   1.9027787330536070     
  -2.8216364154009992     
  -3.3449955325331793     
 -0.51934267048359106     
*****  m =    3  l =   21
  0.60564375335916554     
   3.6313247359417429     
   2.3013452368990781     
  -2.4675926786289368     
 -0.49508229506249785     
   2.2396978604673721     
  -1.0807657570778957     
  -1.1738444739980300     
   1.8331515468147950     
 -0.32815158661627214     
  -1.4424010816270620     
   1.4474543280675540     
  0.21505569021082308     
  -1.5662365866702821     
   1.0657517637422507     
  0.66409061245066359     
  -1.6034029006662935     
  0.66409061245066359     
   1.0657517637422507     
  -1.5662365866702821     
  0.21505569021082308     
   1.4474543280675540     
  -1.4424010816270620     
 -0.32815158661627214     
   1.8331515468147950     
  -1.1738444739980300     
  -1.0807657570778957     
   2.2396978604673721     
 -0.49508229506249785     
  -2.4675926786289368     
   2.3013452368990781     
   3.6313247359417429     
  0.60564375335916554     
*****  m =    3  l =   22
  0.70036936918448456     
   3.8879794408042048     
   1.6716864923109480     
  -2.7740368271792679     
  0.55966244387580866     
   1.7575938665981194     
  -1.9262700929312175     
  0.16120131130839352     
   1.5705169014856579     
  -1.6007424680728197     
   5.3837807587168177E-002
   1.4522163515161883     
  -1.4524387225067859     
   1.6705462154934327E-002
   1.3954868593580407     
  -1.3934861187559358     
  -0.0000000000000000     
   1.3934861187559358     
  -1.3954868593580407     
  -1.6705462154934327E-002
   1.4524387225067859     
  -1.4522163515161883     
  -5.3837807587168177E-002
   1.6007424680728197     
  -1.5705169014856579     
 -0.16120131130839352     
   1.9262700929312175     
  -1.7575938665981194     
 -0.55966244387580866     
   2.7740368271792679     
  -1.6716864923109480     
  -3.8879794408042048     
 -0.70036936918448456     
*****  m =    3  l =   23
  0.80366751990359531     
   4.1064249901138199     
  0.95998884422702591     
  -2.7859189096591157     
   1.5131423092843637     
  0.80339041381051535     
  -2.0518745994743735     
   1.4158529030828655     
  0.32756780769853133     
  -1.6421556729933500     
   1.4991860291682557     
 -0.12295757545516513     
  -1.2879739665664371     
   1.5743631826523941     
 -0.54021048825630746     
 -0.92670415131436956     
   1.6021475098016400     
 -0.92670415131436956     
 -0.54021048825630746     
   1.5743631826523941     
  -1.2879739665664371     
 -0.12295757545516513     
   1.4991860291682557     
  -1.6421556729933500     
  0.32756780769853133     
   1.4158529030828655     
  -2.0518745994743735     
  0.80339041381051535     
   1.5131423092843637     
  -2.7859189096591157     
  0.95998884422702591     
   4.1064249901138199     
  0.80366751990359531     
*****  m =    3  l =   24
  0.91562979593000648     
   4.2785741323006219     
  0.20000717704792162     
  -2.4983216443842720     
   2.1923781963825131     
 -0.36715763295087300     
  -1.4087688408639554     
   1.9711103918468642     
  -1.1193794713940430     
 -0.41998717032155197     
   1.5577935607779978     
  -1.5631908416544351     
  0.50051780740657326     
  0.86413997576065116     
  -1.5975106520132789     
   1.2176595536788846     
   0.0000000000000000     
  -1.2176595536788846     
   1.5975106520132789     
 -0.86413997576065116     
 -0.50051780740657326     
   1.5631908416544351     
  -1.5577935607779978     
  0.41998717032155197     
   1.1193794713940430     
  -1.9711103918468642     
   1.4087688408639554     
  0.36715763295087300     
  -2.1923781963825131     
   2.4983216443842720     
 -0.20000717704792162     
  -4.2785741323006219     
 -0.91562979593000648     
*****  m =    3  l =   25
   1.0362888084755240     
   4.3970464354075531     
 -0.56992829383119670     
  -1.9392809578900561     
   2.4722124268430545     
  -1.4374132501770820     
 -0.23683401243310287     
   1.5515984902505786     
  -1.8644047761975207     
   1.1249471597072185     
  0.17530424426627159     
  -1.2997700736787501     
   1.6565092128780714     
  -1.0902294789223561     
  -6.0009418088021953E-002
   1.1557791210540531     
  -1.6011788008976713     
   1.1557791210540531     
  -6.0009418088021953E-002
  -1.0902294789223561     
   1.6565092128780714     
  -1.2997700736787501     
  0.17530424426627159     
   1.1249471597072185     
  -1.8644047761975207     
   1.5515984902505786     
 -0.23683401243310287     
  -1.4374132501770820     
   2.4722124268430545     
  -1.9392809578900561     
 -0.56992829383119670     
   4.3970464354075531     
   1.0362888084755240     
*****  m =    3  l =   26
   1.1656160049985445     
   4.4554164263187985     
  -1.3091444851404379     
  -1.1676035722310683     
   2.2994016746209729     
  -2.1157943464337969     
   1.0236644880681642     
  0.36390872129836060     
  -1.4398882308720793     
   1.8017193573574179     
  -1.3687255440231603     
  0.38007197999056042     
  0.72137388902800248     
  -1.4729498531508567     
   1.5741325212451480     
 -0.99915871488946006     
  -0.0000000000000000     
  0.99915871488946006     
  -1.5741325212451480     
   1.4729498531508567     
 -0.72137388902800248     
 -0.38007197999056042     
   1.3687255440231603     
  -1.8017193573574179     
   1.4398882308720793     
 -0.36390872129836060     
  -1.0236644880681642     
   2.1157943464337969     
  -2.2994016746209729     
   1.1676035722310683     
   1.3091444851404379     
  -4.4554164263187985     
  -1.1656160049985445     
*****  m =    3  l =   27
   1.3035198821887495     
   4.4484427227860923     
  -1.9771005994098863     
 -0.26696878833974341     
   1.7036817348758080     
  -2.2160110878037655     
   1.8971993361980855     
  -1.0037168162633279     
 -0.11161298239284463     
   1.0878814406042197     
  -1.6441949701687402     
   1.6447023047251241     
  -1.1239825296341648     
  0.26694690012811734     
  0.65049696759228293     
  -1.3434662468463709     
   1.6004155299491765     
  -1.3434662468463709     
  0.65049696759228293     
  0.26694690012811734     
  -1.1239825296341648     
   1.6447023047251241     
  -1.6441949701687402     
   1.0878814406042197     
 -0.11161298239284463     
  -1.0037168162633279     
   1.8971993361980855     
  -2.2160110878037655     
   1.7036817348758080     
 -0.26696878833974341     
  -1.9771005994098863     
   4.4484427227860923     
   1.3035198821887495     
*****  m =    3  l =   28
   1.4498446089444887     
   4.3722708440033857     
  -2.5359466501417853     
  0.66308037310643797     
  0.79340684004106976     
  -1.7092317900222247     
   2.0528926359737536     
  -1.8722133378170809     
   1.2862376904357500     
 -0.46573464295937911     
 -0.39572551050183080     
   1.1147744658194914     
  -1.5492201762873667     
   1.6213702874057550     
  -1.3295398954713806     
  0.74573635394368198     
   0.0000000000000000     
 -0.74573635394368198     
   1.3295398954713806     
  -1.6213702874057550     
   1.5492201762873667     
  -1.1147744658194914     
  0.39572551050183080     
  0.46573464295937911     
  -1.2862376904357500     
   1.8722133378170809     
  -2.0528926359737536     
   1.7092317900222247     
 -0.79340684004106976     
 -0.66308037310643797     
   2.5359466501417853     
  -4.3722708440033857     
  -1.4498446089444887     
*****  m =    3  l =   29
   1.6043690697022610     
   4.2246030228096387     
  -2.9529961208002988     
   1.5182551673581508     
 -0.26371213072148697     
 -0.73329427307443285     
   1.4308153336234781     
  -1.8092912084725339     
   1.8745067369710309     
  -1.6588685048280947     
   1.2192000318292788     
 -0.63136789287177075     
  -1.7480846959071466E-002
  0.63809080924601091     
  -1.1486051990298576     
   1.4833329532604567     
  -1.5998033658487698     
   1.4833329532604567     
  -1.1486051990298576     
  0.63809080924601091     
  -1.7480846959071466E-002
 -0.63136789287177075     
   1.2192000318292788     
  -1.6588685048280947     
   1.8745067369710309     
  -1.8092912084725339     
   1.4308153336234781     
 -0.73329427307443285     
 -0.26371213072148697     
   1.5182551673581508     
  -2.9529961208002988     
   4.2246030228096387     
   1.6043690697022610     
*****  m =    3  l =   30
   1.7668063362672664     
   4.0048291832557652     
  -3.2029449883969652     
   2.2014649697300515     
  -1.2713682383426144     
  0.44413194126055955     
  0.26605367311796219     
 -0.84559139272498152     
   1.2825468688070449     
  -1.5689665272613647     
   1.7025778161893321     
  -1.6877522231596367     
   1.5358156830386187     
  -1.2647965398368781     
  0.89869353381215844     
 -0.46634666769826616     
  -0.0000000000000000     
  0.46634666769826616     
 -0.89869353381215844     
   1.2647965398368781     
  -1.5358156830386187     
   1.6877522231596367     
  -1.7025778161893321     
   1.5689665272613647     
  -1.2825468688070449     
  0.84559139272498152     
 -0.26605367311796219     
 -0.44413194126055955     
   1.2713682383426144     
  -2.2014649697300515     
   3.2029449883969652     
  -4.0048291832557652     
  -1.7668063362672664     
*****  m =    3  l =   31
   1.9368035739908356     
   3.7141142692621392     
  -3.2696822967340533     
   2.6341736469346602     
  -2.0412435926220671     
   1.4986992195034186     
 -0.99943772265460118     
  0.53922987901819719     
 -0.11719828044183646     
 -0.26532801165622000     
  0.60578328957026317     
 -0.90104385126554731     
   1.1478939540208393     
  -1.3433498376953628     
   1.4848873380071133     
  -1.5706002077637662     
   1.5993048449535996     
  -1.5706002077637662     
   1.4848873380071133     
  -1.3433498376953628     
   1.1478939540208393     
 -0.90104385126554731     
  0.60578328957026317     
 -0.26532801165622000     
 -0.11719828044183646     
  0.53922987901819719     
 -0.99943772265460118     
   1.4986992195034186     
  -2.0412435926220671     
   2.6341736469346602     
  -3.2696822967340533     
   3.7141142692621392     
   1.9368035739908356     
*****  m =    3  l =   32
   2.1139423857642639     
   3.3554382860240506     
  -3.1475612175951939     
   2.7657958082312644     
  -2.4285317300301057     
   2.1388519446259999     
  -1.8843274651767965     
   1.6546764486798295     
  -1.4426672344330183     
   1.2433014082778107     
  -1.0530796113572909     
  0.86949949336169352     
 -0.69072691084852145     
  0.51537874740428935     
 -0.34237533589833358     
  0.17083588323552432     
   0.0000000000000000     
 -0.17083588323552432     
  0.34237533589833358     
 -0.51537874740428935     
  0.69072691084852145     
 -0.86949949336169352     
   1.0530796113572909     
  -1.2433014082778107     
   1.4426672344330183     
  -1.6546764486798295     
   1.8843274651767965     
  -2.1388519446259999     
   2.4285317300301057     
  -2.7657958082312644     
   3.1475612175951939     
  -3.3554382860240506     
  -2.1139423857642639     
*****  m =    4  l =    4
   5.8703462193204015E-005
   1.6059592346835141E-003
   9.4465319221797295E-003
   3.1338966620317307E-002
   7.6607449762478172E-002
  0.15441122369795096     
  0.27192873778422660     
  0.43272804588505565     
  0.63557221712395440     
  0.87385038571137086     
   1.1357395526760423     
   1.4051012093906152     
   1.6630143117634824     
   1.8897563675230020     
   2.0669799354578551     
   2.1798017149385105     
   2.2185299186623557     
   2.1798017149385105     
   2.0669799354578551     
   1.8897563675230020     
   1.6630143117634824     
   1.4051012093906152     
   1.1357395526760423     
  0.87385038571137086     
  0.63557221712395440     
  0.43272804588505565     
  0.27192873778422660     
  0.15441122369795096     
   7.6607449762478172E-002
   3.1338966620317307E-002
   9.4465319221797295E-003
   1.6059592346835141E-003
   5.8703462193204015E-005
*****  m =    4  l =    5
   1.9419595276344060E-004
   5.2542224749952829E-003
   3.0291143745424336E-002
   9.7567511601056520E-002
  0.22925899040896211     
  0.43940741466947669     
  0.72706621469844179     
   1.0724226413674580     
   1.4370600014702841     
   1.7686250248172564     
   2.0091848043472931     
   2.1057085152858761     
   2.0205787926454937     
   1.7399463352230129     
   1.2781153903112883     
  0.67691369360408649     
   0.0000000000000000     
 -0.67691369360408649     
  -1.2781153903112883     
  -1.7399463352230129     
  -2.0205787926454937     
  -2.1057085152858761     
  -2.0091848043472931     
  -1.7686250248172564     
  -1.4370600014702841     
  -1.0724226413674580     
 -0.72706621469844179     
 -0.43940741466947669     
 -0.22925899040896211     
  -9.7567511601056520E-002
  -3.0291143745424336E-002
  -5.2542224749952829E-003
  -1.9419595276344060E-004
*****  m =    4  l =    6
   4.7060443231690315E-004
   1.2564463465249051E-002
   7.0693674280123242E-002
  0.21963015284287432     
  0.49138137772312884     
  0.88363049215758760     
   1.3480545390210259     
   1.7938837573972413     
   2.1072250781512647     
   2.1814447450287910     
   1.9499515471590569     
   1.4113379681737057     
  0.63853795049176099     
 -0.23198655380560504     
  -1.0292748318296998     
  -1.5879370747929742     
  -1.7886360026567725     
  -1.5879370747929742     
  -1.0292748318296998     
 -0.23198655380560504     
  0.63853795049176099     
   1.4113379681737057     
   1.9499515471590569     
   2.1814447450287910     
   2.1072250781512647     
   1.7938837573972413     
   1.3480545390210259     
  0.88363049215758760     
  0.49138137772312884     
  0.21963015284287432     
   7.0693674280123242E-002
   1.2564463465249051E-002
   4.7060443231690315E-004
*****  m =    4  l =    7
   9.6448665406037278E-004
   2.5352237391369589E-002
  0.13860780588259092     
  0.41246239292180442     
  0.86938243337566368     
   1.4435296675630931     
   1.9807721834977186     
   2.2835065235742293     
   2.1856677026509721     
   1.6281470021927071     
  0.70177035578255365     
 -0.36408785151545370     
  -1.2682588396892662     
  -1.7383207549655872     
  -1.6283989163618446     
 -0.97679725853601107     
  -0.0000000000000000     
  0.97679725853601107     
   1.6283989163618446     
   1.7383207549655872     
   1.2682588396892662     
  0.36408785151545370     
 -0.70177035578255365     
  -1.6281470021927071     
  -2.1856677026509721     
  -2.2835065235742293     
  -1.9807721834977186     
  -1.4435296675630931     
 -0.86938243337566368     
 -0.41246239292180442     
 -0.13860780588259092     
  -2.5352237391369589E-002
  -9.6448665406037278E-004
*****  m =    4  l =    8
   1.7710908990530108E-003
   4.5729245989472832E-002
  0.24184587662949891     
  0.68414875438728850     
   1.3421709322208726     
   2.0169076836127782     
   2.4023039142967111     
   2.2319221248499992     
   1.4363503531004862     
  0.22165803670083845     
 -0.98613944327621450     
  -1.7173813004152456     
  -1.6763266638479499     
 -0.89231314484608049     
  0.27617630928083675     
   1.2948428544901391     
   1.6959424232930191     
   1.2948428544901391     
  0.27617630928083675     
 -0.89231314484608049     
  -1.6763266638479499     
  -1.7173813004152456     
 -0.98613944327621450     
  0.22165803670083845     
   1.4363503531004862     
   2.2319221248499992     
   2.4023039142967111     
   2.0169076836127782     
   1.3421709322208726     
  0.68414875438728850     
  0.24184587662949891     
   4.5729245989472832E-002
   1.7710908990530108E-003
*****  m =    4  l =    9
   3.0051018564428173E-003
   7.6038417717960424E-002
  0.38717602568590348     
   1.0326780724433071     
   1.8588490303686842     
   2.4615357827266031     
   2.4014197636828905     
   1.5092332844085474     
   6.8948785144530594E-002
  -1.2731370812198972     
  -1.8512592932877066     
  -1.3777101281289577     
 -0.14234705911262288     
   1.1290229162723191     
   1.6896912294798712     
   1.2149721441960895     
   0.0000000000000000     
  -1.2149721441960895     
  -1.6896912294798712     
  -1.1290229162723191     
  0.14234705911262288     
   1.3777101281289577     
   1.8512592932877066     
   1.2731370812198972     
  -6.8948785144530594E-002
  -1.5092332844085474     
  -2.4014197636828905     
  -2.4615357827266031     
  -1.8588490303686842     
  -1.0326780724433071     
 -0.38717602568590348     
  -7.6038417717960424E-002
  -3.0051018564428173E-003
*****  m =    4  l =   10
   4.8010187291023954E-003
  0.11876817220851796     
  0.57938387500686539     
   1.4438039517325985     
   2.3432963618400766     
   2.6311288243978361     
   1.8705566164349978     
  0.27573032972409955     
  -1.3018646382883230     
  -1.9099759583291764     
  -1.1879411637146813     
  0.32232329990636982     
   1.5252793336796400     
   1.5555061257331240     
  0.41656527080001843     
  -1.0180256769462579     
  -1.6581099521084985     
  -1.0180256769462579     
  0.41656527080001843     
   1.5555061257331240     
   1.5252793336796400     
  0.32232329990636982     
  -1.1879411637146813     
  -1.9099759583291764     
  -1.3018646382883230     
  0.27573032972409955     
   1.8705566164349978     
   2.6311288243978361     
   2.3432963618400766     
   1.4438039517325985     
  0.57938387500686539     
  0.11876817220851796     
   4.8010187291023954E-003
*****  m =    4  l =   11
   7.3132477437360113E-003
  0.17645104676306045     
  0.82039911503252216     
   1.8905327697458043     
   2.7056100065537900     
   2.4195132136890005     
  0.87104188852964326     
  -1.0433181847093014     
  -1.9713755803510160     
  -1.2469487525479397     
  0.46279695846335644     
   1.6681491440434213     
   1.3385089353000337     
 -0.18489682808031971     
  -1.4962268584200644     
  -1.4000705961353237     
  -0.0000000000000000     
   1.4000705961353237     
   1.4962268584200644     
  0.18489682808031971     
  -1.3385089353000337     
  -1.6681491440434213     
 -0.46279695846335644     
   1.2469487525479397     
   1.9713755803510160     
   1.0433181847093014     
 -0.87104188852964326     
  -2.4195132136890005     
  -2.7056100065537900     
  -1.8905327697458043     
 -0.82039911503252216     
 -0.17645104676306045     
  -7.3132477437360113E-003
*****  m =    4  l =   12
   1.0715927435800148E-002
  0.25155068380126477     
   1.1085750888703665     
   2.3345106384328957     
   2.8586455069923535     
   1.7998513922532260     
 -0.36020602322352019     
  -1.9248233294679820     
  -1.5619541072446310     
  0.27466306460017964     
   1.6971332101364107     
   1.2790397781809424     
 -0.46801634731933728     
  -1.6459602402804696     
  -1.0028947528210113     
  0.72818235160130129     
   1.6385637686423649     
  0.72818235160130129     
  -1.0028947528210113     
  -1.6459602402804696     
 -0.46801634731933728     
   1.2790397781809424     
   1.6971332101364107     
  0.27466306460017964     
  -1.5619541072446310     
  -1.9248233294679820     
 -0.36020602322352019     
   1.7998513922532260     
   2.8586455069923535     
   2.3345106384328957     
   1.1085750888703665     
  0.25155068380126477     
   1.0715927435800148E-002
*****  m =    4  l =   13
   1.5202496563103851E-002
  0.34634140940119290     
   1.4381992316426850     
   2.7293104444966971     
   2.7365499873645542     
  0.84590016456578165     
  -1.4731391497743935     
  -1.9870694733758736     
 -0.28294953783508081     
   1.5877899841369252     
   1.4427355617098108     
 -0.43924491372016755     
  -1.6865961167226837     
 -0.77651812916328855     
   1.0900385928825533     
   1.5306890676974765     
   0.0000000000000000     
  -1.5306890676974765     
  -1.0900385928825533     
  0.77651812916328855     
   1.6865961167226837     
  0.43924491372016755     
  -1.4427355617098108     
  -1.5877899841369252     
  0.28294953783508081     
   1.9870694733758736     
   1.4731391497743935     
 -0.84590016456578165     
  -2.7365499873645542     
  -2.7293104444966971     
  -1.4381992316426850     
 -0.34634140940119290     
  -1.5202496563103851E-002
*****  m =    4  l =   14
   2.0985012895010192E-002
  0.46278492127760673     
   1.7992965318843577     
   3.0253389046908334     
   2.3114333253097503     
 -0.27345190587414986     
  -2.1192382315711003     
  -1.1854915784180018     
   1.1486659208258185     
   1.7481440341693106     
  -8.0207264208565859E-002
  -1.6840028316921665     
 -0.82393379940829536     
   1.1847941610822696     
   1.4197112384183570     
 -0.42414944709050062     
  -1.6270533939526275     
 -0.42414944709050062     
   1.4197112384183570     
   1.1847941610822696     
 -0.82393379940829536     
  -1.6840028316921665     
  -8.0207264208565859E-002
   1.7481440341693106     
   1.1486659208258185     
  -1.1854915784180018     
  -2.1192382315711003     
 -0.27345190587414986     
   2.3114333253097503     
   3.0253389046908334     
   1.7992965318843577     
  0.46278492127760673     
   2.0985012895010192E-002
*****  m =    4  l =   15
   2.8293231136685203E-002
  0.60240879168581418     
   2.1777672015575984     
   3.1758273980425504     
   1.6043761021938356     
  -1.3277736377093230     
  -2.0784159553238806     
  0.13873216976711295     
   1.9054706051462063     
  0.63361331922006003     
  -1.5233883300522484     
  -1.1413477006796260     
   1.0511431336834107     
   1.4543267013076726     
 -0.53497236658502323     
  -1.6044861137532069     
  -0.0000000000000000     
   1.6044861137532069     
  0.53497236658502323     
  -1.4543267013076726     
  -1.0511431336834107     
   1.1413477006796260     
   1.5233883300522484     
 -0.63361331922006003     
  -1.9054706051462063     
 -0.13873216976711295     
   2.0784159553238806     
   1.3277736377093230     
  -1.6043761021938356     
  -3.1758273980425504     
  -2.1777672015575984     
 -0.60240879168581418     
  -2.8293231136685203E-002
*****  m =    4  l =   16
   3.7373448843523928E-002
  0.76619154041123438     
   2.5558747709567262     
   3.1431753648010430     
  0.68785549482037334     
  -2.0798485954934298     
  -1.3496666020873289     
   1.3941387428476013     
   1.5384787109855189     
 -0.94192759806731885     
  -1.5977534570519065     
  0.61162174103181843     
   1.6152153245585752     
 -0.34587702759293426     
  -1.6191923891744369     
  0.11206377166104077     
   1.6196728350501497     
  0.11206377166104077     
  -1.6191923891744369     
 -0.34587702759293426     
   1.6152153245585752     
  0.61162174103181843     
  -1.5977534570519065     
 -0.94192759806731885     
   1.5384787109855189     
   1.3941387428476013     
  -1.3496666020873289     
  -2.0798485954934298     
  0.68785549482037334     
   3.1431753648010430     
   2.5558747709567262     
  0.76619154041123438     
   3.7373448843523928E-002
*****  m =    4  l =   17
   4.8487130050625785E-002
  0.95445893329864651     
   2.9130736192045239     
   2.9048107622869623     
 -0.32176079130881857     
  -2.3477481259970316     
 -0.16732733406091971     
   2.0045289975440697     
  0.25895617915272173     
  -1.8135555649788171     
 -0.23522103933182270     
   1.7055345250847076     
  0.16986903384989563     
  -1.6464025444634485     
  -8.7956769065669210E-002
   1.6200850834723945     
   0.0000000000000000     
  -1.6200850834723945     
   8.7956769065669210E-002
   1.6464025444634485     
 -0.16986903384989563     
  -1.7055345250847076     
  0.23522103933182270     
   1.8135555649788171     
 -0.25895617915272173     
  -2.0045289975440697     
  0.16732733406091971     
   2.3477481259970316     
  0.32176079130881857     
  -2.9048107622869623     
  -2.9130736192045239     
 -0.95445893329864651     
  -4.8487130050625785E-002
*****  m =    4  l =   18
   6.1909317355985885E-002
   1.1667959103740748     
   3.2271375019151418     
   2.4577367072442322     
  -1.2810420454460019     
  -2.0571127114886552     
   1.0688793147416518     
   1.6815184781456620     
  -1.1717108817986619     
  -1.3303004214103582     
   1.3355291773191627     
  0.97048504853134887     
  -1.4825997924163890     
 -0.59239002930543883     
   1.5805411239339069     
  0.19932484197828895     
  -1.6146453852547931     
  0.19932484197828895     
   1.5805411239339069     
 -0.59239002930543883     
  -1.4825997924163890     
  0.97048504853134887     
   1.3355291773191627     
  -1.3303004214103582     
  -1.1717108817986619     
   1.6815184781456620     
   1.0688793147416518     
  -2.0571127114886552     
  -1.2810420454460019     
   2.4577367072442322     
   3.2271375019151418     
   1.1667959103740748     
   6.1909317355985885E-002
*****  m =    4  l =   19
   7.7926844283366534E-002
   1.4019781485567822     
   3.4755250103418236     
   1.8210512466625404     
  -2.0430718321239931     
  -1.2681074679905837     
   1.9291698230316829     
  0.57039181632787894     
  -1.8919249378350116     
  0.14855995844821873     
   1.6914799374312466     
 -0.80425641894963806     
  -1.2802128951241940     
   1.3057723946454149     
  0.69037940088246630     
  -1.5776847545026218     
  -0.0000000000000000     
   1.5776847545026218     
 -0.69037940088246630     
  -1.3057723946454149     
   1.2802128951241940     
  0.80425641894963806     
  -1.6914799374312466     
 -0.14855995844821873     
   1.8919249378350116     
 -0.57039181632787894     
  -1.9291698230316829     
   1.2681074679905837     
   2.0430718321239931     
  -1.8210512466625404     
  -3.4755250103418236     
  -1.4019781485567822     
  -7.7926844283366534E-002
*****  m =    4  l =   20
   9.6836360866389443E-002
   1.6579267266119979     
   3.6368960739460987     
   1.0359474043751216     
  -2.4836496064775542     
 -0.16772853250315903     
   2.1070887552689865     
 -0.80805221584479592     
  -1.4628309184740658     
   1.5123439545867077     
  0.50850489701850932     
  -1.7098930194149777     
  0.52228193322804417     
   1.3307823208945146     
  -1.3143791438790844     
 -0.50032100220078979     
   1.6110616411448393     
 -0.50032100220078979     
  -1.3143791438790844     
   1.3307823208945146     
  0.52228193322804417     
  -1.7098930194149777     
  0.50850489701850932     
   1.5123439545867077     
  -1.4628309184740658     
 -0.80805221584479592     
   2.1070887552689865     
 -0.16772853250315903     
  -2.4836496064775542     
   1.0359474043751216     
   3.6368960739460987     
   1.6579267266119979     
   9.6836360866389443E-002
*****  m =    4  l =   21
  0.11894218650708736     
   1.9316886984607822     
   3.6926773527653256     
  0.16299844621030554     
  -2.5251867518638242     
  0.97258507639992209     
   1.5341887618530139     
  -1.7990819088583323     
 -0.14281221038633457     
   1.7314056109510898     
  -1.1358394645325727     
 -0.77087561331463561     
   1.6674683971735949     
 -0.55084755059486845     
  -1.1881686944503533     
   1.4792721578887287     
   0.0000000000000000     
  -1.4792721578887287     
   1.1881686944503533     
  0.55084755059486845     
  -1.6674683971735949     
  0.77087561331463561     
   1.1358394645325727     
  -1.7314056109510898     
  0.14281221038633457     
   1.7990819088583323     
  -1.5341887618530139     
 -0.97258507639992209     
   2.5251867518638242     
 -0.16299844621030554     
  -3.6926773527653256     
  -1.9316886984607822     
 -0.11894218650708736     
*****  m =    4  l =   22
  0.14455400524555215     
   2.2194456135537588     
   3.6285650450831235     
 -0.72312727134638866     
  -2.1535141144017813     
   1.8642790445885635     
  0.41126247642208391     
  -1.9268006202060384     
   1.2624587759562593     
  0.63855851716687828     
  -1.7395803403499477     
  0.99881803223195920     
  0.72068209429998997     
  -1.6395401978079742     
  0.86178358533963551     
  0.78113331499958483     
  -1.6084146656478342     
  0.78113331499958483     
  0.86178358533963551     
  -1.6395401978079742     
  0.72068209429998997     
  0.99881803223195920     
  -1.7395803403499477     
  0.63855851716687828     
   1.2624587759562593     
  -1.9268006202060384     
  0.41126247642208391     
   1.8642790445885635     
  -2.1535141144017813     
 -0.72312727134638866     
   3.6285650450831235     
   2.2194456135537588     
  0.14455400524555215     
*****  m =    4  l =   23
  0.17398441961303329     
   2.5165511716623086     
   3.4358521750559512     
  -1.5410391847729856     
  -1.4239327210035229     
   2.2766819154216491     
 -0.85880569621740499     
  -1.1268864816118906     
   1.8901490887355350     
 -0.93770724453163457     
 -0.74980486336490793     
   1.6861573557714560     
  -1.1290128620968480     
 -0.37411046599816372     
   1.5127070141037990     
  -1.3286530739496183     
  -0.0000000000000000     
   1.3286530739496183     
  -1.5127070141037990     
  0.37411046599816372     
   1.1290128620968480     
  -1.6861573557714560     
  0.74980486336490793     
  0.93770724453163457     
  -1.8901490887355350     
   1.1268864816118906     
  0.85880569621740499     
  -2.2766819154216491     
   1.4239327210035229     
   1.5410391847729856     
  -3.4358521750559512     
  -2.5165511716623086     
 -0.17398441961303329     
*****  m =    4  l =   24
  0.20754638021303692     
   2.8175982890285907     
   3.1124741908363425     
  -2.2113093497155973     
 -0.45474171216785220     
   2.0994417232420188     
  -1.8147586769060162     
  0.21678445227857204     
   1.3522602448166410     
  -1.7981994914795347     
  0.92635754522371194     
  0.54749131045535693     
  -1.5585360334912279     
   1.4268758436673881     
 -0.28877257454812477     
  -1.0324372731302423     
   1.6064028891686410     
  -1.0324372731302423     
 -0.28877257454812477     
   1.4268758436673881     
  -1.5585360334912279     
  0.54749131045535693     
  0.92635754522371194     
  -1.7981994914795347     
   1.3522602448166410     
  0.21678445227857204     
  -1.8147586769060162     
   2.0994417232420188     
 -0.45474171216785220     
  -2.2113093497155973     
   3.1124741908363425     
   2.8175982890285907     
  0.20754638021303692     
*****  m =    4  l =   25
  0.24555050907042628     
   3.1165149104370702     
   2.6636814764865093     
  -2.6654853230272471     
  0.59117864220725469     
   1.3747965514743676     
  -2.1057146495809080     
   1.4537841544403227     
  -2.0620242244329765E-002
  -1.2861985002944276     
   1.7498958953343167     
  -1.1831757564299490     
  -2.8807952780453065E-002
   1.1761048832388021     
  -1.6201019436749080     
   1.1313695817482587     
   0.0000000000000000     
  -1.1313695817482587     
   1.6201019436749080     
  -1.1761048832388021     
   2.8807952780453065E-002
   1.1831757564299490     
  -1.7498958953343167     
   1.2861985002944276     
   2.0620242244329765E-002
  -1.4537841544403227     
   2.1057146495809080     
  -1.3747965514743676     
 -0.59117864220725469     
   2.6654853230272471     
  -2.6636814764865093     
  -3.1165149104370702     
 -0.24555050907042628     
*****  m =    4  l =   26
  0.28830233559607360     
   3.4066869559195800     
   2.1022693574417231     
  -2.8543543242576614     
   1.5338139076055963     
  0.28976492209702581     
  -1.6223764037350932     
   1.9818210282500472     
  -1.3793909071841555     
  0.20804159854206533     
  0.96344124463052194     
  -1.6288764630983115     
   1.5356599111138158     
 -0.76474504323908077     
 -0.32277570587016780     
   1.2458068448278545     
  -1.6048374482681349     
   1.2458068448278545     
 -0.32277570587016780     
 -0.76474504323908077     
   1.5356599111138158     
  -1.6288764630983115     
  0.96344124463052194     
  0.20804159854206533     
  -1.3793909071841555     
   1.9818210282500472     
  -1.6223764037350932     
  0.28976492209702581     
   1.5338139076055963     
  -2.8543543242576614     
   2.1022693574417231     
   3.4066869559195800     
  0.28830233559607360     
*****  m =    4  l =   27
  0.33609946472477314     
   3.6811058705297146     
   1.4483240179395471     
  -2.7544206486185931     
   2.2077106408045029     
 -0.87090091439142225     
 -0.54064117799730449     
   1.5417635148331987     
  -1.8808065521653932     
   1.5417845192564095     
 -0.70930999908929815     
 -0.30603477892836622     
   1.1662872230769237     
  -1.6043500290642840     
   1.4970196865929633     
 -0.89453403269559395     
  -0.0000000000000000     
  0.89453403269559395     
  -1.4970196865929633     
   1.6043500290642840     
  -1.1662872230769237     
  0.30603477892836622     
  0.70930999908929815     
  -1.5417845192564095     
   1.8808065521653932     
  -1.5417635148331987     
  0.54064117799730449     
  0.87090091439142225     
  -2.2077106408045029     
   2.7544206486185931     
  -1.4483240179395471     
  -3.6811058705297146     
 -0.33609946472477314     
*****  m =    4  l =   28
  0.38922869738884480     
   3.9325373796490197     
  0.72847465371870568     
  -2.3717288458123429     
   2.4921275460237537     
  -1.7992698890908461     
  0.74053840468213805     
  0.34732486759624553     
  -1.2122506524900312     
   1.6930409690649599     
  -1.7270924782734500     
   1.3482303146845978     
 -0.67123980942767858     
 -0.13569879214974889     
  0.88642717058923648     
  -1.4140636554371055     
   1.6035950161852102     
  -1.4140636554371055     
  0.88642717058923648     
 -0.13569879214974889     
 -0.67123980942767858     
   1.3482303146845978     
  -1.7270924782734500     
   1.6930409690649599     
  -1.2122506524900312     
  0.34732486759624553     
  0.74053840468213805     
  -1.7992698890908461     
   2.4921275460237537     
  -2.3717288458123429     
  0.72847465371870568     
   3.9325373796490197     
  0.38922869738884480     
*****  m =    4  l =   29
  0.44796312398235477     
   4.1537072681609128     
  -2.5323978396810491E-002
  -1.7424509126453718     
   2.3339260104977990     
  -2.2466187888462064     
   1.7455973762317190     
  -1.0166980890300741     
  0.21093767833801833     
  0.54524758248886984     
  -1.1511136321979656     
   1.5357931908584244     
  -1.6619525639419506     
   1.5271776624373332     
  -1.1623102117378421     
  0.62659655176959916     
   0.0000000000000000     
 -0.62659655176959916     
   1.1623102117378421     
  -1.5271776624373332     
   1.6619525639419506     
  -1.5357931908584244     
   1.1511136321979656     
 -0.54524758248886984     
 -0.21093767833801833     
   1.0166980890300741     
  -1.7455973762317190     
   2.2466187888462064     
  -2.3339260104977990     
   1.7424509126453718     
   2.5323978396810491E-002
  -4.1537072681609128     
 -0.44796312398235477     
*****  m =    4  l =   30
  0.51255921184550890     
   4.3374993250696772     
 -0.77742100685109372     
 -0.93002495324223799     
   1.7586673867937672     
  -2.0912887803941587     
   2.0993561229112148     
  -1.8799990652690501     
   1.5016492808044186     
  -1.0206138596155536     
  0.48713662186748791     
   5.2818463038667079E-002
 -0.55765651078283018     
  0.99105096695397210     
  -1.3231172978885180     
   1.5315578585171894     
  -1.6025922170656601     
   1.5315578585171894     
  -1.3231172978885180     
  0.99105096695397210     
 -0.55765651078283018     
   5.2818463038667079E-002
  0.48713662186748791     
  -1.0206138596155536     
   1.5016492808044186     
  -1.8799990652690501     
   2.0993561229112148     
  -2.0912887803941587     
   1.7586673867937672     
 -0.93002495324223799     
 -0.77742100685109372     
   4.3374993250696772     
  0.51255921184550890     
*****  m =    4  l =   31
  0.58325390805097599     
   4.4771600484639205     
  -1.4904225875122770     
  -1.9042208677826147E-002
  0.86748173552366026     
  -1.3731249526317169     
   1.6683233444741914     
  -1.8167782088795543     
   1.8536176769168411     
  -1.8009205061774596     
   1.6744432818207315     
  -1.4867970956073906     
   1.2490396098524046     
 -0.97149861356612599     
  0.66419686944770884     
 -0.33705950598939233     
  -0.0000000000000000     
  0.33705950598939233     
 -0.66419686944770884     
  0.97149861356612599     
  -1.2490396098524046     
   1.4867970956073906     
  -1.6744432818207315     
   1.8009205061774596     
  -1.8536176769168411     
   1.8167782088795543     
  -1.6683233444741914     
   1.3731249526317169     
 -0.86748173552366026     
   1.9042208677826147E-002
   1.4904225875122770     
  -4.4771600484639205     
 -0.58325390805097599     
*****  m =    4  l =   32
  0.66026177890010385     
   4.5665043083202201     
  -2.1273547297145865     
  0.89352054425360172     
 -0.18009660881381334     
 -0.28442908952138873     
  0.61253182522905125     
 -0.85719799572240984     
   1.0461293463366566     
  -1.1950103230569613     
   1.3132763685748365     
  -1.4068663175991207     
   1.4796370944146979     
  -1.5341345119938403     
   1.5720314765146870     
  -1.5943827313017922     
   1.6017710065494957     
  -1.5943827313017922     
   1.5720314765146870     
  -1.5341345119938403     
   1.4796370944146979     
  -1.4068663175991207     
   1.3132763685748365     
  -1.1950103230569613     
   1.0461293463366566     
 -0.85719799572240984     
  0.61253182522905125     
 -0.28442908952138873     
 -0.18009660881381334     
  0.89352054425360172     
  -2.1273547297145865     
   4.5665043083202201     
  0.66026177890010385     
*****  m =    5  l =    5
   4.4158027408139389E-006
   2.7627918513204846E-004
   2.5308739502078598E-003
   1.1331459734300284E-002
   3.4635285861214157E-002
   8.3181854978337452E-002
  0.16875199027159019     
  0.30161214447248830     
  0.48768135366781007     
  0.72606645593066643     
   1.0075774942216837     
   1.3146632703317307     
   1.6229308042902857     
   1.9040892091778436     
   2.1298565125023883     
   2.2761519837732465     
   2.3268138086232852     
   2.2761519837732465     
   2.1298565125023883     
   1.9040892091778436     
   1.6229308042902857     
   1.3146632703317307     
   1.0075774942216837     
  0.72606645593066643     
  0.48768135366781007     
  0.30161214447248830     
  0.16875199027159019     
   8.3181854978337452E-002
   3.4635285861214157E-002
   1.1331459734300284E-002
   2.5308739502078598E-003
   2.7627918513204846E-004
   4.4158027408139389E-006
*****  m =    5  l =    6
   1.5880400723062433E-005
   9.8264679214638191E-004
   8.8224483540836271E-003
   3.8351446631682065E-002
  0.11268068553367204     
  0.25733120335862075     
  0.49050461142459167     
  0.81259676482207066     
   1.1987302955330448     
   1.5975350299689819     
   1.9377374205562861     
   2.1418078646781304     
   2.1436562318387207     
   1.9058673130270352     
   1.4317245874344118     
  0.76840981033841460     
   0.0000000000000000     
 -0.76840981033841460     
  -1.4317245874344118     
  -1.9058673130270352     
  -2.1436562318387207     
  -2.1418078646781304     
  -1.9377374205562861     
  -1.5975350299689819     
  -1.1987302955330448     
 -0.81259676482207066     
 -0.49050461142459167     
 -0.25733120335862075     
 -0.11268068553367204     
  -3.8351446631682065E-002
  -8.8224483540836271E-003
  -9.8264679214638191E-004
  -1.5880400723062433E-005
*****  m =    5  l =    7
   4.1658533958358574E-005
   2.5446192732422146E-003
   2.2312683076738823E-002
   9.3658301224904039E-002
  0.26243295768173464     
  0.56359487178894896     
  0.99372836396364828     
   1.4923326467716480     
   1.9438687850440313     
   2.2048396583460028     
   2.1495666329145724     
   1.7192532317134634     
  0.95542543269761748     
   2.8127417443398824E-003
 -0.92293262641873819     
  -1.5943755548391629     
  -1.8395078315951792     
  -1.5943755548391629     
 -0.92293262641873819     
   2.8127417443398824E-003
  0.95542543269761748     
   1.7192532317134634     
   2.1495666329145724     
   2.2048396583460028     
   1.9438687850440313     
   1.4923326467716480     
  0.99372836396364828     
  0.56359487178894896     
  0.26243295768173464     
   9.3658301224904039E-002
   2.2312683076738823E-002
   2.5446192732422146E-003
   4.1658533958358574E-005
*****  m =    5  l =    8
   9.2002450889382828E-005
   5.5370662584105935E-003
   4.7247207503552470E-002
  0.19040228231070849     
  0.50441904434210194     
   1.0056641987681403     
   1.6084456195987649     
   2.1224433521358281     
   2.3132406094146045     
   2.0073649771606168     
   1.1935090797271461     
   6.5073375956028287E-002
  -1.0280189547834815     
  -1.7076988328078897     
  -1.7243489642281398     
  -1.0710400677886034     
  -0.0000000000000000     
   1.0710400677886034     
   1.7243489642281398     
   1.7076988328078897     
   1.0280189547834815     
  -6.5073375956028287E-002
  -1.1935090797271461     
  -2.0073649771606168     
  -2.3132406094146045     
  -2.1224433521358281     
  -1.6084456195987649     
  -1.0056641987681403     
 -0.50441904434210194     
 -0.19040228231070849     
  -4.7247207503552470E-002
  -5.5370662584105935E-003
  -9.2002450889382828E-005
*****  m =    5  l =    9
   1.8126067962745906E-004
   1.0727938533950583E-002
   8.8749365196537658E-002
  0.34127720490186775     
  0.84661111358699626     
   1.5429567993561679     
   2.1807916153916724     
   2.4072501913811877     
   1.9616752761813605     
  0.87111470562587046     
 -0.49003049568798845     
  -1.5441486473908765     
  -1.8018242102101203     
  -1.1411920985480744     
   9.4747579073841640E-002
   1.2566343567968434     
   1.7277110150608226     
   1.2566343567968434     
   9.4747579073841640E-002
  -1.1411920985480744     
  -1.8018242102101203     
  -1.5441486473908765     
 -0.49003049568798845     
  0.87111470562587046     
   1.9616752761813605     
   2.4072501913811877     
   2.1807916153916724     
   1.5429567993561679     
  0.84661111358699626     
  0.34127720490186775     
   8.8749365196537658E-002
   1.0727938533950583E-002
   1.8126067962745906E-004
*****  m =    5  l =   10
   3.2864491797274860E-004
   1.9091228770800071E-002
  0.15253427725824303     
  0.55604195562016101     
   1.2775311620666461     
   2.0876950152006839     
   2.5102768954389436     
   2.1105094876033692     
  0.86296595873896698     
 -0.70173593498025078     
  -1.7491067232043507     
  -1.6718041566768960     
 -0.53517908829704797     
  0.90934501926053202     
   1.6967948704706564     
   1.3000026908059004     
   0.0000000000000000     
  -1.3000026908059004     
  -1.6967948704706564     
 -0.90934501926053202     
  0.53517908829704797     
   1.6718041566768960     
   1.7491067232043507     
  0.70173593498025078     
 -0.86296595873896698     
  -2.1105094876033692     
  -2.5102768954389436     
  -2.0876950152006839     
  -1.2775311620666461     
 -0.55604195562016101     
 -0.15253427725824303     
  -1.9091228770800071E-002
  -3.2864491797274860E-004
*****  m =    5  l =   11
   5.5899387417079188E-004
   3.1809741512642792E-002
  0.24448269650437221     
  0.83887861768621730     
   1.7623273767648207     
   2.5173823368827506     
   2.4184456637121450     
   1.1963542627923058     
 -0.58808736399142925     
  -1.8076812619304861     
  -1.6161153625819245     
 -0.19274796645913131     
   1.3124789935005066     
   1.6760299340443778     
  0.61744509854370877     
 -0.94903102774978165     
  -1.6801700342507417     
 -0.94903102774978165     
  0.61744509854370877     
   1.6760299340443778     
   1.3124789935005066     
 -0.19274796645913131     
  -1.6161153625819245     
  -1.8076812619304861     
 -0.58808736399142925     
   1.1963542627923058     
   2.4184456637121450     
   2.5173823368827506     
   1.7623273767648207     
  0.83887861768621730     
  0.24448269650437221     
   3.1809741512642792E-002
   5.5899387417079188E-004
*****  m =    5  l =   12
   9.0352740412866261E-004
   5.0266777843442891E-002
  0.37010132138672913     
   1.1860304201589373     
   2.2435036391016796     
   2.7019783083236955     
   1.8256245029103930     
 -0.10322668729909176     
  -1.7269837815576394     
  -1.7371531182519198     
 -0.18075157704373984     
   1.4469093273302465     
   1.5813769377031270     
  0.13161434756309404     
  -1.4098011346581942     
  -1.4693184702107596     
  -0.0000000000000000     
   1.4693184702107596     
   1.4098011346581942     
 -0.13161434756309404     
  -1.5813769377031270     
  -1.4469093273302465     
  0.18075157704373984     
   1.7371531182519198     
   1.7269837815576394     
  0.10322668729909176     
  -1.8256245029103930     
  -2.7019783083236955     
  -2.2435036391016796     
  -1.1860304201589373     
 -0.37010132138672913     
  -5.0266777843442891E-002
  -9.0352740412866261E-004
*****  m =    5  l =   13
   1.4005804509324843E-003
   7.6026015393317686E-002
  0.53390727804804383     
   1.5841627706067494     
   2.6470599574671572     
   2.5398445709189423     
  0.80440548590352956     
  -1.3453386042748965     
  -1.9697846218728854     
 -0.51469071992318360     
   1.3830421355640763     
   1.6053335886554385     
  -3.8448746155781449E-002
  -1.5716848710504083     
  -1.1772173167304512     
  0.63688339989057829     
   1.6548682873224740     
  0.63688339989057829     
  -1.1772173167304512     
  -1.5716848710504083     
  -3.8448746155781449E-002
   1.6053335886554385     
   1.3830421355640763     
 -0.51469071992318360     
  -1.9697846218728854     
  -1.3453386042748965     
  0.80440548590352956     
   2.5398445709189423     
   2.6470599574671572     
   1.5841627706067494     
  0.53390727804804383     
   7.6026015393317686E-002
   1.4005804509324843E-003
*****  m =    5  l =   14
   2.0963060989275936E-003
  0.11079930986956631     
  0.73878515631081842     
   2.0098318569973759     
   2.8936230066038533     
   1.9926705860257687     
 -0.41671051605563042     
  -2.0491172669717890     
  -1.1666566106297283     
   1.0448245937577902     
   1.7572134390720138     
  0.12212370389063315     
  -1.5930993649524592     
  -1.0637269307622912     
  0.92372868984469791     
   1.5798091943238006     
   0.0000000000000000     
  -1.5798091943238006     
 -0.92372868984469791     
   1.0637269307622912     
   1.5930993649524592     
 -0.12212370389063315     
  -1.7572134390720138     
  -1.0448245937577902     
   1.1666566106297283     
   2.0491172669717890     
  0.41671051605563042     
  -1.9926705860257687     
  -2.8936230066038533     
  -2.0098318569973759     
 -0.73878515631081842     
 -0.11079930986956631     
  -2.0963060989275936E-003
*****  m =    5  l =   15
   3.0453373018655286E-003
  0.15640264079315858     
  0.98537234338132906     
   2.4303227114000214     
   2.9129313309473384     
   1.1084158373667614     
  -1.5092302187220392     
  -1.9133327549651105     
  0.26539634445611993     
   1.8617450873385222     
  0.61686043299674742     
  -1.4735571634119464     
  -1.1992513737105197     
  0.93113274995895368     
   1.5315055877145141     
 -0.31740862104652645     
  -1.6396284891701982     
 -0.31740862104652645     
   1.5315055877145141     
  0.93113274995895368     
  -1.1992513737105197     
  -1.4735571634119464     
  0.61686043299674742     
   1.8617450873385222     
  0.26539634445611993     
  -1.9133327549651105     
  -1.5092302187220392     
   1.1084158373667614     
   2.9129313309473384     
   2.4303227114000214     
  0.98537234338132906     
  0.15640264079315858     
   3.0453373018655286E-003
*****  m =    5  l =   16
   4.3113972085018354E-003
  0.21470093356571585     
   1.2715314418099961     
   2.8059448424533260     
   2.6590601819028734     
   2.3475333543935127E-002
  -2.1467919699424893     
 -0.97476674229248539     
   1.5387543517766378     
   1.3537858321627063     
  -1.0517704524742681     
  -1.5223953347790677     
  0.65674428962858833     
   1.5998103459238939     
 -0.31599753031985556     
  -1.6306340967337234     
  -0.0000000000000000     
   1.6306340967337234     
  0.31599753031985556     
  -1.5998103459238939     
 -0.65674428962858833     
   1.5223953347790677     
   1.0517704524742681     
  -1.3537858321627063     
  -1.5387543517766378     
  0.97476674229248539     
   2.1467919699424893     
  -2.3475333543935127E-002
  -2.6590601819028734     
  -2.8059448424533260     
  -1.2715314418099961     
 -0.21470093356571585     
  -4.3113972085018354E-003
*****  m =    5  l =   17
   5.9678484394126924E-003
  0.28754299120349691     
   1.5919667779811302     
   3.0936701806024440     
   2.1232673302601093     
  -1.0595611642228597     
  -2.1198670771241779     
  0.37821843618322987     
   1.9303923708811628     
 -0.12245983541677627     
  -1.7865415833763914     
   2.5783121246813583E-002
   1.6952083994422844     
   3.4638505770981467E-003
  -1.6454424856122074     
  -3.8659970221244528E-003
   1.6296812073374864     
  -3.8659970221244528E-003
  -1.6454424856122074     
   3.4638505770981467E-003
   1.6952083994422844     
   2.5783121246813583E-002
  -1.7865415833763914     
 -0.12245983541677627     
   1.9303923708811628     
  0.37821843618322987     
  -2.1198670771241779     
  -1.0595611642228597     
   2.1232673302601093     
   3.0936701806024440     
   1.5919667779811302     
  0.28754299120349691     
   5.9678484394126924E-003
*****  m =    5  l =   18
   8.0981721571127575E-003
  0.37668824353942526     
   1.9380352927649884     
   3.2517923830442004     
   1.3414670798052288     
  -1.9153414253430028     
  -1.4205674585329779     
   1.5580257528968582     
   1.2077733737227572     
  -1.5025003852479799     
 -0.93667680971168366     
   1.5389840307947578     
  0.63898519789122010     
  -1.5897631007125987     
 -0.32403081008941231     
   1.6216797128246951     
   0.0000000000000000     
  -1.6216797128246951     
  0.32403081008941231     
   1.5897631007125987     
 -0.63898519789122010     
  -1.5389840307947578     
  0.93667680971168366     
   1.5025003852479799     
  -1.2077733737227572     
  -1.5580257528968582     
   1.4205674585329779     
   1.9153414253430028     
  -1.3414670798052288     
  -3.2517923830442004     
  -1.9380352927649884     
 -0.37668824353942526     
  -8.0981721571127575E-003
*****  m =    5  l =   19
   1.0796368316524583E-002
  0.48372745197099126     
   2.2977907406962537     
   3.2451077038356799     
  0.39412217687906259     
  -2.3505729627633754     
 -0.26234881295938156     
   2.0360181593201028     
 -0.21592137032709557     
  -1.7781742183271823     
  0.74362982548823320     
   1.4154184178495259     
  -1.2029506022218446     
 -0.91804594618997470     
   1.5133067886274767     
  0.31851479030738611     
  -1.6228070820020879     
  0.31851479030738611     
   1.5133067886274767     
 -0.91804594618997470     
  -1.2029506022218446     
   1.4154184178495259     
  0.74362982548823320     
  -1.7781742183271823     
 -0.21592137032709557     
   2.0360181593201028     
 -0.26234881295938156     
  -2.3505729627633754     
  0.39412217687906259     
   3.2451077038356799     
   2.2977907406962537     
  0.48372745197099126     
   1.0796368316524583E-002
*****  m =    5  l =   20
   1.4167269083963780E-002
  0.60999987770415387     
   2.6562847727730428     
   3.0499927806811891     
 -0.60233051672907323     
  -2.2561155524387169     
  0.97876324053638553     
   1.5890987608200584     
  -1.5074178579875039     
 -0.74357739589693372     
   1.7523787458383511     
 -0.21283374810630581     
  -1.5466982688004765     
   1.0578136685483930     
  0.90547617166007921     
  -1.5543012828842397     
  -0.0000000000000000     
   1.5543012828842397     
 -0.90547617166007921     
  -1.0578136685483930     
   1.5466982688004765     
  0.21283374810630581     
  -1.7523787458383511     
  0.74357739589693372     
   1.5074178579875039     
  -1.5890987608200584     
 -0.97876324053638553     
   2.2561155524387169     
  0.60233051672907323     
  -3.0499927806811891     
  -2.6562847727730428     
 -0.60999987770415387     
  -1.4167269083963780E-002
*****  m =    5  l =   21
   1.8326758068959819E-002
  0.75650971637000086     
   2.9961301459879710     
   2.6587050399096936     
  -1.5117717708942568     
  -1.6416526188915230     
   1.8858973140075690     
  0.41467475306263052     
  -1.9003055054195923     
  0.83860915779765777     
   1.1828515672670128     
  -1.6090701119857862     
   3.2818230648493825E-002
   1.5197769350583186     
  -1.1611512284710348     
 -0.61713657402222788     
   1.6178482636394802     
 -0.61713657402222788     
  -1.1611512284710348     
   1.5197769350583186     
   3.2818230648493825E-002
  -1.6090701119857862     
   1.1828515672670128     
  0.83860915779765777     
  -1.9003055054195923     
  0.41467475306263052     
   1.8858973140075690     
  -1.6416526188915230     
  -1.5117717708942568     
   2.6587050399096936     
   2.9961301459879710     
  0.75650971637000086     
   1.8326758068959819E-002
*****  m =    5  l =   22
   2.3401888722498848E-002
  0.92384480948565761     
   3.2983112696639196     
   2.0822690802066735     
  -2.2000385057076266     
 -0.64188844861107131     
   2.1453962630935766     
 -0.94870951337723775     
  -1.1564885803483937     
   1.7923609490498367     
 -0.45234756955236205     
  -1.2805329526246059     
   1.5673095713784657     
 -0.18876876031616927     
  -1.3475796949696561     
   1.4315664187568251     
   0.0000000000000000     
  -1.4315664187568251     
   1.3475796949696561     
  0.18876876031616927     
  -1.5673095713784657     
   1.2805329526246059     
  0.45234756955236205     
  -1.7923609490498367     
   1.1564885803483937     
  0.94870951337723775     
  -2.1453962630935766     
  0.64188844861107131     
   2.2000385057076266     
  -2.0822690802066735     
  -3.2983112696639196     
 -0.92384480948565761     
  -2.3401888722498848E-002
*****  m =    5  l =   23
   2.9530896014929742E-002
   1.1121007536977165     
   3.5432070300711946     
   1.3514382739941084     
  -2.5582642796660311     
  0.50968427125799420     
   1.6614053169476120     
  -1.8659309739464203     
  0.28087685979640820     
   1.4039260039354746     
  -1.6744084926026714     
  0.42009972278911151     
   1.1434486604173351     
  -1.6236521272317606     
  0.64382252649353733     
  0.89030695988385444     
  -1.6141487824649159     
  0.89030695988385444     
  0.64382252649353733     
  -1.6236521272317606     
   1.1434486604173351     
  0.42009972278911151     
  -1.6744084926026714     
   1.4039260039354746     
  0.28087685979640820     
  -1.8659309739464203     
   1.6614053169476120     
  0.50968427125799420     
  -2.5582642796660311     
   1.3514382739941084     
   3.5432070300711946     
   1.1121007536977165     
   2.9530896014929742E-002
*****  m =    5  l =   24
   3.6863096313393878E-002
   1.3208135352429502     
   3.7117718771895696     
  0.51542398233898346     
  -2.5236364481407936     
   1.5346614168480108     
  0.59711696677757853     
  -1.9036882363900884     
   1.5456495642730343     
  -3.7248555704641084E-002
  -1.3744580297706370     
   1.6660509451477175     
 -0.70778807702844626     
 -0.73311379381159913     
   1.5902868718912959     
  -1.2582815645055114     
  -0.0000000000000000     
   1.2582815645055114     
  -1.5902868718912959     
  0.73311379381159913     
  0.70778807702844626     
  -1.6660509451477175     
   1.3744580297706370     
   3.7248555704641084E-002
  -1.5456495642730343     
   1.9036882363900884     
 -0.59711696677757853     
  -1.5346614168480108     
   2.5236364481407936     
 -0.51542398233898346     
  -3.7117718771895696     
  -1.3208135352429502     
  -3.6863096313393878E-002
*****  m =    5  l =   25
   4.5558671228190094E-002
   1.5489037159747767     
   3.7868050247028986     
 -0.36165667005537072     
  -2.0934511958887203     
   2.1784870359800927     
 -0.67608402325750550     
  -1.0404199478151324     
   1.8700806838834663     
  -1.4478489552848188     
  0.17528702015713943     
   1.1169880467919178     
  -1.6706085496881720     
   1.2054511500615299     
  -3.7600775252543621E-002
  -1.1291820293466182     
   1.6113129451097672     
  -1.1291820293466182     
  -3.7600775252543621E-002
   1.2054511500615299     
  -1.6706085496881720     
   1.1169880467919178     
  0.17528702015713943     
  -1.4478489552848188     
   1.8700806838834663     
  -1.0404199478151324     
 -0.67608402325750550     
   2.1784870359800927     
  -2.0934511958887203     
 -0.36165667005537072     
   3.7868050247028986     
   1.5489037159747767     
   4.5558671228190094E-002
*****  m =    5  l =   26
   5.5788332085412229E-002
   1.7946349884307047     
   3.7542256730630399     
  -1.2063799976617289     
  -1.3293401902872359     
   2.2764474542499191     
  -1.7067846637695288     
  0.31658372611517699     
   1.0545556712227027     
  -1.7631641964797982     
   1.5628376060657925     
 -0.63503213399450742     
 -0.54038069379423859     
   1.4138676646327442     
  -1.6021017477345192     
   1.0408923845574729     
   0.0000000000000000     
  -1.0408923845574729     
   1.6021017477345192     
  -1.4138676646327442     
  0.54038069379423859     
  0.63503213399450742     
  -1.5628376060657925     
   1.7631641964797982     
  -1.0545556712227027     
 -0.31658372611517699     
   1.7067846637695288     
  -2.2764474542499191     
   1.3293401902872359     
   1.2063799976617289     
  -3.7542256730630399     
  -1.7946349884307047     
  -5.5788332085412229E-002
*****  m =    5  l =   27
   6.7732862604487631E-002
   2.0555896040340951     
   3.6042655283996856     
  -1.9431543378853133     
 -0.35021404902090120     
   1.7990207778146701     
  -2.1246950583658597     
   1.5203513452214856     
 -0.40459569573915322     
 -0.74356333599579783     
   1.5212115834577313     
  -1.6993261527205512     
   1.2654788981235858     
 -0.40510330043950799     
 -0.57025083304496282     
   1.3259406319876927     
  -1.6090899324001253     
   1.3259406319876927     
 -0.57025083304496282     
 -0.40510330043950799     
   1.2654788981235858     
  -1.6993261527205512     
   1.5212115834577313     
 -0.74356333599579783     
 -0.40459569573915322     
   1.5203513452214856     
  -2.1246950583658597     
   1.7990207778146701     
 -0.35021404902090120     
  -1.9431543378853133     
   3.6042655283996856     
   2.0555896040340951     
   6.7732862604487631E-002
*****  m =    5  l =   28
   8.1582538308507660E-002
   2.3286627673602229     
   3.3324893245953957     
  -2.5021635107469500     
  0.68547357271924980     
  0.86344012761362376     
  -1.7764209301195317     
   1.9926598861889904     
  -1.6138310251775314     
  0.83880796191491447     
   8.8130890811882107E-002
 -0.92626829212726025     
   1.4819004834501124     
  -1.6406852958126608     
   1.3840557359983954     
 -0.78729642152580814     
  -0.0000000000000000     
  0.78729642152580814     
  -1.3840557359983954     
   1.6406852958126608     
  -1.4819004834501124     
  0.92626829212726025     
  -8.8130890811882107E-002
 -0.83880796191491447     
   1.6138310251775314     
  -1.9926598861889904     
   1.7764209301195317     
 -0.86344012761362376     
 -0.68547357271924980     
   2.5021635107469500     
  -3.3324893245953957     
  -2.3286627673602229     
  -8.1582538308507660E-002
*****  m =    5  l =   29
   9.7536422166755260E-002
   2.6100775904863340     
   2.9405599155568387     
  -2.8272316596395779     
   1.6054761165134797     
 -0.29305306070240983     
 -0.78492891273402332     
   1.5041035201641690     
  -1.8293719445029504     
   1.7819047338457057     
  -1.4241014478910674     
  0.84778248391629984     
 -0.16198275244937771     
 -0.51999366584192608     
   1.0934744837010659     
  -1.4741273479772024     
   1.6073142210638363     
  -1.4741273479772024     
   1.0934744837010659     
 -0.51999366584192608     
 -0.16198275244937771     
  0.84778248391629984     
  -1.4241014478910674     
   1.7819047338457057     
  -1.8293719445029504     
   1.5041035201641690     
 -0.78492891273402332     
 -0.29305306070240983     
   1.6054761165134797     
  -2.8272316596395779     
   2.9405599155568387     
   2.6100775904863340     
   9.7536422166755260E-002
*****  m =    5  l =   30
  0.11580153695661045     
   2.8954216278836795     
   2.4366766888898903     
  -2.8826781524981393     
   2.2531934369480289     
  -1.3725300954700907     
  0.49132287800056951     
  0.28871178705267908     
 -0.91708440607414421     
   1.3673556324679945     
  -1.6285820926423151     
   1.7022494581169181     
  -1.6007770651431972     
   1.3462914826048560     
 -0.96922187022151984     
  0.50658954017853153     
   0.0000000000000000     
 -0.50658954017853153     
  0.96922187022151984     
  -1.3462914826048560     
   1.6007770651431972     
  -1.7022494581169181     
   1.6285820926423151     
  -1.3673556324679945     
  0.91708440607414421     
 -0.28871178705267908     
 -0.49132287800056951     
   1.3725300954700907     
  -2.2531934369480289     
   2.8826781524981393     
  -2.4366766888898903     
  -2.8954216278836795     
 -0.11580153695661045     
*****  m =    5  l =   31
  0.13659191582984553     
   3.1797053799079191     
   1.8356339972059703     
  -2.6582960004313452     
   2.5155609774350123     
  -2.0934343294626658     
   1.5868021378383232     
  -1.0656189173039052     
  0.56089593430421636     
  -8.9550203272061715E-002
 -0.33733386391477943     
  0.71150636418576596     
  -1.0264227918542554     
   1.2768310277546244     
  -1.4586429777506245     
   1.5689165012085098     
  -1.6058728596332907     
   1.5689165012085098     
  -1.4586429777506245     
   1.2768310277546244     
  -1.0264227918542554     
  0.71150636418576596     
 -0.33733386391477943     
  -8.9550203272061715E-002
  0.56089593430421636     
  -1.0656189173039052     
   1.5868021378383232     
  -2.0934343294626658     
   2.5155609774350123     
  -2.6582960004313452     
   1.8356339972059703     
   3.1797053799079191     
  0.13659191582984553     
*****  m =    5  l =   32
  0.16012753356983378     
   3.4574424797958985     
   1.1584690071439654     
  -2.1717623021991552     
   2.3441937953716168     
  -2.2651868379226023     
   2.0990151732092817     
  -1.9006096212692773     
   1.6905159719626528     
  -1.4768847390757125     
   1.2629672586123137     
  -1.0499616390475366     
  0.83817952780498539     
 -0.62754970744831473     
  0.41784127617437727     
 -0.20876209663793080     
  -0.0000000000000000     
  0.20876209663793080     
 -0.41784127617437727     
  0.62754970744831473     
 -0.83817952780498539     
   1.0499616390475366     
  -1.2629672586123137     
   1.4768847390757125     
  -1.6905159719626528     
   1.9006096212692773     
  -2.0990151732092817     
   2.2651868379226023     
  -2.3441937953716168     
   2.1717623021991552     
  -1.1584690071439654     
  -3.4574424797958985     
 -0.16012753356983378     
*****  m =    6  l =    6
   3.2964031788409103E-007
   4.7167898395340987E-005
   6.7290436501387253E-004
   4.0660410463592127E-003
   1.5540008726418596E-002
   4.4469582063930008E-002
  0.10392676549671391     
  0.20862546421228867     
  0.37135742148117207     
  0.59868775303313326     
  0.88708018137137645     
   1.2206921792393748     
   1.5717690431852336     
   1.9039409589001770     
   2.1779562024172003     
   2.3586865775862988     
   2.4218245962496949     
   2.3586865775862988     
   2.1779562024172003     
   1.9039409589001770     
   1.5717690431852336     
   1.2206921792393748     
  0.88708018137137645     
  0.59868775303313326     
  0.37135742148117207     
  0.20862546421228867     
  0.10392676549671391     
   4.4469582063930008E-002
   1.5540008726418596E-002
   4.0660410463592127E-003
   6.7290436501387253E-004
   4.7167898395340987E-005
   3.2964031788409103E-007
*****  m =    6  l =    7
   1.2734035905375494E-006
   1.8020621046013166E-004
   2.5196830116616031E-003
   1.4782286061574303E-002
   5.4307012932773284E-002
  0.14777496022041434     
  0.32448569486424306     
  0.60376444433213472     
  0.98050856470986369     
   1.4149736243723214     
   1.8325393031041757     
   2.1362205810171240     
   2.2300665397737589     
   2.0470705011532644     
   1.5726505549824992     
  0.85533419021638779     
   0.0000000000000000     
 -0.85533419021638779     
  -1.5726505549824992     
  -2.0470705011532644     
  -2.2300665397737589     
  -2.1362205810171240     
  -1.8325393031041757     
  -1.4149736243723214     
 -0.98050856470986369     
 -0.60376444433213472     
 -0.32448569486424306     
 -0.14777496022041434     
  -5.4307012932773284E-002
  -1.4782286061574303E-002
  -2.5196830116616031E-003
  -1.8020621046013166E-004
  -1.2734035905375494E-006
*****  m =    6  l =    8
   3.5761325800021595E-006
   4.9970840555608618E-004
   6.8273117797167451E-003
   3.8706966044167686E-002
  0.13577015699328449     
  0.34798405793904191     
  0.70844277049159288     
   1.1989264005631270     
   1.7278738902057438     
   2.1393103421922448     
   2.2585695497517309     
   1.9617838702320975     
   1.2407156170927249     
  0.23143526742587514     
 -0.81221790771319602     
  -1.5961903454803743     
  -1.8870705223308424     
  -1.5961903454803743     
 -0.81221790771319602     
  0.23143526742587514     
   1.2407156170927249     
   1.9617838702320975     
   2.2585695497517309     
   2.1393103421922448     
   1.7278738902057438     
   1.1989264005631270     
  0.70844277049159288     
  0.34798405793904191     
  0.13577015699328449     
   3.8706966044167686E-002
   6.8273117797167451E-003
   4.9970840555608618E-004
   3.5761325800021595E-006
*****  m =    6  l =    9
   8.4257785202194551E-006
   1.1606716829388691E-003
   1.5447537877463979E-002
   8.4220437386574476E-002
  0.28000242348773224     
  0.66872872328925037     
   1.2420377628428914     
   1.8641623873928592     
   2.2854085634272026     
   2.2414268617574034     
   1.6006657276257599     
  0.47838574576326348     
 -0.76207278296646808     
  -1.6452116155542083     
  -1.8018631383132135     
  -1.1597512386409872     
  -0.0000000000000000     
   1.1597512386409872     
   1.8018631383132135     
   1.6452116155542083     
  0.76207278296646808     
 -0.47838574576326348     
  -1.6006657276257599     
  -2.2414268617574034     
  -2.2854085634272026     
  -1.8641623873928592     
  -1.2420377628428914     
 -0.66872872328925037     
 -0.28000242348773224     
  -8.4220437386574476E-002
  -1.5447537877463979E-002
  -1.1606716829388691E-003
  -8.4257785202194551E-006
*****  m =    6  l =   10
   1.7651075100621784E-005
   2.3930851259897513E-003
   3.0928039825618040E-002
  0.16132222647745242     
  0.50430360172899091     
   1.1083347309564737     
   1.8398325678435923     
   2.3606795320623575     
   2.2798933746115102     
   1.4214859992063402     
   2.6860865670784044E-002
  -1.2886011087870841     
  -1.8533784355182576     
  -1.3560766067603969     
  -8.1832893124756154E-002
   1.2164675760919161     
   1.7586911866332320     
   1.2164675760919161     
  -8.1832893124756154E-002
  -1.3560766067603969     
  -1.8533784355182576     
  -1.2886011087870841     
   2.6860865670784044E-002
   1.4214859992063402     
   2.2798933746115102     
   2.3606795320623575     
   1.8398325678435923     
   1.1083347309564737     
  0.50430360172899091     
  0.16132222647745242     
   3.0928039825618040E-002
   2.3930851259897513E-003
   1.7651075100621784E-005
*****  m =    6  l =   11
   3.3923616490239243E-005
   4.5192020520542229E-003
   5.6531512026151275E-002
  0.28057410286136436     
  0.81739513096819449     
   1.6284367824086448     
   2.3498391933413134     
   2.4251817389605481     
   1.5231516486165808     
  -7.2091392847078661E-002
  -1.4940050972435996     
  -1.8446754877006450     
 -0.89094405420586553     
  0.67329448804960157     
   1.6838727448601158     
   1.3787255766861768     
   0.0000000000000000     
  -1.3787255766861768     
  -1.6838727448601158     
 -0.67329448804960157     
  0.89094405420586553     
   1.8446754877006450     
   1.4940050972435996     
   7.2091392847078661E-002
  -1.5231516486165808     
  -2.4251817389605481     
  -2.3498391933413134     
  -1.6284367824086448     
 -0.81739513096819449     
 -0.28057410286136436     
  -5.6531512026151275E-002
  -4.5192020520542229E-003
  -3.3923616490239243E-005
*****  m =    6  l =   12
   6.0988062499441833E-005
   7.9699389585721672E-003
   9.6175777244335584E-002
  0.45155279108848762     
   1.2136717124363188     
   2.1511014252972753     
   2.5901325741991363     
   1.8963462143369956     
  0.18910774096824109     
  -1.4774530309560041     
  -1.8647343129306855     
 -0.67593672932437510     
   1.0408926760972190     
   1.7439109861220692     
  0.80359493716425545     
 -0.87962814228748665     
  -1.7023448031992501     
 -0.87962814228748665     
  0.80359493716425545     
   1.7439109861220692     
   1.0408926760972190     
 -0.67593672932437510     
  -1.8647343129306855     
  -1.4774530309560041     
  0.18910774096824109     
   1.8963462143369956     
   2.5901325741991363     
   2.1511014252972753     
   1.2136717124363188     
  0.45155279108848762     
   9.6175777244335584E-002
   7.9699389585721672E-003
   6.0988062499441833E-005
*****  m =    6  l =   13
   1.0391994986806683E-004
   1.3299327636427246E-002
  0.15428378737059945     
  0.68096444498532493     
   1.6690365966011536     
   2.5680299814455760     
   2.4097778033488511     
  0.82444223733629274     
  -1.1966888935265785     
  -1.9607642478833653     
 -0.78205437638985753     
   1.1129824886225856     
   1.7289143447791400     
  0.43327786988917638     
  -1.3065225034286496     
  -1.5316572841127654     
  -0.0000000000000000     
   1.5316572841127654     
   1.3065225034286496     
 -0.43327786988917638     
  -1.7289143447791400     
  -1.1129824886225856     
  0.78205437638985753     
   1.9607642478833653     
   1.1966888935265785     
 -0.82444223733629274     
  -2.4097778033488511     
  -2.5680299814455760     
  -1.6690365966011536     
 -0.68096444498532493     
 -0.15428378737059945     
  -1.3299327636427246E-002
  -1.0391994986806683E-004
*****  m =    6  l =   14
   1.6940984521115367E-004
   2.1195876063477601E-002
  0.23553938722310244     
  0.97065771949266932     
   2.1397658241986428     
   2.7620095287357946     
   1.7541321229914459     
 -0.49932927649555153     
  -1.9904414984598491     
  -1.1961642988966246     
  0.90830935981461747     
   1.7762533770774371     
  0.37901066483377499     
  -1.4463694519038459     
  -1.3279590789858184     
  0.54651108830895168     
   1.6716384542099634     
  0.54651108830895168     
  -1.3279590789858184     
  -1.4463694519038459     
  0.37901066483377499     
   1.7762533770774371     
  0.90830935981461747     
  -1.1961642988966246     
  -1.9904414984598491     
 -0.49932927649555153     
   1.7541321229914459     
   2.7620095287357946     
   2.1397658241986428     
  0.97065771949266932     
  0.23553938722310244     
   2.1195876063477601E-002
   1.6940984521115367E-004
*****  m =    6  l =   15
   2.6607209388059553E-004
   3.2489710597267511E-002
  0.34455356635608553     
   1.3158340342134218     
   2.5654081747368109     
   2.6367283547318712     
  0.70836409291106650     
  -1.6265577716444779     
  -1.7796543688633457     
  0.34109950601216238     
   1.8276600281314628     
  0.65316649081968492     
  -1.4016982659510286     
  -1.3028770822972138     
  0.74811444030682883     
   1.6216451324273982     
   0.0000000000000000     
  -1.6216451324273982     
 -0.74811444030682883     
   1.3028770822972138     
   1.4016982659510286     
 -0.65316649081968492     
  -1.8276600281314628     
 -0.34109950601216238     
   1.7796543688633457     
   1.6265577716444779     
 -0.70836409291106650     
  -2.6367283547318712     
  -2.5654081747368109     
  -1.3158340342134218     
 -0.34455356635608553     
  -3.2489710597267511E-002
  -2.6607209388059553E-004
*****  m =    6  l =   16
   4.0477598294488560E-004
   4.8154446200905476E-002
  0.48545541706130718     
   1.7037764992362003     
   2.8759755249729473     
   2.1475939492261773     
 -0.50294424690713935     
  -2.1271990134069778     
 -0.64822083313912671     
   1.6315420088616992     
   1.2040920802350530     
  -1.1198130222519276     
  -1.4820369534985425     
  0.65012393103267974     
   1.6137606793195096     
 -0.21293390033130766     
  -1.6527984074788602     
 -0.21293390033130766     
   1.6137606793195096     
  0.65012393103267974     
  -1.4820369534985425     
  -1.1198130222519276     
   1.2040920802350530     
   1.6315420088616992     
 -0.64822083313912671     
  -2.1271990134069778     
 -0.50294424690713935     
   2.1475939492261773     
   2.8759755249729473     
   1.7037764992362003     
  0.48545541706130718     
   4.8154446200905476E-002
   4.0477598294488560E-004
*****  m =    6  l =   17
   5.9899672505838678E-004
   6.9302858844998497E-002
  0.66143127848751104     
   2.1133945768717317     
   3.0027470434278540     
   1.3245073099849474     
  -1.5681861769682421     
  -1.7845402564159656     
  0.81914833959327227     
   1.7893371016999522     
 -0.43866541505206302     
  -1.7282962178462145     
  0.22882033042492692     
   1.6765657940681584     
  -9.8416392194095925E-002
  -1.6493921610896545     
  -0.0000000000000000     
   1.6493921610896545     
   9.8416392194095925E-002
  -1.6765657940681584     
 -0.22882033042492692     
   1.7282962178462145     
  0.43866541505206302     
  -1.7893371016999522     
 -0.81914833959327227     
   1.7845402564159656     
   1.5681861769682421     
  -1.3245073099849474     
  -3.0027470434278540     
  -2.1133945768717317     
 -0.66143127848751104     
  -6.9302858844998497E-002
  -5.9899672505838678E-004
*****  m =    6  l =   18
   8.6518328171986277E-004
   9.7175611483309970E-002
  0.87424371272642698     
   2.5158082664216721     
   2.8910918876428786     
  0.27844711234407427     
  -2.1816190149556718     
 -0.71647532446432982     
   1.8274978580524726     
  0.69621680097041239     
  -1.6911535614692070     
 -0.54460831150378319     
   1.6485980175700701     
  0.34173054899955280     
  -1.6404825194022004     
 -0.11615240943224298     
   1.6403170326386582     
 -0.11615240943224298     
  -1.6404825194022004     
  0.34173054899955280     
   1.6485980175700701     
 -0.54460831150378319     
  -1.6911535614692070     
  0.69621680097041239     
   1.8274978580524726     
 -0.71647532446432982     
  -2.1816190149556718     
  0.27844711234407427     
   2.8910918876428786     
   2.5158082664216721     
  0.87424371272642698     
   9.7175611483309970E-002
   8.6518328171986277E-004
*****  m =    6  l =   19
   1.2231396809941552E-003
  0.13312250726399147     
   1.1237682116323853     
   2.8760790659136970     
   2.5130183565997144     
 -0.81274024276587042     
  -2.1475954629984861     
  0.64518841737119093     
   1.8112145838577898     
 -0.88281664474387733     
  -1.4648257816310548     
   1.1988728610321455     
   1.0452160728995434     
  -1.4660958041220815     
 -0.54667098704169248     
   1.6160757173979661     
   0.0000000000000000     
  -1.6160757173979661     
  0.54667098704169248     
   1.4660958041220815     
  -1.0452160728995434     
  -1.1988728610321455     
   1.4648257816310548     
  0.88281664474387733     
  -1.8112145838577898     
 -0.64518841737119093     
   2.1475954629984861     
  0.81274024276587042     
  -2.5130183565997144     
  -2.8760790659136970     
  -1.1237682116323853     
 -0.13312250726399147     
  -1.2231396809941552E-003
*****  m =    6  l =   20
   1.6964161485595649E-003
  0.17857600435309673     
   1.4075891677769861     
   3.1560477380258489     
   1.8768643226131163     
  -1.7385277162611319     
  -1.4586726918573507     
   1.7231111717358765     
  0.77018726764775480     
  -1.8216471685667019     
   4.4564753407888777E-002
   1.6770886365827300     
 -0.83728911689126484     
  -1.1929518709690030     
   1.4181325550442445     
  0.43267718447019959     
  -1.6315855467857989     
  0.43267718447019959     
   1.4181325550442445     
  -1.1929518709690030     
 -0.83728911689126484     
   1.6770886365827300     
   4.4564753407888777E-002
  -1.8216471685667019     
  0.77018726764775480     
   1.7231111717358765     
  -1.4586726918573507     
  -1.7385277162611319     
   1.8768643226131163     
   3.1560477380258489     
   1.4075891677769861     
  0.17857600435309673     
   1.6964161485595649E-003
*****  m =    6  l =   21
   2.3127060644477166E-003
  0.23501701773987657     
   1.7206971285122183     
   3.3180791135574879     
   1.0317649784126979     
  -2.3031825843943348     
 -0.31560843655772763     
   2.0441131724521773     
 -0.70750648290376250     
  -1.4405331659308318     
   1.5077744695581983     
  0.38762870520747333     
  -1.6804408428980873     
  0.76848032118660392     
   1.0958271395394887     
  -1.5242190157622035     
  -0.0000000000000000     
   1.5242190157622035     
  -1.0958271395394887     
 -0.76848032118660392     
   1.6804408428980873     
 -0.38762870520747333     
  -1.5077744695581983     
   1.4405331659308318     
  0.70750648290376250     
  -2.0441131724521773     
  0.31560843655772763     
   2.3031825843943348     
  -1.0317649784126979     
  -3.3180791135574879     
  -1.7206971285122183     
 -0.23501701773987657     
  -2.3127060644477166E-003
*****  m =    6  l =   22
   3.1042444835235423E-003
  0.30393334509915920     
   2.0553263842891059     
   3.3293632989175705     
   6.5279116308928117E-002
  -2.3752275912839678     
  0.92420646191935629     
   1.4580046507684041     
  -1.7695937298328226     
  -1.2409462552261059E-002
   1.6270177459696737     
  -1.3065389232203466     
 -0.44538188034252835     
   1.6316707181529388     
 -0.98800051163706282     
 -0.72758804855789228     
   1.6252219628770432     
 -0.72758804855789228     
 -0.98800051163706282     
   1.6316707181529388     
 -0.44538188034252835     
  -1.3065389232203466     
   1.6270177459696737     
  -1.2409462552261059E-002
  -1.7695937298328226     
   1.4580046507684041     
  0.92420646191935629     
  -2.3752275912839678     
   6.5279116308928117E-002
   3.3293632989175705     
   2.0553263842891059     
  0.30393334509915920     
   3.1042444835235423E-003
*****  m =    6  l =   23
   4.1082037179546492E-003
  0.38677137553550256     
   2.4009654795019575     
   3.1663027657344593     
 -0.90627769441957140     
  -1.9257326423161183     
   1.8577458010904064     
  0.21934424562051788     
  -1.7936116494212111     
   1.4199812225505588     
  0.29481918050319528     
  -1.6090992537012787     
   1.3368171325372380     
  0.17232142022079222     
  -1.4736528269502869     
   1.3779661042046334     
   0.0000000000000000     
  -1.3779661042046334     
   1.4736528269502869     
 -0.17232142022079222     
  -1.3368171325372380     
   1.6090992537012787     
 -0.29481918050319528     
  -1.4199812225505588     
   1.7936116494212111     
 -0.21934424562051788     
  -1.8577458010904064     
   1.9257326423161183     
  0.90627769441957140     
  -3.1663027657344593     
  -2.4009654795019575     
 -0.38677137553550256     
  -4.1082037179546492E-003
*****  m =    6  l =   24
   5.3670812768227298E-003
  0.48488206038817544     
   2.7445635142808849     
   2.8184454458839459     
  -1.7538563783484220     
  -1.0440012284858613     
   2.1713671705761599     
  -1.1152299355588950     
 -0.76079972721140410     
   1.8018866107691838     
  -1.2974722779580510     
 -0.19881762366473779     
   1.4554289486441458     
  -1.5280703386547216     
  0.41769776503816558     
  0.99188966760922836     
  -1.6204328751050145     
  0.99188966760922836     
  0.41769776503816558     
  -1.5280703386547216     
   1.4554289486441458     
 -0.19881762366473779     
  -1.2974722779580510     
   1.8018866107691838     
 -0.76079972721140410     
  -1.1152299355588950     
   2.1713671705761599     
  -1.0440012284858613     
  -1.7538563783484220     
   2.8184454458839459     
   2.7445635142808849     
  0.48488206038817544     
   5.3670812768227298E-003
*****  m =    6  l =   25
   6.9290752936188105E-003
  0.59946243239787977     
   3.0709426424951887     
   2.2914193056193248     
  -2.3557728566764835     
   7.5657684354395502E-002
   1.7526894872085119     
  -1.9352796733046116     
  0.72063310325232066     
  0.84862365531391448     
  -1.7195604677887679     
   1.4198940180483548     
 -0.23511310356502824     
  -1.0456566154348894     
   1.6302493860616318     
  -1.1831051795179288     
  -0.0000000000000000     
   1.1831051795179288     
  -1.6302493860616318     
   1.0456566154348894     
  0.23511310356502824     
  -1.4198940180483548     
   1.7195604677887679     
 -0.84862365531391448     
 -0.72063310325232066     
   1.9352796733046116     
  -1.7526894872085119     
  -7.5657684354395502E-002
   2.3557728566764835     
  -2.2914193056193248     
  -3.0709426424951887     
 -0.59946243239787977     
  -6.9290752936188105E-003
*****  m =    6  l =   26
   8.8484424483995325E-003
  0.73149424158179255     
   3.3634127282067348     
   1.6083904014737596     
  -2.6185779076835276     
   1.1750251008823660     
  0.73734790464346478     
  -1.8591962813538898     
   1.7686900070333198     
 -0.73350687159339312     
 -0.59041953693367921     
   1.5168733227844768     
  -1.6291149940786787     
  0.92802007662409791     
  0.20788811307599392     
  -1.2172801631078716     
   1.6167341081223654     
  -1.2172801631078716     
  0.20788811307599392     
  0.92802007662409791     
  -1.6291149940786787     
   1.5168733227844768     
 -0.59041953693367921     
 -0.73350687159339312     
   1.7686900070333198     
  -1.8591962813538898     
  0.73734790464346478     
   1.1750251008823660     
  -2.6185779076835276     
   1.6083904014737596     
   3.3634127282067348     
  0.73149424158179255     
   8.8484424483995325E-003
*****  m =    6  l =   27
   1.1185833309377754E-002
  0.88168152168567837     
   3.6045686669592185     
  0.80970150492386861     
  -2.4949283708123060     
   1.9922167264962296     
 -0.53001685873592008     
 -0.91790212566718821     
   1.7537916305041437     
  -1.7649400190229074     
   1.0701887922617472     
  -1.1306853649771556E-002
 -0.98938118827970012     
   1.5719158597735563     
  -1.5474566643819614     
  0.94695307545442753     
   0.0000000000000000     
 -0.94695307545442753     
   1.5474566643819614     
  -1.5719158597735563     
  0.98938118827970012     
   1.1306853649771556E-002
  -1.0701887922617472     
   1.7649400190229074     
  -1.7537916305041437     
  0.91790212566718821     
  0.53001685873592008     
  -1.9922167264962296     
   2.4949283708123060     
 -0.80970150492386861     
  -3.6045686669592185     
 -0.88168152168567837     
  -1.1185833309377754E-002
*****  m =    6  l =   28
   1.4008599979927885E-002
   1.0503890994289351     
   3.7772355163863320     
  -4.9459944677616510E-002
  -1.9949196076012161     
   2.3265213490775905     
  -1.6107592471718779     
  0.45167252894359716     
  0.68221087738016528     
  -1.4727749549275941     
   1.7579733170440861     
  -1.5245944263500206     
  0.88415504847848225     
  -3.2975658068528126E-002
 -0.79815429925160264     
   1.3965993737098668     
  -1.6138156105116714     
   1.3965993737098668     
 -0.79815429925160264     
  -3.2975658068528126E-002
  0.88415504847848225     
  -1.5245944263500206     
   1.7579733170440861     
  -1.4727749549275941     
  0.68221087738016528     
  0.45167252894359716     
  -1.6107592471718779     
   2.3265213490775905     
  -1.9949196076012161     
  -4.9459944677616510E-002
   3.7772355163863320     
   1.0503890994289351     
   1.4008599979927885E-002
*****  m =    6  l =   29
   1.7391070942374551E-002
   1.2375842004577657     
   3.8655124819258480     
 -0.90328785575745252     
  -1.1882745152631862     
   2.0910458300881953     
  -2.1249480706579833     
   1.6062512713750605     
 -0.80035717885550262     
  -7.4891639306571015E-002
  0.84810149754501607     
  -1.3967486060814718     
   1.6498117042140610     
  -1.5880861220754463     
   1.2408042506397881     
 -0.67814823436881033     
  -0.0000000000000000     
  0.67814823436881033     
  -1.2408042506397881     
   1.5880861220754463     
  -1.6498117042140610     
   1.3967486060814718     
 -0.84810149754501607     
   7.4891639306571015E-002
  0.80035717885550262     
  -1.6062512713750605     
   2.1249480706579833     
  -2.0910458300881953     
   1.1882745152631862     
  0.90328785575745252     
  -3.8655124819258480     
  -1.2375842004577657     
  -1.7391070942374551E-002
*****  m =    6  l =   30
   2.1414788040179981E-002
   1.4427833830335637     
   3.8558551143002986     
  -1.6811630553594468     
 -0.19629392286062178     
   1.3386179985706614     
  -1.8878504031143346     
   1.9986229113806899     
  -1.7948256712086343     
   1.3773592128558521     
 -0.83215353200135300     
  0.23428819025792144     
  0.35066571676264091     
 -0.86686356574567880     
   1.2691390056347092     
  -1.5241624049141853     
   1.6114709122487660     
  -1.5241624049141853     
   1.2691390056347092     
 -0.86686356574567880     
  0.35066571676264091     
  0.23428819025792144     
 -0.83215353200135300     
   1.3773592128558521     
  -1.7948256712086343     
   1.9986229113806899     
  -1.8878504031143346     
   1.3386179985706614     
 -0.19629392286062178     
  -1.6811630553594468     
   3.8558551143002986     
   1.4427833830335637     
   2.1414788040179981E-002
*****  m =    6  l =   31
   2.6168700635625479E-002
   1.6650070369147900     
   3.7381268319638252     
  -2.3145061166745595     
  0.82569758351893896     
  0.25275881121352284     
 -0.97992787210493582     
   1.4398904375729464     
  -1.6947139194237433     
   1.7880164134888994     
  -1.7517062915197568     
   1.6106964181970393     
  -1.3858057522008518     
   1.0954931473871117     
 -0.75688455503457686     
  0.38637807057343732     
   0.0000000000000000     
 -0.38637807057343732     
  0.75688455503457686     
  -1.0954931473871117     
   1.3858057522008518     
  -1.6106964181970393     
   1.7517062915197568     
  -1.7880164134888994     
   1.6947139194237433     
  -1.4398904375729464     
  0.97992787210493582     
 -0.25275881121352284     
 -0.82569758351893896     
   2.3145061166745595     
  -3.7381268319638252     
  -1.6650070369147900     
  -2.6168700635625479E-002
*****  m =    6  l =   32
   3.1749312120859408E-002
   1.9027436166558505     
   3.5065469268061165     
  -2.7439760913371916     
   1.7128616143173847     
 -0.89551244185700196     
  0.27731663123376477     
  0.19419542356755348     
 -0.55941980904943145     
  0.84565307724130523     
  -1.0710272204974192     
   1.2476769485478452     
  -1.3838061392268197     
   1.4849787800947387     
  -1.5549191885120466     
   1.5960044990955056     
  -1.6095579800431747     
   1.5960044990955056     
  -1.5549191885120466     
   1.4849787800947387     
  -1.3838061392268197     
   1.2476769485478452     
  -1.0710272204974192     
  0.84565307724130523     
 -0.55941980904943145     
  0.19419542356755348     
  0.27731663123376477     
 -0.89551244185700196     
   1.7128616143173847     
  -2.7439760913371916     
   3.5065469268061165     
   1.9027436166558505     
   3.1749312120859408E-002
*****  m =    7  l =    7
   2.4472117117455432E-008
   8.0083942437959465E-006
   1.7792490140601419E-004
   1.4509692734256483E-003
   6.9340073683316584E-003
   2.3642753444258629E-002
   6.3651182587826663E-002
  0.14351138842992886     
  0.28122156641894824     
  0.49093606121430244     
  0.77669025014142912     
   1.1271931820766594     
   1.5138331693540852     
   1.8933034242518709     
   2.2148713043332875     
   2.4307470778744640     
   2.5068266169601761     
   2.4307470778744640     
   2.2148713043332875     
   1.8933034242518709     
   1.5138331693540852     
   1.1271931820766594     
  0.77669025014142912     
  0.49093606121430244     
  0.28122156641894824     
  0.14351138842992886     
   6.3651182587826663E-002
   2.3642753444258629E-002
   6.9340073683316584E-003
   1.4509692734256483E-003
   1.7792490140601419E-004
   8.0083942437959465E-006
   2.4472117117455432E-008
*****  m =    7  l =    8
   1.0064127251320226E-007
   3.2572230815665049E-005
   7.0926434356972522E-004
   5.6157386841307758E-003
   2.5796915876440406E-002
   8.3640127787353594E-002
  0.21156969136782522     
  0.44214570954925575     
  0.79047244969406283     
   1.2352411057394481     
   1.7081149975776160     
   2.0999894704723410     
   2.2865775678624973     
   2.1670971188812196     
   1.7025913323548945     
  0.93839179168243891     
   0.0000000000000000     
 -0.93839179168243891     
  -1.7025913323548945     
  -2.1670971188812196     
  -2.2865775678624973     
  -2.0999894704723410     
  -1.7081149975776160     
  -1.2352411057394481     
 -0.79047244969406283     
 -0.44214570954925575     
 -0.21156969136782522     
  -8.3640127787353594E-002
  -2.5796915876440406E-002
  -5.6157386841307758E-003
  -7.0926434356972522E-004
  -3.2572230815665049E-005
  -1.0064127251320226E-007
*****  m =    7  l =    9
   3.0006351972189368E-007
   9.5911635769348405E-005
   2.0415188833210860E-003
   1.5629738086565308E-002
   6.8609527183875404E-002
  0.20978113532991782     
  0.49283236849801121     
  0.93907131500228413     
   1.4953945210310275     
   2.0165695610757584     
   2.2961173813815563     
   2.1460948351108038     
   1.4948244632643324     
  0.45245345657992231     
 -0.69817702757689648     
  -1.5938710387519532     
  -1.9316396375755818     
  -1.5938710387519532     
 -0.69817702757689648     
  0.45245345657992231     
   1.4948244632643324     
   2.1460948351108038     
   2.2961173813815563     
   2.0165695610757584     
   1.4953945210310275     
  0.93907131500228413     
  0.49283236849801121     
  0.20978113532991782     
   6.8609527183875404E-002
   1.5629738086565308E-002
   2.0415188833210860E-003
   9.5911635769348405E-005
   3.0006351972189368E-007
*****  m =    7  l =   10
   7.4852984336456749E-007
   2.3596054646099474E-004
   4.8963667102111409E-003
   3.6093117796903940E-002
  0.15044755228016185     
  0.42981826634388254     
  0.92501514235077742     
   1.5734420636701945     
   2.1555590637431874     
   2.3545540030520491     
   1.9218209821370098     
  0.86353309676422974     
 -0.48137536084943072     
  -1.5565656483969048     
  -1.8630306698015926     
  -1.2435719284946554     
  -0.0000000000000000     
   1.2435719284946554     
   1.8630306698015926     
   1.5565656483969048     
  0.48137536084943072     
 -0.86353309676422974     
  -1.9218209821370098     
  -2.3545540030520491     
  -2.1555590637431874     
  -1.5734420636701945     
 -0.92501514235077742     
 -0.42981826634388254     
 -0.15044755228016185     
  -3.6093117796903940E-002
  -4.8963667102111409E-003
  -2.3596054646099474E-004
  -7.4852984336456749E-007
*****  m =    7  l =   11
   1.6558775977724668E-006
   5.1405773603228747E-004
   1.0370640173921319E-002
   7.3278809272972770E-002
  0.28807042256742588     
  0.76092302366931253     
   1.4750711836468611     
   2.1756078788549607     
   2.4213868818598847     
   1.8541806990930119     
  0.52882307008611940     
 -0.97665774624684520     
  -1.8409373001304421     
  -1.5381689848607358     
 -0.25312732650323316     
   1.1743305055895428     
   1.7886775906220098     
   1.1743305055895428     
 -0.25312732650323316     
  -1.5381689848607358     
  -1.8409373001304421     
 -0.97665774624684520     
  0.52882307008611940     
   1.8541806990930119     
   2.4213868818598847     
   2.1756078788549607     
   1.4750711836468611     
  0.76092302366931253     
  0.28807042256742588     
   7.3278809272972770E-002
   1.0370640173921319E-002
   5.1405773603228747E-004
   1.6558775977724668E-006
*****  m =    7  l =   12
   3.3523076927360191E-006
   1.0234283338331962E-003
   2.0016551952036828E-002
  0.13494516075059731     
  0.49657837388227005     
   1.1979478899408393     
   2.0469051866168289     
   2.5049474242062799     
   2.0136548219633701     
  0.54720273651310258     
  -1.1315341479420333     
  -1.9059428347958765     
  -1.2019394249801145     
  0.42800376366570286     
   1.6535351313985132     
   1.4517428268869077     
   0.0000000000000000     
  -1.4517428268869077     
  -1.6535351313985132     
 -0.42800376366570286     
   1.2019394249801145     
   1.9059428347958765     
   1.1315341479420333     
 -0.54720273651310258     
  -2.0136548219633701     
  -2.5049474242062799     
  -2.0469051866168289     
  -1.1979478899408393     
 -0.49657837388227005     
 -0.13494516075059731     
  -2.0016551952036828E-002
  -1.0234283338331962E-003
  -3.3523076927360191E-006
*****  m =    7  l =   13
   6.3339098075719337E-006
   1.8988322863661223E-003
   3.5900815423363777E-002
  0.22978690870308416     
  0.78498603830325453     
   1.7042120940414214     
   2.4916374112377775     
   2.3419552353809872     
  0.92153464152249598     
 -0.99550431971699305     
  -1.9412415366750277     
  -1.1009915386010014     
  0.73040816759459826     
   1.7646372578181304     
  0.97518108667889702     
 -0.80970407419886992     
  -1.7243332776853084     
 -0.80970407419886992     
  0.97518108667889702     
   1.7646372578181304     
  0.73040816759459826     
  -1.1009915386010014     
  -1.9412415366750277     
 -0.99550431971699305     
  0.92153464152249598     
   2.3419552353809872     
   2.4916374112377775     
   1.7042120940414214     
  0.78498603830325453     
  0.22978690870308416     
   3.5900815423363777E-002
   1.8988322863661223E-003
   6.3339098075719337E-006
*****  m =    7  l =   14
   1.1318403276906854E-005
   3.3271056973695392E-003
   6.0629289142279899E-002
  0.36650309056831570     
   1.1514949546699900     
   2.2089897884140637     
   2.6439927089819659     
   1.6012444502119290     
 -0.50957153642940212     
  -1.9345508112162144     
  -1.2886128957131058     
  0.70653288570711970     
   1.7871654396856032     
  0.71411237415847828     
  -1.1894587766454268     
  -1.5876742369301393     
  -0.0000000000000000     
   1.5876742369301393     
   1.1894587766454268     
 -0.71411237415847828     
  -1.7871654396856032     
 -0.70653288570711970     
   1.2886128957131058     
   1.9345508112162144     
  0.50957153642940212     
  -1.6012444502119290     
  -2.6439927089819659     
  -2.2089897884140637     
  -1.1514949546699900     
 -0.36650309056831570     
  -6.0629289142279899E-002
  -3.3271056973695392E-003
  -1.1318403276906854E-005
*****  m =    7  l =   15
   1.9312010234593569E-005
   5.5582088501176345E-003
   9.7324295347406942E-002
  0.55252187439283484     
   1.5795401035274144     
   2.6147254228042849     
   2.3773493990891628     
  0.41078045884471487     
  -1.6875602009017596     
  -1.6932589745669777     
  0.34756781710097245     
   1.7996881520618955     
  0.76442846968253442     
  -1.2800045480586133     
  -1.4561622489682864     
  0.45694341952036233     
   1.6885833706452495     
  0.45694341952036233     
  -1.4561622489682864     
  -1.2800045480586133     
  0.76442846968253442     
   1.7996881520618955     
  0.34756781710097245     
  -1.6932589745669777     
  -1.6875602009017596     
  0.41078045884471487     
   2.3773493990891628     
   2.6147254228042849     
   1.5795401035274144     
  0.55252187439283484     
   9.7324295347406942E-002
   5.5582088501176345E-003
   1.9312010234593569E-005
*****  m =    7  l =   16
   3.1688285500760578E-005
   8.9162954191925829E-003
  0.14954390454522631     
  0.79249085995841639     
   2.0357788435143971     
   2.8145467284684105     
   1.6598798216370194     
 -0.89265711003861303     
  -2.0563316704673475     
 -0.39422122911888530     
   1.6796432379075326     
   1.1128115593308456     
  -1.1353507141348922     
  -1.4923649065053544     
  0.56644883734662899     
   1.6567864786221271     
   0.0000000000000000     
  -1.6567864786221271     
 -0.56644883734662899     
   1.4923649065053544     
   1.1353507141348922     
  -1.1128115593308456     
  -1.6796432379075326     
  0.39422122911888530     
   2.0563316704673475     
  0.89265711003861303     
  -1.6598798216370194     
  -2.8145467284684105     
  -2.0357788435143971     
 -0.79249085995841639     
 -0.14954390454522631     
  -8.9162954191925829E-003
  -3.1688285500760578E-005
*****  m =    7  l =   17
   5.0279620439775034E-005
   1.3810231319857582E-002
  0.22113610499879105     
   1.0867056351865620     
   2.4710181154568707     
   2.7174511429766732     
  0.58952877977298024     
  -1.8686320408173318     
  -1.4100351363349495     
   1.1431723887520573     
   1.6224003076069546     
 -0.67288143095432562     
  -1.6667728013114111     
  0.35426498154304148     
   1.6686300939409693     
 -0.11060770827219986     
  -1.6663078301173184     
 -0.11060770827219986     
   1.6686300939409693     
  0.35426498154304148     
  -1.6667728013114111     
 -0.67288143095432562     
   1.6224003076069546     
   1.1431723887520573     
  -1.4100351363349495     
  -1.8686320408173318     
  0.58952877977298024     
   2.7174511429766732     
   2.4710181154568707     
   1.0867056351865620     
  0.22113610499879105     
   1.3810231319857582E-002
   5.0279620439775034E-005
*****  m =    7  l =   18
   7.7482014989019738E-005
   2.0742923381611857E-002
  0.31602570680638487     
   1.4296979001974259     
   2.8246311528071617     
   2.2755294805042769     
 -0.61062332882856085     
  -2.1470154206508885     
  -5.1870663183798016E-002
   1.9038119552039068     
  0.21639569937340225     
  -1.7605742068856807     
 -0.20195172243636117     
   1.6896618749838799     
  0.11476685719830121     
  -1.6613632959268554     
  -0.0000000000000000     
   1.6613632959268554     
 -0.11476685719830121     
  -1.6896618749838799     
  0.20195172243636117     
   1.7605742068856807     
 -0.21639569937340225     
  -1.9038119552039068     
   5.1870663183798016E-002
   2.1470154206508885     
  0.61062332882856085     
  -2.2755294805042769     
  -2.8246311528071617     
  -1.4296979001974259     
 -0.31602570680638487     
  -2.0742923381611857E-002
  -7.7482014989019738E-005
*****  m =    7  l =   19
   1.1637357405389701E-004
   3.0318772077728342E-002
  0.43793775535108487     
   1.8092271092823276     
   3.0323564502149045     
   1.5057725439092602     
  -1.6428898935863605     
  -1.5983380520228010     
   1.3213402083005976     
   1.3655971997713641     
  -1.3596221855923463     
  -1.0439742429264711     
   1.4927177420752384     
  0.65767586404444456     
  -1.6076483982215133     
 -0.22491845076907122     
   1.6513630633892034     
 -0.22491845076907122     
  -1.6076483982215133     
  0.65767586404444456     
   1.4927177420752384     
  -1.0439742429264711     
  -1.3596221855923463     
   1.3655971997713641     
   1.3213402083005976     
  -1.5983380520228010     
  -1.6428898935863605     
   1.5057725439092602     
   3.0323564502149045     
   1.8092271092823276     
  0.43793775535108487     
   3.0318772077728342E-002
   1.1637357405389701E-004
*****  m =    7  l =   20
   1.7084703260594733E-004
   4.3248542794669026E-002
  0.59006771849096928     
   2.2059089262729410     
   3.0366160663069386     
  0.49916123036920773     
  -2.2208209936099035     
 -0.41830552872272142     
   1.9741242217799277     
 -0.11079398215386425     
  -1.7626321999241001     
  0.74047990657155804     
   1.3675936883903805     
  -1.2872414308261069     
 -0.75363565231830354     
   1.6038948703147564     
   0.0000000000000000     
  -1.6038948703147564     
  0.75363565231830354     
   1.2872414308261069     
  -1.3675936883903805     
 -0.74047990657155804     
   1.7626321999241001     
  0.11079398215386425     
  -1.9741242217799277     
  0.41830552872272142     
   2.2208209936099035     
 -0.49916123036920773     
  -3.0366160663069386     
  -2.2059089262729410     
 -0.59006771849096928     
  -4.3248542794669026E-002
  -1.7084703260594733E-004
*****  m =    7  l =   21
   2.4575644939459675E-004
   6.0350959641010803E-002
  0.77471524399531577     
   2.5936666328669555     
   2.7977925504982823     
 -0.58786613009901734     
  -2.1644342054377064     
  0.92523735119501993     
   1.5412273457080259     
  -1.5002443954256608     
 -0.64291353202879453     
   1.7468574563027863     
 -0.42068019252868677     
  -1.4113068228311425     
   1.2993861312700408     
  0.54195708913250218     
  -1.6407976122240602     
  0.54195708913250218     
   1.2993861312700408     
  -1.4113068228311425     
 -0.42068019252868677     
   1.7468574563027863     
 -0.64291353202879453     
  -1.5002443954256608     
   1.5412273457080259     
  0.92523735119501993     
  -2.1644342054377064     
 -0.58786613009901734     
   2.7977925504982823     
   2.5936666328669555     
  0.77471524399531577     
   6.0350959641010803E-002
   2.4575644939459675E-004
*****  m =    7  l =   22
   3.4707803360092810E-004
   8.2550366622859486E-002
  0.99290428262060793     
   2.9411098611930604     
   2.3044266204827810     
  -1.5602408064991893     
  -1.4714797173242369     
   1.8741671567628484     
  0.25273050569934913     
  -1.8207152694786859     
   1.0297118479562979     
  0.92832390719675939     
  -1.6851327455441674     
  0.45385983795154589     
   1.2604462995897543     
  -1.4880787449719759     
  -0.0000000000000000     
   1.4880787449719759     
  -1.2604462995897543     
 -0.45385983795154589     
   1.6851327455441674     
 -0.92832390719675939     
  -1.0297118479562979     
   1.8207152694786859     
 -0.25273050569934913     
  -1.8741671567628484     
   1.4714797173242369     
   1.5602408064991893     
  -2.3044266204827810     
  -2.9411098611930604     
 -0.99290428262060793     
  -8.2550366622859486E-002
  -3.4707803360092810E-004
*****  m =    7  l =   23
   4.8208488354719431E-004
  0.11086987406567113     
   1.2440172536536542     
   3.2138358542495817     
   1.5801760345800007     
  -2.2249954326231074     
 -0.33588338287452874     
   2.0188062329172833     
  -1.1722650557156276     
 -0.83912995861260109     
   1.7927784101371869     
 -0.85808793917876058     
 -0.87715402955179400     
   1.6691024995871762     
 -0.79995021824145196     
 -0.83186030577959091     
   1.6330283575152766     
 -0.83186030577959091     
 -0.79995021824145196     
   1.6691024995871762     
 -0.87715402955179400     
 -0.85808793917876058     
   1.7927784101371869     
 -0.83912995861260109     
  -1.1722650557156276     
   2.0188062329172833     
 -0.33588338287452874     
  -2.2249954326231074     
   1.5801760345800007     
   3.2138358542495817     
   1.2440172536536542     
  0.11086987406567113     
   4.8208488354719431E-004
*****  m =    7  l =   24
   6.5953522335223758E-004
  0.14641951313500526     
   1.5254741500688285     
   3.3775238963319141     
  0.68568407982843915     
  -2.4370146116310685     
  0.89937023979906405     
   1.2870399025270560     
  -1.9223226093208843     
  0.74274740652988014     
  0.97353162177866337     
  -1.7350269055259124     
   1.0064506689683501     
  0.51664097432075318     
  -1.5670290735728145     
   1.3191265412672628     
   0.0000000000000000     
  -1.3191265412672628     
   1.5670290735728145     
 -0.51664097432075318     
  -1.0064506689683501     
   1.7350269055259124     
 -0.97353162177866337     
 -0.74274740652988014     
   1.9223226093208843     
  -1.2870399025270560     
 -0.89937023979906405     
   2.4370146116310685     
 -0.68568407982843915     
  -3.3775238963319141     
  -1.5254741500688285     
 -0.14641951313500526     
  -6.5953522335223758E-004
*****  m =    7  l =   25
   8.8987352390435643E-004
  0.19037905663101204     
   1.8324885851708224     
   3.4015691312289777     
 -0.28576538132048496     
  -2.1383736828178499     
   1.8448661133637230     
  -8.3492165469950877E-003
  -1.5616449790466811     
   1.7801966548814934     
 -0.70470988224878051     
 -0.77795623740303188     
   1.6419655837450096     
  -1.3643396287657479     
  0.18852780857900231     
   1.0861225224612288     
  -1.6271363651025290     
   1.0861225224612288     
  0.18852780857900231     
  -1.3643396287657479     
   1.6419655837450096     
 -0.77795623740303188     
 -0.70470988224878051     
   1.7801966548814934     
  -1.5616449790466811     
  -8.3492165469950877E-003
   1.8448661133637230     
  -2.1383736828178499     
 -0.28576538132048496     
   3.4015691312289777     
   1.8324885851708224     
  0.19037905663101204     
   8.8987352390435643E-004
*****  m =    7  l =   26
   1.1854436905024213E-003
  0.24397532706934955     
   2.1579314507441749     
   3.2628948825507647     
  -1.2188793490754588     
  -1.3802057254632190     
   2.1914837036548334     
  -1.2959025289491253     
 -0.29426063517984041     
   1.5152004213843311     
  -1.7508859632089668     
  0.99965341286944343     
  0.24567456778398214     
  -1.3014022990405010     
   1.6350278720960796     
  -1.1037850865848107     
  -0.0000000000000000     
   1.1037850865848107     
  -1.6350278720960796     
   1.3014022990405010     
 -0.24567456778398214     
 -0.99965341286944343     
   1.7508859632089668     
  -1.5152004213843311     
  0.29426063517984041     
   1.2959025289491253     
  -2.1914837036548334     
   1.3802057254632190     
   1.2188793490754588     
  -3.2628948825507647     
  -2.1579314507441749     
 -0.24397532706934955     
  -1.1854436905024213E-003
*****  m =    7  l =   27
   1.5607132928534071E-003
  0.30845399936183943     
   2.4923289370652513     
   2.9495093881849943     
  -1.9921520917938214     
 -0.31953574776684768     
   1.8181752910975926     
  -1.9965698257159568     
   1.1419017654580186     
  0.13923538324869292     
  -1.2308778786636412     
   1.7109747821143129     
  -1.4510017964865281     
  0.61248387129194426     
  0.44314549649844115     
  -1.2970427656319621     
   1.6225553548758642     
  -1.2970427656319621     
  0.44314549649844115     
  0.61248387129194426     
  -1.4510017964865281     
   1.7109747821143129     
  -1.2308778786636412     
  0.13923538324869292     
   1.1419017654580186     
  -1.9965698257159568     
   1.8181752910975926     
 -0.31953574776684768     
  -1.9921520917938214     
   2.9495093881849943     
   2.4923289370652513     
  0.30845399936183943     
   1.5607132928534071E-003
*****  m =    7  l =   28
   2.0325076057248577E-003
  0.38504610999192124     
   2.8240152009905151     
   2.4633471857802047     
  -2.4965910855504192     
  0.81052490578468239     
  0.84115422851729182     
  -1.7885046381001364     
   1.9012694472061369     
  -1.3359235158642002     
  0.39057571266660113     
  0.59951384024286725     
  -1.3428672114835933     
   1.6492996653244336     
  -1.4602990660556723     
  0.85020636110981274     
   0.0000000000000000     
 -0.85020636110981274     
   1.4602990660556723     
  -1.6492996653244336     
   1.3428672114835933     
 -0.59951384024286725     
 -0.39057571266660113     
   1.3359235158642002     
  -1.9012694472061369     
   1.7885046381001364     
 -0.84115422851729182     
 -0.81052490578468239     
   2.4965910855504192     
  -2.4633471857802047     
  -2.8240152009905151     
 -0.38504610999192124     
  -2.0325076057248577E-003
*****  m =    7  l =   29
   2.6202520223903912E-003
  0.47492970126587714     
   3.1394512085316046     
   1.8219657856774780     
  -2.6543349098725257     
   1.7518632555403679     
 -0.41677109656486594     
 -0.76178719953850049     
   1.5315603226882974     
  -1.8188285995692315     
   1.6574098196558340     
  -1.1489350061132184     
  0.43403188415154376     
  0.33237164521281098     
  -1.0031747780517408     
   1.4581746111234595     
  -1.6189195286031097     
   1.4581746111234595     
  -1.0031747780517408     
  0.33237164521281098     
  0.43403188415154376     
  -1.1489350061132184     
   1.6574098196558340     
  -1.8188285995692315     
   1.5315603226882974     
 -0.76178719953850049     
 -0.41677109656486594     
   1.7518632555403679     
  -2.6543349098725257     
   1.8219657856774780     
   3.1394512085316046     
  0.47492970126587714     
   2.6202520223903912E-003
*****  m =    7  l =   30
   3.3462212000588570E-003
  0.57918725101160062     
   3.4237106725263273     
   1.0587566180800634     
  -2.4338251791404772     
   2.2822448064504299     
  -1.5304112005928898     
  0.61429023304704233     
  0.24976294084990572     
 -0.94931420445046844     
   1.4282392936820438     
  -1.6659256440348005     
   1.6671528704822749     
  -1.4562303206966227     
   1.0727334902797021     
 -0.56772251483827962     
  -0.0000000000000000     
  0.56772251483827962     
  -1.0727334902797021     
   1.4562303206966227     
  -1.6671528704822749     
   1.6659256440348005     
  -1.4282392936820438     
  0.94931420445046844     
 -0.24976294084990572     
 -0.61429023304704233     
   1.5304112005928898     
  -2.2822448064504299     
   2.4338251791404772     
  -1.0587566180800634     
  -3.4237106725263273     
 -0.57918725101160062     
  -3.3462212000588570E-003
*****  m =    7  l =   31
   4.2357930987399831E-003
  0.69875975737909157     
   3.6611221841361519     
  0.22146994015569479     
  -1.8585027038967759     
   2.2710004151931211     
  -2.1165953962869799     
   1.7026552110472473     
  -1.1792566675440153     
  0.62634305780870914     
  -9.0595468701939186E-002
 -0.39835939093458400     
  0.82046404984490295     
  -1.1616225445919564     
   1.4119063385441954     
  -1.5646473651851851     
   1.6159833867492663     
  -1.5646473651851851     
   1.4119063385441954     
  -1.1616225445919564     
  0.82046404984490295     
 -0.39835939093458400     
  -9.0595468701939186E-002
  0.62634305780870914     
  -1.1792566675440153     
   1.7026552110472473     
  -2.1165953962869799     
   2.2710004151931211     
  -1.8585027038967759     
  0.22146994015569479     
   3.6611221841361519     
  0.69875975737909157     
   4.2357930987399831E-003
*****  m =    7  l =   32
   5.3177058844665762E-003
  0.83439855718098732     
   3.8360443733338894     
 -0.63096650672908472     
  -1.0069094992655587     
   1.7148189079657195     
  -1.9690141770342973     
   1.9941073257172874     
  -1.8969336453613523     
   1.7310767442880544     
  -1.5249280782993315     
   1.2943048175645904     
  -1.0484360980571532     
  0.79295993848495694     
 -0.53150260295402796     
  0.26655621938612534     
   0.0000000000000000     
 -0.26655621938612534     
  0.53150260295402796     
 -0.79295993848495694     
   1.0484360980571532     
  -1.2943048175645904     
   1.5249280782993315     
  -1.7310767442880544     
   1.8969336453613523     
  -1.9941073257172874     
   1.9690141770342973     
  -1.7148189079657195     
   1.0069094992655587     
  0.63096650672908472     
  -3.8360443733338894     
 -0.83439855718098732     
  -5.3177058844665762E-003
*****  m =    8  l =    8
   1.8091959972094271E-009
   1.3540266771774045E-006
   4.6849286364885396E-005
   5.1561735950631036E-004
   3.0810602922652554E-003
   1.2517451470240496E-002
   3.8821150369848005E-002
   9.8307867145019767E-002
  0.21207427743597068     
  0.40089658003202744     
  0.67719803299843873     
   1.0365097747111178     
   1.4519449827079107     
   1.8748642223198850     
   2.2430074114608609     
   2.4945497327601807     
   2.5839777317091475     
   2.4945497327601807     
   2.2430074114608609     
   1.8748642223198850     
   1.4519449827079107     
   1.0365097747111178     
  0.67719803299843873     
  0.40089658003202744     
  0.21207427743597068     
   9.8307867145019767E-002
   3.8821150369848005E-002
   1.2517451470240496E-002
   3.0810602922652554E-003
   5.1561735950631036E-004
   4.6849286364885396E-005
   1.3540266771774045E-006
   1.8091959972094271E-009
*****  m =    8  l =    9
   7.8657933956990854E-009
   5.8221262623787884E-006
   1.9743616793848148E-004
   2.1097380969619293E-003
   1.2118141668992829E-002
   4.6814985211239668E-002
  0.13641675541350598     
  0.32019877247441403     
  0.63020007554130220     
   1.0663787758103649     
   1.5744804780753927     
   2.0414770674383118     
   2.3185177332098768     
   2.2687169500562705     
   1.8228249736990338     
   1.0180964764943135     
   0.0000000000000000     
  -1.0180964764943135     
  -1.8228249736990338     
  -2.2687169500562705     
  -2.3185177332098768     
  -2.0414770674383118     
  -1.5744804780753927     
  -1.0663787758103649     
 -0.63020007554130220     
 -0.32019877247441403     
 -0.13641675541350598     
  -4.6814985211239668E-002
  -1.2118141668992829E-002
  -2.1097380969619293E-003
  -1.9743616793848148E-004
  -5.8221262623787884E-006
  -7.8657933956990854E-009
*****  m =    8  l =   10
   2.4737282115949323E-008
   1.8086132411728994E-005
   5.9970844578012929E-004
   6.1992648403331246E-003
   3.4049220883657340E-002
  0.12416453233607944     
  0.33647152127218760     
  0.72145953523726736     
   1.2683261357470577     
   1.8602619787223502     
   2.2786533601305905     
   2.2793114991823491     
   1.7187310219102601     
  0.66481113377346146     
 -0.58172141995149340     
  -1.5878897397073533     
  -1.9735455916062437     
  -1.5878897397073533     
 -0.58172141995149340     
  0.66481113377346146     
   1.7187310219102601     
   2.2793114991823491     
   2.2786533601305905     
   1.8602619787223502     
   1.2683261357470577     
  0.72145953523726736     
  0.33647152127218760     
  0.12416453233607944     
   3.4049220883657340E-002
   6.1992648403331246E-003
   5.9970844578012929E-004
   1.8086132411728994E-005
   2.4737282115949323E-008
*****  m =    8  l =   11
   6.4946072458541380E-008
   4.6844157728733145E-005
   1.5151742309878762E-003
   1.5094782369341421E-002
   7.8838057552175808E-002
  0.26918305507994345     
  0.67031939928737738     
   1.2893123096690629     
   1.9659503551805952     
   2.3721301537390014     
   2.1613145733010874     
   1.2129875177258123     
 -0.19441642646151910     
  -1.4464843158995233     
  -1.9095545900325503     
  -1.3229939152521786     
  -0.0000000000000000     
   1.3229939152521786     
   1.9095545900325503     
   1.4464843158995233     
  0.19441642646151910     
  -1.2129875177258123     
  -2.1613145733010874     
  -2.3721301537390014     
  -1.9659503551805952     
  -1.2893123096690629     
 -0.67031939928737738     
 -0.26918305507994345     
  -7.8838057552175808E-002
  -1.5094782369341421E-002
  -1.5151742309878762E-003
  -4.6844157728733145E-005
  -6.4946072458541380E-008
*****  m =    8  l =   12
   1.5088617568315851E-007
   1.0722885757592874E-004
   3.3750166432725947E-003
   3.2278004536270062E-002
  0.15935573099286202     
  0.50484323348918192     
   1.1388638849207020     
   1.9184108684106334     
   2.4250382222904725     
   2.1676018512966904     
  0.99205665434990098     
 -0.62981442978075686     
  -1.7738700498739566     
  -1.6888367326947114     
 -0.41870462588373597     
   1.1303250520137496     
   1.8176068675697235     
   1.1303250520137496     
 -0.41870462588373597     
  -1.6888367326947114     
  -1.7738700498739566     
 -0.62981442978075686     
  0.99205665434990098     
   2.1676018512966904     
   2.4250382222904725     
   1.9184108684106334     
   1.1388638849207020     
  0.50484323348918192     
  0.15935573099286202     
   3.2278004536270062E-002
   3.3750166432725947E-003
   1.0722885757592874E-004
   1.5088617568315851E-007
*****  m =    8  l =   13
   3.2015944427409597E-007
   2.2389038742478412E-004
   6.8403755728263377E-003
   6.2546819683580071E-002
  0.29001282574417192     
  0.84368682224967395     
   1.6938888392652025     
   2.4152289251118688     
   2.3324299969495654     
   1.1104143579307812     
 -0.70237766842054261     
  -1.8687079072012862     
  -1.4637747230972447     
  0.17926987254845594     
   1.6080019906095819     
   1.5195353247074279     
   0.0000000000000000     
  -1.5195353247074279     
  -1.6080019906095819     
 -0.17926987254845594     
   1.4637747230972447     
   1.8687079072012862     
  0.70237766842054261     
  -1.1104143579307812     
  -2.3324299969495654     
  -2.4152289251118688     
  -1.6938888392652025     
 -0.84368682224967395     
 -0.29001282574417192     
  -6.2546819683580071E-002
  -6.8403755728263377E-003
  -2.2389038742478412E-004
  -3.2015944427409597E-007
*****  m =    8  l =   14
   6.3281129980825939E-007
   4.3490406916029062E-004
   1.2865230693887167E-002
  0.11198999667603385     
  0.48426345741461940     
   1.2781152483543341     
   2.2318621057816808     
   2.5526845972205368     
   1.5432607499033846     
 -0.43180001659675465     
  -1.8654073540779221     
  -1.4515128776152966     
  0.39793101653056989     
   1.7434835263601538     
   1.1323620630850166     
 -0.73925837526670757     
  -1.7459694222856592     
 -0.73925837526670757     
   1.1323620630850166     
   1.7434835263601538     
  0.39793101653056989     
  -1.4515128776152966     
  -1.8654073540779221     
 -0.43180001659675465     
   1.5432607499033846     
   2.5526845972205368     
   2.2318621057816808     
   1.2781152483543341     
  0.48426345741461940     
  0.11198999667603385     
   1.2865230693887167E-002
   4.3490406916029062E-004
   6.3281129980825939E-007
*****  m =    8  l =   15
   1.1808660269412088E-006
   7.9654227953742914E-004
   2.2755442788961900E-002
  0.18772616924022287     
  0.75116374300732425     
   1.7728009884555360     
   2.6081875969825372     
   2.1640043661802482     
  0.22312266179885970     
  -1.7000144308076119     
  -1.6697121148791356     
  0.26324633877557779     
   1.7646679266826846     
  0.96978434148771142     
  -1.0612530078675120     
  -1.6378552341731265     
  -0.0000000000000000     
   1.6378552341731265     
   1.0612530078675120     
 -0.96978434148771142     
  -1.7646679266826846     
 -0.26324633877557779     
   1.6697121148791356     
   1.7000144308076119     
 -0.22312266179885970     
  -2.1640043661802482     
  -2.6081875969825372     
  -1.7728009884555360     
 -0.75116374300732425     
 -0.18772616924022287     
  -2.2755442788961900E-002
  -7.9654227953742914E-004
  -1.1808660269412088E-006
*****  m =    8  l =   16
   2.1005907710812253E-006
   1.3889055436873488E-003
   3.8215944368656656E-002
  0.29736260585908997     
   1.0914745265853316     
   2.2625639047644976     
   2.6732710423796400     
   1.2389545287408563     
  -1.1563968467208818     
  -1.9728541008588421     
 -0.23357424662081813     
   1.6924497463347046     
   1.1035106236237711     
  -1.0816566264033467     
  -1.5628417949912572     
  0.36814870382584697     
   1.7055204381462534     
  0.36814870382584697     
  -1.5628417949912572     
  -1.0816566264033467     
   1.1035106236237711     
   1.6924497463347046     
 -0.23357424662081813     
  -1.9728541008588421     
  -1.1563968467208818     
   1.2389545287408563     
   2.6732710423796400     
   2.2625639047644976     
   1.0914745265853316     
  0.29736260585908997     
   3.8215944368656656E-002
   1.3889055436873488E-003
   2.1005907710812253E-006
*****  m =    8  l =   17
   3.5879433095703249E-006
   2.3223562272718509E-003
   6.1377072945749615E-002
  0.44816418694288440     
   1.4940690374518197     
   2.6582869132540536     
   2.3226913254244774     
  -2.6541707986184399E-002
  -2.0051658000184460     
  -1.0590531970431556     
   1.3566332229991716     
   1.4742564073705831     
 -0.81618563761949026     
  -1.6322270903862253     
  0.38150856988437026     
   1.6857357379418243     
   0.0000000000000000     
  -1.6857357379418243     
 -0.38150856988437026     
   1.6322270903862253     
  0.81618563761949026     
  -1.4742564073705831     
  -1.3566332229991716     
   1.0590531970431556     
   2.0051658000184460     
   2.6541707986184399E-002
  -2.3226913254244774     
  -2.6582869132540536     
  -1.4940690374518197     
 -0.44816418694288440     
  -6.1377072945749615E-002
  -2.3223562272718509E-003
  -3.5879433095703249E-006
*****  m =    8  l =   18
   5.9176797836132029E-006
   3.7446404983171276E-003
   9.4790788201095086E-002
  0.64596846146233067     
   1.9335604696420281     
   2.8615983308242265     
   1.5456561211683195     
  -1.2646666888562135     
  -1.9117058558445625     
  0.50097383369995119     
   1.8450136209352443     
 -0.18043672517863901     
  -1.7542878395137471     
   5.4202621760133900E-002
   1.6981838915569103     
  -1.0381289362389804E-002
  -1.6799850047921241     
  -1.0381289362389804E-002
   1.6981838915569103     
   5.4202621760133900E-002
  -1.7542878395137471     
 -0.18043672517863901     
   1.8450136209352443     
  0.50097383369995119     
  -1.9117058558445625     
  -1.2646666888562135     
   1.5456561211683195     
   2.8615983308242265     
   1.9335604696420281     
  0.64596846146233067     
   9.4790788201095086E-002
   3.7446404983171276E-003
   5.9176797836132029E-006
*****  m =    8  l =   19
   9.4666141563652112E-006
   5.8485224585766975E-003
  0.14138816189408857     
  0.89393309458677284     
   2.3700377301164717     
   2.7864958715454713     
  0.45254242765924596     
  -2.0567683003819295     
 -0.89227727030172732     
   1.7198468183733111     
  0.82930846691952886     
  -1.6357724214950491     
 -0.61046141927221353     
   1.6452498902207198     
  0.32107404436568754     
  -1.6670734691171119     
  -0.0000000000000000     
   1.6670734691171119     
 -0.32107404436568754     
  -1.6452498902207198     
  0.61046141927221353     
   1.6357724214950491     
 -0.82930846691952886     
  -1.7198468183733111     
  0.89227727030172732     
   2.0567683003819295     
 -0.45254242765924596     
  -2.7864958715454713     
  -2.3700377301164717     
 -0.89393309458677284     
 -0.14138816189408857     
  -5.8485224585766975E-003
  -9.4666141563652112E-006
*****  m =    8  l =   20
   1.4741530616066254E-005
   8.8796910710011324E-003
  0.20439116535518687     
   1.1912501699182314     
   2.7515575788960858     
   2.3835124204684126     
 -0.73386255232293596     
  -2.1010695673266979     
  0.56500691057323726     
   1.7937225824706609     
 -0.86101979110628324     
  -1.4338196298221262     
   1.2483418153253472     
  0.94272503558822229     
  -1.5500912447118065     
 -0.33023528342584468     
   1.6626661594810321     
 -0.33023528342584468     
  -1.5500912447118065     
  0.94272503558822229     
   1.2483418153253472     
  -1.4338196298221262     
 -0.86101979110628324     
   1.7937225824706609     
  0.56500691057323726     
  -2.1010695673266979     
 -0.73386255232293596     
   2.3835124204684126     
   2.7515575788960858     
   1.1912501699182314     
  0.20439116535518687     
   8.8796910710011324E-003
   1.4741530616066254E-005
*****  m =    8  l =   21
   2.2412252956658531E-005
   1.3144638599179798E-002
  0.28717440891081525     
   1.5319995786301999     
   3.0196008362008251     
   1.6602452909974701     
  -1.7279608183096573     
  -1.3562292133722873     
   1.7174634669332245     
  0.66221328987980366     
  -1.8152322052191254     
  0.22050554474575151     
   1.5940902587981891     
  -1.0649753905917287     
 -0.94323470716705216     
   1.5856888674585818     
   0.0000000000000000     
  -1.5856888674585818     
  0.94323470716705216     
   1.0649753905917287     
  -1.5940902587981891     
 -0.22050554474575151     
   1.8152322052191254     
 -0.66221328987980366     
  -1.7174634669332245     
   1.3562292133722873     
   1.7279608183096573     
  -1.6602452909974701     
  -3.0196008362008251     
  -1.5319995786301999     
 -0.28717440891081525     
  -1.3144638599179798E-002
  -2.2412252956658531E-005
*****  m =    8  l =   22
   3.3350370690902308E-005
   1.9018151796495759E-002
  0.39307602249576218     
   1.9043333629303631     
   3.1171209011094345     
  0.69179854804094920     
  -2.2615986400074601     
  -8.9766832884986408E-002
   1.9523339523095706     
 -0.91299868156762487     
  -1.2236053506258984     
   1.6370238200731306     
   1.4400598040240374E-002
  -1.5703028762838058     
   1.1611094234999499     
  0.64646028999921823     
  -1.6503095621251114     
  0.64646028999921823     
   1.1611094234999499     
  -1.5703028762838058     
   1.4400598040240374E-002
   1.6370238200731306     
  -1.2236053506258984     
 -0.91299868156762487     
   1.9523339523095706     
  -8.9766832884986408E-002
  -2.2615986400074601     
  0.69179854804094920     
   3.1171209011094345     
   1.9043333629303631     
  0.39307602249576218     
   1.9018151796495759E-002
   3.3350370690902308E-005
*****  m =    8  l =   23
   4.8674109898270844E-005
   2.6950007193266397E-002
  0.52516112364206380     
   2.2901782255553966     
   2.9981980568291133     
 -0.38372131789417230     
  -2.1714556552844941     
   1.2044996053339727     
   1.1320727339097569     
  -1.8462089559756827     
  0.41169816232323614     
   1.3584364378324438     
  -1.5726417344695962     
  0.12845626555119383     
   1.3988789316255130     
  -1.4464557437934944     
  -0.0000000000000000     
   1.4464557437934944     
  -1.3988789316255130     
 -0.12845626555119383     
   1.5726417344695962     
  -1.3584364378324438     
 -0.41169816232323614     
   1.8462089559756827     
  -1.1320727339097569     
  -1.2044996053339727     
   2.1714556552844941     
  0.38372131789417230     
  -2.9981980568291133     
  -2.2901782255553966     
 -0.52516112364206380     
  -2.6950007193266397E-002
  -4.8674109898270844E-005
*****  m =    8  l =   24
   6.9799817268094874E-005
   3.7470422644079383E-002
  0.68594602586313635     
   2.6656110505806776     
   2.6377908811390709     
  -1.3862242877539150     
  -1.4636140114244693     
   1.9981250081324100     
 -0.30468353938525022     
  -1.4815025677396039     
   1.6825468600823534     
 -0.32613552652622757     
  -1.2361913732172907     
   1.6372200681370928     
 -0.60153312349600740     
 -0.93010775268361801     
   1.6411515797057086     
 -0.93010775268361801     
 -0.60153312349600740     
   1.6372200681370928     
  -1.2361913732172907     
 -0.32613552652622757     
   1.6825468600823534     
  -1.4815025677396039     
 -0.30468353938525022     
   1.9981250081324100     
  -1.4636140114244693     
  -1.3862242877539150     
   2.6377908811390709     
   2.6656110505806776     
  0.68594602586313635     
   3.7470422644079383E-002
   6.9799817268094874E-005
*****  m =    8  l =   25
   9.8500498228143104E-005
   5.1193791756428249E-002
  0.87709615110482886     
   3.0020023801371751     
   2.0397737026097036     
  -2.1284488177442378     
 -0.32936497668228160     
   1.9525605858194750     
  -1.5649789341954914     
  -7.0863596526994782E-002
   1.4844443783545538     
  -1.6628757859037924     
  0.60921015478607687     
  0.83143991261619965     
  -1.6287983359907037     
   1.2556402959282242     
   0.0000000000000000     
  -1.2556402959282242     
   1.6287983359907037     
 -0.83143991261619965     
 -0.60921015478607687     
   1.6628757859037924     
  -1.4844443783545538     
   7.0863596526994782E-002
   1.5649789341954914     
  -1.9525605858194750     
  0.32936497668228160     
   2.1284488177442378     
  -2.0397737026097036     
  -3.0020023801371751     
 -0.87709615110482886     
  -5.1193791756428249E-002
  -9.8500498228143104E-005
*****  m =    8  l =   26
   1.3697181428846459E-004
   6.8820218562120061E-002
   1.0991151269137081     
   3.2679395490193590     
   1.2414647498756450     
  -2.4576620131862574     
  0.89936111765836813     
   1.0766304906766191     
  -1.9387894237545320     
   1.3843092677051356     
  -1.1367514796036600E-002
  -1.2543242160212913     
   1.6999513042626742     
  -1.1451659068160003     
  -3.9222953884448720E-002
   1.1732218863402142     
  -1.6341589974983484     
   1.1732218863402142     
  -3.9222953884448720E-002
  -1.1451659068160003     
   1.6999513042626742     
  -1.2543242160212913     
  -1.1367514796036600E-002
   1.3843092677051356     
  -1.9387894237545320     
   1.0766304906766191     
  0.89936111765836813     
  -2.4576620131862574     
   1.2414647498756450     
   3.2679395490193590     
   1.0991151269137081     
   6.8820218562120061E-002
   1.3697181428846459E-004
*****  m =    8  l =   27
   1.8790590069898326E-004
   9.1134379019342474E-002
   1.3510463521853693     
   3.4318426808147038     
  0.31322784864566888     
  -2.2944874494642273     
   1.8461010354054219     
 -0.26086644624120858     
  -1.2081933092621455     
   1.8392549391861397     
  -1.4915478237463335     
  0.46999011062364859     
  0.69693673513193088     
  -1.4939040822837766     
   1.6073530918888483     
  -1.0209211346763738     
  -0.0000000000000000     
   1.0209211346763738     
  -1.6073530918888483     
   1.4939040822837766     
 -0.69693673513193088     
 -0.46999011062364859     
   1.4915478237463335     
  -1.8392549391861397     
   1.2081933092621455     
  0.26086644624120858     
  -1.8461010354054219     
   2.2944874494642273     
 -0.31322784864566888     
  -3.4318426808147038     
  -1.3510463521853693     
  -9.1134379019342474E-002
  -1.8790590069898326E-004
*****  m =    8  l =   28
   2.5457331321916574E-004
  0.11900126530129820     
   1.6302109952915220     
   3.4650842795569337     
 -0.64755442968602339     
  -1.6585628028900949     
   2.2091415062234612     
  -1.4797751427864165     
  0.21359068679199755     
  0.96237714962192966     
  -1.6487714829994322     
   1.6932607332967071     
  -1.1615046973612173     
  0.27594912968131052     
  0.66441017956329540     
  -1.3687594270572971     
   1.6286898015379072     
  -1.3687594270572971     
  0.66441017956329540     
  0.27594912968131052     
  -1.1615046973612173     
   1.6932607332967071     
  -1.6487714829994322     
  0.96237714962192966     
  0.21359068679199755     
  -1.4797751427864165     
   2.2091415062234612     
  -1.6585628028900949     
 -0.64755442968602339     
   3.4650842795569337     
   1.6302109952915220     
  0.11900126530129820     
   2.5457331321916574E-004
*****  m =    8  l =   29
   3.4091335231600355E-004
  0.15335841934098840     
   1.9320075811937576     
   3.3453299716579923     
  -1.5278850468041414     
 -0.67294989007835404     
   1.8645068685947130     
  -2.0403123858832632     
   1.5075178754738638     
 -0.61195804863591308     
 -0.34251743116044220     
   1.1231502993533207     
  -1.5800868231984317     
   1.6488136761021153     
  -1.3448431083286749     
  0.75124618014452116     
   0.0000000000000000     
 -0.75124618014452116     
   1.3448431083286749     
  -1.6488136761021153     
   1.5800868231984317     
  -1.1231502993533207     
  0.34251743116044220     
  0.61195804863591308     
  -1.5075178754738638     
   2.0403123858832632     
  -1.8645068685947130     
  0.67294989007835404     
   1.5278850468041414     
  -3.3453299716579923     
  -1.9320075811937576     
 -0.15335841934098840     
  -3.4091335231600355E-004
*****  m =    8  l =   30
   4.5163294461534091E-004
  0.19520433403003301     
   2.2497977458829319     
   3.0597476823859493     
  -2.2146511530828015     
  0.45610293539294661     
  0.91548224102546405     
  -1.6874797483043134     
   1.9193581807039533     
  -1.7346382560309812     
   1.2652876640471860     
 -0.63574446702858511     
  -4.2632663302265748E-002
  0.67450468303626676     
  -1.1828618329223159     
   1.5110374667601747     
  -1.6243261545692860     
   1.5110374667601747     
  -1.1828618329223159     
  0.67450468303626676     
  -4.2632663302265748E-002
 -0.63574446702858511     
   1.2652876640471860     
  -1.7346382560309812     
   1.9193581807039533     
  -1.6874797483043134     
  0.91548224102546405     
  0.45610293539294661     
  -2.2146511530828015     
   3.0597476823859493     
   2.2497977458829319     
  0.19520433403003301     
   4.5163294461534091E-004
*****  m =    8  l =   31
   5.9231418519032253E-004
  0.24558279328550173     
   2.5749002136450505     
   2.6076973168332231     
  -2.6120174156854139     
   1.4813434608312730     
 -0.33240335774503305     
 -0.57455863521689943     
   1.2044924700770823     
  -1.5805576610465217     
   1.7386160835583493     
  -1.7150288035964529     
   1.5439485816820551     
  -1.2572599469241068     
  0.88513113445631708     
 -0.45659157821047308     
  -0.0000000000000000     
  0.45659157821047308     
 -0.88513113445631708     
   1.2572599469241068     
  -1.5439485816820551     
   1.7150288035964529     
  -1.7386160835583493     
   1.5805576610465217     
  -1.2044924700770823     
  0.57455863521689943     
  0.33240335774503305     
  -1.4813434608312730     
   2.6120174156854139     
  -2.6076973168332231     
  -2.5749002136450505     
 -0.24558279328550173     
  -5.9231418519032253E-004
*****  m =    8  l =   32
   7.6953056062456201E-004
  0.30556303454514061     
   2.8967105463893605     
   2.0025217343132429     
  -2.6579054242108113     
   2.1699514453706681     
  -1.4669379271760861     
  0.79709437360790725     
 -0.21924017037290919     
 -0.26120998143373064     
  0.65278347978532036     
 -0.96614630460247741     
   1.2107139943755261     
  -1.3938931566191877     
   1.5211125338572860     
  -1.5960395930687112     
   1.6207857253802405     
  -1.5960395930687112     
   1.5211125338572860     
  -1.3938931566191877     
   1.2107139943755261     
 -0.96614630460247741     
  0.65278347978532036     
 -0.26120998143373064     
 -0.21924017037290919     
  0.79709437360790725     
  -1.4669379271760861     
   2.1699514453706681     
  -2.6579054242108113     
   2.0025217343132429     
   2.8967105463893605     
  0.30556303454514061     
   7.6953056062456201E-004
*****  m =    9  l =    9
   1.3331400406357355E-010
   2.2818394049207042E-007
   1.2295474810879374E-005
   1.8263033843264349E-004
   1.3645585459757723E-003
   6.6055632889511521E-003
   2.3599695675039185E-002
   6.7122212011347354E-002
  0.15940555347873783     
  0.32629907857731855     
  0.58851779762579171     
  0.95000202138631828     
   1.3880284968295096     
   1.8505273211092983     
   2.2640655642346608     
   2.5516472738171601     
   2.6547847521179810     
   2.5516472738171601     
   2.2640655642346608     
   1.8505273211092983     
   1.3880284968295096     
  0.95000202138631828     
  0.58851779762579171     
  0.32629907857731855     
  0.15940555347873783     
   6.7122212011347354E-002
   2.3599695675039185E-002
   6.6055632889511521E-003
   1.3645585459757723E-003
   1.8263033843264349E-004
   1.2295474810879374E-005
   2.2818394049207042E-007
   1.3331400406357355E-010
*****  m =    9  l =   10
   6.0934820512689844E-010
   1.0315073364921968E-006
   5.4475582729805459E-005
   7.8560960684478140E-004
   5.6423607398549420E-003
   2.5972375854043685E-002
   8.7184356205478861E-002
  0.22984258417030218     
  0.49799702620897895     
  0.91248941569332953     
   1.4385138253385812     
   1.9671092471293172     
   2.3301908414190473     
   2.3541755367243891     
   1.9343546756868479     
   1.0948389871905173     
   0.0000000000000000     
  -1.0948389871905173     
  -1.9343546756868479     
  -2.3541755367243891     
  -2.3301908414190473     
  -1.9671092471293172     
  -1.4385138253385812     
 -0.91248941569332953     
 -0.49799702620897895     
 -0.22984258417030218     
  -8.7184356205478861E-002
  -2.5972375854043685E-002
  -5.6423607398549420E-003
  -7.8560960684478140E-004
  -5.4475582729805459E-005
  -1.0315073364921968E-006
  -6.0934820512689844E-010
*****  m =    9  l =   11
   2.0108868356158603E-009
   3.3628181614353685E-006
   1.7369389705599445E-004
   2.4240767976984197E-003
   1.6656722954288890E-002
   7.2427888022403505E-002
  0.22633781651566520     
  0.54590184200488023     
   1.0588584216330310     
   1.6875392903079338     
   2.2199936970705707     
   2.3682586243230235     
   1.9137988441773526     
  0.86776280430684760     
 -0.46362208939230171     
  -1.5786660431279096     
  -2.0130902106077917     
  -1.5786660431279096     
 -0.46362208939230171     
  0.86776280430684760     
   1.9137988441773526     
   2.3682586243230235     
   2.2199936970705707     
   1.6875392903079338     
   1.0588584216330310     
  0.54590184200488023     
  0.22633781651566520     
   7.2427888022403505E-002
   1.6656722954288890E-002
   2.4240767976984197E-003
   1.7369389705599445E-004
   3.3628181614353685E-006
   2.0108868356158603E-009
*****  m =    9  l =   12
   5.5296568589774494E-009
   9.1249811910137913E-006
   4.5997424846380306E-004
   6.1913814142333795E-003
   4.0500421303524055E-002
  0.16516168110020235     
  0.47544509345639946     
   1.0325210394355202     
   1.7478377244254686     
   2.3178232368090184     
   2.3266944955869677     
   1.5226548241248488     
   9.2215079447783482E-002
  -1.3189452186080002     
  -1.9428647534396544     
  -1.3984078798508781     
  -0.0000000000000000     
   1.3984078798508781     
   1.9428647534396544     
   1.3189452186080002     
  -9.2215079447783482E-002
  -1.5226548241248488     
  -2.3266944955869677     
  -2.3178232368090184     
  -1.7478377244254686     
  -1.0325210394355202     
 -0.47544509345639946     
 -0.16516168110020235     
  -4.0500421303524055E-002
  -6.1913814142333795E-003
  -4.5997424846380306E-004
  -9.1249811910137913E-006
  -5.5296568589774494E-009
*****  m =    9  l =   13
   1.3431804899242756E-008
   2.1847041422167236E-005
   1.0724280584951090E-003
   1.3873909753473941E-002
   8.5941417485932356E-002
  0.32607736627870121     
  0.85403956768086275     
   1.6363499679114109     
   2.3293869418454887     
   2.3703201283201798     
   1.4019596732841668     
 -0.26559258681909104     
  -1.6608976296430580     
  -1.8095913561732224     
 -0.57818544214573375     
   1.0845981696723419     
   1.8454833853569810     
   1.0845981696723419     
 -0.57818544214573375     
  -1.8095913561732224     
  -1.6608976296430580     
 -0.26559258681909104     
   1.4019596732841668     
   2.3703201283201798     
   2.3293869418454887     
   1.6363499679114109     
  0.85403956768086275     
  0.32607736627870121     
   8.5941417485932356E-002
   1.3873909753473941E-002
   1.0724280584951090E-003
   2.1847041422167236E-005
   1.3431804899242756E-008
*****  m =    9  l =   14
   2.9748207359333193E-008
   4.7637288322844500E-005
   2.2721309385535372E-003
   2.8149249442733795E-002
  0.16418788582909521     
  0.57442929667796938     
   1.3485797062839562     
   2.2177365911915836     
   2.4969594868092866     
   1.5905984985408859     
 -0.24085495794421091     
  -1.7477163716178261     
  -1.6745435752950626     
  -6.8181259095574348E-002
   1.5491972274481123     
   1.5824988017236132     
   0.0000000000000000     
  -1.5824988017236132     
  -1.5491972274481123     
   6.8181259095574348E-002
   1.6745435752950626     
   1.7477163716178261     
  0.24085495794421091     
  -1.5905984985408859     
  -2.4969594868092866     
  -2.2177365911915836     
  -1.3485797062839562     
 -0.57442929667796938     
 -0.16418788582909521     
  -2.8149249442733795E-002
  -2.2721309385535372E-003
  -4.7637288322844500E-005
  -2.9748207359333193E-008
*****  m =    9  l =   15
   6.1275991430693906E-008
   9.6495020755963155E-005
   4.4619029939358288E-003
   5.2737024858911463E-002
  0.28787370020051817     
  0.91924087205051319     
   1.8986297612358634     
   2.5736931888745698     
   2.0227467472436986     
  0.15555079508163389     
  -1.6634580201656552     
  -1.7188458495671777     
   5.7636114637151833E-002
   1.6855018155200900     
   1.2753249176462000     
 -0.66834758730811272     
  -1.7671636864822537     
 -0.66834758730811272     
   1.2753249176462000     
   1.6855018155200900     
   5.7636114637151833E-002
  -1.7188458495671777     
  -1.6634580201656552     
  0.15555079508163389     
   2.0227467472436986     
   2.5736931888745698     
   1.8986297612358634     
  0.91924087205051319     
  0.28787370020051817     
   5.2737024858911463E-002
   4.4619029939358288E-003
   9.6495020755963155E-005
   6.1275991430693906E-008
*****  m =    9  l =   16
   1.1898503647706719E-007
   1.8404844492378848E-004
   8.2313999287321436E-003
   9.2451471076483938E-002
  0.46915206252579161     
   1.3511054004462837     
   2.3957216625093811     
   2.5037537381521151     
  0.91787082916626994     
  -1.3096436982811350     
  -1.9121734290605850     
 -0.18661787333157148     
   1.6714292903259969     
   1.1972861037854403     
 -0.92420736105618206     
  -1.6826124078480511     
  -0.0000000000000000     
   1.6826124078480511     
  0.92420736105618206     
  -1.1972861037854403     
  -1.6714292903259969     
  0.18661787333157148     
   1.9121734290605850     
   1.3096436982811350     
 -0.91787082916626994     
  -2.5037537381521151     
  -2.3957216625093811     
  -1.3511054004462837     
 -0.46915206252579161     
  -9.2451471076483938E-002
  -8.2313999287321436E-003
  -1.8404844492378848E-004
  -1.1898503647706719E-007
*****  m =    9  l =   17
   2.1993940088294997E-007
   3.3378076668887590E-004
   1.4404685453401596E-002
  0.15310273217372958     
  0.71697298680892296     
   1.8358273015851949     
   2.7006543354517611     
   1.9002460389177172     
 -0.49689992711803060     
  -2.0348844264655219     
 -0.78217062861513487     
   1.4765375337234712     
   1.3867079449008941     
 -0.85951052824012131     
  -1.6490096502693574     
  0.28014537998058625     
   1.7223337454376799     
  0.28014537998058625     
  -1.6490096502693574     
 -0.85951052824012131     
   1.3867079449008941     
   1.4765375337234712     
 -0.78217062861513487     
  -2.0348844264655219     
 -0.49689992711803060     
   1.9002460389177172     
   2.7006543354517611     
   1.8358273015851949     
  0.71697298680892296     
  0.15310273217372958     
   1.4404685453401596E-002
   3.3378076668887590E-004
   2.1993940088294997E-007
*****  m =    9  l =   18
   3.8986063732215761E-007
   5.7979618813175555E-004
   2.4086191310121297E-002
  0.24120097504530050     
   1.0338535240247708     
   2.3126519222603696     
   2.6790322931724693     
  0.82509284943964767     
  -1.6812088741425320     
  -1.5836476654774503     
  0.91015231395880136     
   1.7229974972073021     
 -0.46468540502563921     
  -1.7237541319847409     
  0.19567406454727848     
   1.7089297949336795     
   0.0000000000000000     
  -1.7089297949336795     
 -0.19567406454727848     
   1.7237541319847409     
  0.46468540502563921     
  -1.7229974972073021     
 -0.91015231395880136     
   1.5836476654774503     
   1.6812088741425320     
 -0.82509284943964767     
  -2.6790322931724693     
  -2.3126519222603696     
  -1.0338535240247708     
 -0.24120097504530050     
  -2.4086191310121297E-002
  -5.7979618813175555E-004
  -3.8986063732215761E-007
*****  m =    9  l =   19
   6.6647752851324903E-007
   9.7016169580569083E-004
   3.8699805796857022E-002
  0.36343473678060045     
   1.4126792387450458     
   2.6992836274504470     
   2.2471420490237497     
 -0.46904380429846004     
  -2.1132506611634629     
 -0.19282164761090967     
   1.8712525203500980     
  0.31539194703467271     
  -1.7501170611021235     
 -0.24110600852150635     
   1.7044249863859346     
   8.7753889637448484E-002
  -1.6937125798318864     
   8.7753889637448484E-002
   1.7044249863859346     
 -0.24110600852150635     
  -1.7501170611021235     
  0.31539194703467271     
   1.8712525203500980     
 -0.19282164761090967     
  -2.1132506611634629     
 -0.46904380429846004     
   2.2471420490237497     
   2.6992836274504470     
   1.4126792387450458     
  0.36343473678060045     
   3.8699805796857022E-002
   9.7016169580569083E-004
   6.6647752851324903E-007
*****  m =    9  l =   20
   1.1038246452109930E-006
   1.5708390986965764E-003
   6.0014911735141188E-002
  0.52592206017701260     
   1.8342430057751669     
   2.9044601308587863     
   1.4137295215513266     
  -1.5984125889270950     
  -1.5674287101265278     
   1.2983851461246987     
   1.3370199963138247     
  -1.3801971970752935     
 -0.97713848375655810     
   1.5501496738655323     
  0.51847167893724766     
  -1.6669887165567534     
  -0.0000000000000000     
   1.6669887165567534     
 -0.51847167893724766     
  -1.5501496738655323     
  0.97713848375655810     
   1.3801971970752935     
  -1.3370199963138247     
  -1.2983851461246987     
   1.5674287101265278     
   1.5984125889270950     
  -1.4137295215513266     
  -2.9044601308587863     
  -1.8342430057751669     
 -0.52592206017701260     
  -6.0014911735141188E-002
  -1.5708390986965764E-003
  -1.1038246452109930E-006
*****  m =    9  l =   21
   1.7776700332276987E-006
   2.4701948870202270E-003
   9.0152668949304002E-002
  0.73326776423935236     
   2.2662762322409922     
   2.8467811781596555     
  0.30096528274105078     
  -2.1795120850513068     
 -0.27590084888307925     
   1.9439898668361884     
 -0.27141867327540792     
  -1.6918422779761000     
  0.93770571927302171     
   1.1906349907230915     
  -1.4707920545153674     
 -0.43214273216364163     
   1.6741166997720849     
 -0.43214273216364163     
  -1.4707920545153674     
   1.1906349907230915     
  0.93770571927302171     
  -1.6918422779761000     
 -0.27141867327540792     
   1.9439898668361884     
 -0.27590084888307925     
  -2.1795120850513068     
  0.30096528274105078     
   2.8467811781596555     
   2.2662762322409922     
  0.73326776423935236     
   9.0152668949304002E-002
   2.4701948870202270E-003
   1.7776700332276987E-006
*****  m =    9  l =   22
   2.7922699944235958E-006
   3.7840435854760305E-003
  0.13156583960082488     
  0.98749879005595798     
   2.6646179333206388     
   2.4762921738455450     
 -0.86819187356917371     
  -1.9859203515242170     
   1.1398832680272990     
   1.3138351800291344     
  -1.6411158281585321     
 -0.30846518132528278     
   1.7202684011914930     
 -0.81065366996925758     
  -1.1142437033700106     
   1.5619532147890054     
   0.0000000000000000     
  -1.5619532147890054     
   1.1142437033700106     
  0.81065366996925758     
  -1.7202684011914930     
  0.30846518132528278     
   1.6411158281585321     
  -1.3138351800291344     
  -1.1398832680272990     
   1.9859203515242170     
  0.86819187356917371     
  -2.4762921738455450     
  -2.6646179333206388     
 -0.98749879005595798     
 -0.13156583960082488     
  -3.7840435854760305E-003
  -2.7922699944235958E-006
*****  m =    9  l =   23
   4.2886660405643753E-006
   5.6611441173521054E-003
  0.18698609349017037     
   1.2869867345774912     
   2.9768874608311635     
   1.7936580766526724     
  -1.8191695124854697     
  -1.0631159674124684     
   1.9620358583187274     
 -0.18557836002794847     
  -1.6328212449020192     
   1.3747563713761703     
  0.43948009104352243     
  -1.6695844814452849     
   1.0070383433466694     
  0.74626815784430578     
  -1.6600223905108462     
  0.74626815784430578     
   1.0070383433466694     
  -1.6695844814452849     
  0.43948009104352243     
   1.3747563713761703     
  -1.6328212449020192     
 -0.18557836002794847     
   1.9620358583187274     
  -1.0631159674124684     
  -1.8191695124854697     
   1.7936580766526724     
   2.9768874608311635     
   1.2869867345774912     
  0.18698609349017037     
   5.6611441173521054E-003
   4.2886660405643753E-006
*****  m =    9  l =   24
   6.4547553592346857E-006
   8.2890293291335605E-003
  0.25933406801916770     
   1.6254964455313712     
   3.1486027225024076     
  0.86125416441022806     
  -2.3014233589813755     
  0.25798708697381312     
   1.7535385786378748     
  -1.5485469212275382     
 -0.24939799322856362     
   1.6460959562419195     
  -1.3604806118579305     
 -0.19498386372369864     
   1.5111102722226533     
  -1.3998713007410546     
  -0.0000000000000000     
   1.3998713007410546     
  -1.5111102722226533     
  0.19498386372369864     
   1.3604806118579305     
  -1.6460959562419195     
  0.24939799322856362     
   1.5485469212275382     
  -1.7535385786378748     
 -0.25798708697381312     
   2.3014233589813755     
 -0.86125416441022806     
  -3.1486027225024076     
  -1.6254964455313712     
 -0.25933406801916770     
  -8.2890293291335605E-003
  -6.4547553592346857E-006
*****  m =    9  l =   25
   9.5373812190634598E-006
   1.1900007580328852E-002
  0.35158950231567182     
   1.9915159494321459     
   3.1311804652649253     
 -0.19846747063206571     
  -2.1688735514950102     
   1.4695565561155415     
  0.61259453201182335     
  -1.8409956223136290     
   1.3373588745885772     
  0.22811934667676353     
  -1.5049123242480602     
   1.5429895427804008     
 -0.39682354907507439     
  -1.0224652644071677     
   1.6495035500808799     
  -1.0224652644071677     
 -0.39682354907507439     
   1.5429895427804008     
  -1.5049123242480602     
  0.22811934667676353     
   1.3373588745885772     
  -1.8409956223136290     
  0.61259453201182335     
   1.4695565561155415     
  -2.1688735514950102     
 -0.19846747063206571     
   3.1311804652649253     
   1.9915159494321459     
  0.35158950231567182     
   1.1900007580328852E-002
   9.5373812190634598E-006
*****  m =    9  l =   26
   1.3856703333030990E-005
   1.6777133761004464E-002
  0.46662146236806479     
   2.3680210234010053     
   2.8907611286303725     
  -1.2194194528650761     
  -1.4380335627645784     
   2.0839286630848011     
 -0.85367240759940832     
 -0.85458136514095129     
   1.7684106619237157     
  -1.4172568454774139     
  0.17786571311351379     
   1.1068806702988212     
  -1.6604046653204370     
   1.1880469727021474     
   0.0000000000000000     
  -1.1880469727021474     
   1.6604046653204370     
  -1.1068806702988212     
 -0.17786571311351379     
   1.4172568454774139     
  -1.7684106619237157     
  0.85458136514095129     
  0.85367240759940832     
  -2.0839286630848011     
   1.4380335627645784     
   1.2194194528650761     
  -2.8907611286303725     
  -2.3680210234010053     
 -0.46662146236806479     
  -1.6777133761004464E-002
  -1.3856703333030990E-005
*****  m =    9  l =   27
   1.9823119966918195E-005
   2.3259907045971355E-002
  0.60698190265724261     
   2.7328042478918553     
   2.4164241130487789     
  -2.0216057881704765     
 -0.30055201189728747     
   1.8403432109871702     
  -1.8439388571148065     
  0.72589435917789269     
  0.66978998745279661     
  -1.5852359707450221     
   1.6357398332356510     
 -0.88370285788472691     
 -0.26169366880618816     
   1.2533875690508065     
  -1.6414229117038766     
   1.2533875690508065     
 -0.26169366880618816     
 -0.88370285788472691     
   1.6357398332356510     
  -1.5852359707450221     
  0.66978998745279661     
  0.72589435917789269     
  -1.8439388571148065     
   1.8403432109871702     
 -0.30055201189728747     
  -2.0216057881704765     
   2.4164241130487789     
   2.7328042478918553     
  0.60698190265724261     
   2.3259907045971355E-002
   1.9823119966918195E-005
*****  m =    9  l =   28
   2.7957023199549703E-005
   3.1749416064273617E-002
  0.77466938397911855     
   3.0594528213996219     
   1.7261989053443283     
  -2.4488172435680906     
  0.92012468681033777     
  0.82910985900269041     
  -1.8046493002582853     
   1.7863111151123945     
  -1.0062890265984898     
 -0.10151789421605457     
   1.0883388939221681     
  -1.6201336222754916     
   1.5501600183360700     
 -0.93506037849895707     
  -0.0000000000000000     
  0.93506037849895707     
  -1.5501600183360700     
   1.6201336222754916     
  -1.0883388939221681     
  0.10151789421605457     
   1.0062890265984898     
  -1.7863111151123945     
   1.8046493002582853     
 -0.82910985900269041     
 -0.92012468681033777     
   2.4488172435680906     
  -1.7261989053443283     
  -3.0594528213996219     
 -0.77466938397911855     
  -3.1749416064273617E-002
  -2.7957023199549703E-005
*****  m =    9  l =   29
   3.8911675891701372E-005
   4.2712620971933485E-002
  0.97087344461657488     
   3.3189942456601651     
  0.86940248915562846     
  -2.4060462475284132     
   1.8597522252445513     
 -0.52998229352140624     
 -0.75119234046966787     
   1.5699791583099434     
  -1.7962757178896156     
   1.4826068213414156     
 -0.79071229730798498     
  -6.5827053363550520E-002
  0.86863449229933809     
  -1.4327044292325870     
   1.6350687515667377     
  -1.4327044292325870     
  0.86863449229933809     
  -6.5827053363550520E-002
 -0.79071229730798498     
   1.4826068213414156     
  -1.7962757178896156     
   1.5699791583099434     
 -0.75119234046966787     
 -0.52998229352140624     
   1.8597522252445513     
  -2.4060462475284132     
  0.86940248915562846     
   3.3189942456601651     
  0.97087344461657488     
   4.2712620971933485E-002
   3.8911675891701372E-005
*****  m =    9  l =   30
   5.3499503289171370E-005
   5.6685438187694392E-002
   1.1957136174846230     
   3.4821497746829788     
  -7.5735674619949733E-002
  -1.8872492722507097     
   2.2259351486338050     
  -1.6564025305872565     
  0.72486628036301703     
  0.22825618170754070     
  -1.0056748164143141     
   1.5054963936697625     
  -1.6917940404589886     
   1.5762112471861194     
  -1.2053006479505539     
  0.65061329713553206     
   0.0000000000000000     
 -0.65061329713553206     
   1.2053006479505539     
  -1.5762112471861194     
   1.6917940404589886     
  -1.5054963936697625     
   1.0056748164143141     
 -0.22825618170754070     
 -0.72486628036301703     
   1.6564025305872565     
  -2.2259351486338050     
   1.8872492722507097     
   7.5735674619949733E-002
  -3.4821497746829788     
  -1.1957136174846230     
  -5.6685438187694392E-002
  -5.3499503289171370E-005
*****  m =    9  l =   31
   7.2722093472454643E-005
   7.4274279234039370E-002
   1.4479900898149476     
   3.5220505834462359     
  -1.0095022240338158     
 -0.98533223875443776     
   1.8960210293493311     
  -2.0581798175922059     
   1.7815312189873562     
  -1.2740037579879473     
  0.66970382357074376     
  -5.6419110851044604E-002
 -0.50691522405030887     
  0.98003409153540744     
  -1.3355268484347618     
   1.5555434199704365     
  -1.6299748459814438     
   1.5555434199704365     
  -1.3355268484347618     
  0.98003409153540744     
 -0.50691522405030887     
  -5.6419110851044604E-002
  0.66970382357074376     
  -1.2740037579879473     
   1.7815312189873562     
  -2.0581798175922059     
   1.8960210293493311     
 -0.98533223875443776     
  -1.0095022240338158     
   3.5220505834462359     
   1.4479900898149476     
   7.4274279234039370E-002
   7.2722093472454643E-005
*****  m =    9  l =   32
   9.7804198786382470E-005
   9.6155692008341564E-002
   1.7249652032577969     
   3.4171912275707697     
  -1.8226573521160121     
  0.12018635686222301     
  0.96552359643314967     
  -1.5531140989372836     
   1.8080904205534756     
  -1.8477231426861018     
   1.7472341598832648     
  -1.5543877605517544     
   1.3000562878374835     
  -1.0048280919240846     
  0.68303877363511767     
 -0.34527393674141033     
  -0.0000000000000000     
  0.34527393674141033     
 -0.68303877363511767     
   1.0048280919240846     
  -1.3000562878374835     
   1.5543877605517544     
  -1.7472341598832648     
   1.8477231426861018     
  -1.8080904205534756     
   1.5531140989372836     
 -0.96552359643314967     
 -0.12018635686222301     
   1.8226573521160121     
  -3.4171912275707697     
  -1.7249652032577969     
  -9.6155692008341564E-002
  -9.7804198786382470E-005
*****  m =   10  l =   10
   9.7976073031625631E-012
   3.8352796137333681E-008
   3.2184126799749755E-006
   6.4516740645218540E-005
   6.0275143362124764E-004
   3.4766254194794331E-003
   1.4308644918509762E-002
   4.5708645108523537E-002
  0.11950140207632111     
  0.26488260876624148     
  0.51010269235117367     
  0.86841988298455697     
   1.3234291804020595     
   1.8216933912146074     
   2.2792994806613924     
   2.6031740971521393     
   2.7203448649173207     
   2.6031740971521393     
   2.2792994806613924     
   1.8216933912146074     
   1.3234291804020595     
  0.86841988298455697     
  0.51010269235117367     
  0.26488260876624148     
  0.11950140207632111     
   4.5708645108523537E-002
   1.4308644918509762E-002
   3.4766254194794331E-003
   6.0275143362124764E-004
   6.4516740645218540E-005
   3.2184126799749755E-006
   3.8352796137333681E-008
   9.7976073031625631E-012
*****  m =   10  l =   11
   4.6866666330457378E-011
   1.8144230238334266E-007
   1.4922877758392536E-005
   2.9044275743116696E-004
   2.6083219608452370E-003
   1.4305860734583795E-002
   5.5320352574948682E-002
  0.16380111528946859     
  0.39070644312542918     
  0.77521060246955409     
   1.3048672329672955     
   1.8818628961492549     
   2.3251345276203539     
   2.4253414801594095     
   2.0379933872446694     
   1.1689262175183335     
   0.0000000000000000     
  -1.1689262175183335     
  -2.0379933872446694     
  -2.4253414801594095     
  -2.3251345276203539     
  -1.8818628961492549     
  -1.3048672329672955     
 -0.77521060246955409     
 -0.39070644312542918     
 -0.16380111528946859     
  -5.5320352574948682E-002
  -1.4305860734583795E-002
  -2.6083219608452370E-003
  -2.9044275743116696E-004
  -1.4922877758392536E-005
  -1.8144230238334266E-007
  -4.6866666330457378E-011
*****  m =   10  l =   12
   1.6160117918729996E-010
   6.1811946853924665E-007
   4.9730369036936745E-005
   9.3694973840893953E-004
   8.0536654523249082E-003
   4.1751879936376309E-002
  0.15043301331894027     
  0.40801091849627208     
  0.87280164342960687     
   1.5104692024501847     
   2.1315423495295986     
   2.4193048173412866     
   2.0816364596261501     
   1.0608110630031375     
 -0.34452605697876848     
  -1.5665631345319782     
  -2.0505370948410895     
  -1.5665631345319782     
 -0.34452605697876848     
   1.0608110630031375     
   2.0816364596261501     
   2.4193048173412866     
   2.1315423495295986     
   1.5104692024501847     
  0.87280164342960687     
  0.40801091849627208     
  0.15043301331894027     
   4.1751879936376309E-002
   8.0536654523249082E-003
   9.3694973840893953E-004
   4.9730369036936745E-005
   6.1811946853924665E-007
   1.6160117918729996E-010
*****  m =   10  l =   13
   4.6359161573187576E-010
   1.7501320531913245E-006
   1.3747066411239946E-004
   2.4995630025205070E-003
   2.0472243370570044E-002
   9.9668268507557847E-002
  0.33144535390225571     
  0.81185070792406289     
   1.5230018717142584     
   2.2122622888665702     
   2.4270560177284874     
   1.7909034490988143     
  0.37342852302395396     
  -1.1773374797945042     
  -1.9641882683879661     
  -1.4701327339740333     
  -0.0000000000000000     
   1.4701327339740333     
   1.9641882683879661     
   1.1773374797945042     
 -0.37342852302395396     
  -1.7909034490988143     
  -2.4270560177284874     
  -2.2122622888665702     
  -1.5230018717142584     
 -0.81185070792406289     
 -0.33144535390225571     
  -9.9668268507557847E-002
  -2.0472243370570044E-002
  -2.4995630025205070E-003
  -1.3747066411239946E-004
  -1.7501320531913245E-006
  -4.6359161573187576E-010
*****  m =   10  l =   14
   1.1730106667507510E-009
   4.3661265200655748E-006
   3.3417028823222851E-004
   5.8453786510928082E-003
   4.5401946262435953E-002
  0.20610377594287421     
  0.62573669339161153     
   1.3599566930064353     
   2.1682822163457538     
   2.4763231001105388     
   1.7508642721610057     
  0.10199767005960750     
  -1.5100468920717078     
  -1.9020517199346103     
 -0.73125498205941319     
   1.0373104582049810     
   1.8723436135202309     
   1.0373104582049810     
 -0.73125498205941319     
  -1.9020517199346103     
  -1.5100468920717078     
  0.10199767005960750     
   1.7508642721610057     
   2.4763231001105388     
   2.1682822163457538     
   1.3599566930064353     
  0.62573669339161153     
  0.20610377594287421     
   4.5401946262435953E-002
   5.8453786510928082E-003
   3.3417028823222851E-004
   4.3661265200655748E-006
   1.1730106667507510E-009
*****  m =   10  l =   15
   2.7023409407147681E-009
   9.9070190871094939E-006
   7.3735310834206421E-004
   1.2367883438480753E-002
   9.0640685897331083E-002
  0.38065370178256797     
   1.0415795587324117     
   1.9628860826528498     
   2.5340437377775529     
   1.9752258180450146     
  0.22542722680085889     
  -1.5581150656700102     
  -1.8341988754654515     
 -0.31050190312184822     
   1.4788111614240136     
   1.6409665960282296     
   0.0000000000000000     
  -1.6409665960282296     
  -1.4788111614240136     
  0.31050190312184822     
   1.8341988754654515     
   1.5581150656700102     
 -0.22542722680085889     
  -1.9752258180450146     
  -2.5340437377775529     
  -1.9628860826528498     
  -1.0415795587324117     
 -0.38065370178256797     
  -9.0640685897331083E-002
  -1.2367883438480753E-002
  -7.3735310834206421E-004
  -9.9070190871094939E-006
  -2.7023409407147681E-009
*****  m =   10  l =   16
   5.7822416095716611E-009
   2.0857124464651507E-005
   1.5064738887115487E-003
   2.4148354782802493E-002
  0.16608548532425940     
  0.63956343048295639     
   1.5527515057269938     
   2.4573956254973419     
   2.3534211046774471     
  0.72209970729782069     
  -1.3639604732939226     
  -1.9002864464861258     
 -0.27878114050743258     
   1.5955028562969475     
   1.4042979165141769     
 -0.59705615880887253     
  -1.7878712140280399     
 -0.59705615880887253     
   1.4042979165141769     
   1.5955028562969475     
 -0.27878114050743258     
  -1.9002864464861258     
  -1.3639604732939226     
  0.72209970729782069     
   2.3534211046774471     
   2.4573956254973419     
   1.5527515057269938     
  0.63956343048295639     
  0.16608548532425940     
   2.4148354782802493E-002
   1.5064738887115487E-003
   2.0857124464651507E-005
   5.7822416095716611E-009
*****  m =   10  l =   17
   1.1648568735173280E-008
   4.1298110439902086E-005
   2.8887447705623743E-003
   4.4097279733178951E-002
  0.28296814273138843     
  0.98908639650629737     
   2.0889694988814411     
   2.6444380437749362     
   1.5199510053641687     
 -0.81745289974094026     
  -2.0161004240269271     
 -0.61850033711519636     
   1.5181746025861096     
   1.3946854970557967     
 -0.78034234063788965     
  -1.7223021956157094     
  -0.0000000000000000     
   1.7223021956157094     
  0.78034234063788965     
  -1.3946854970557967     
  -1.5181746025861096     
  0.61850033711519636     
   2.0161004240269271     
  0.81745289974094026     
  -1.5199510053641687     
  -2.6444380437749362     
  -2.0889694988814411     
 -0.98908639650629737     
 -0.28296814273138843     
  -4.4097279733178951E-002
  -2.8887447705623743E-003
  -4.1298110439902086E-005
  -1.1648568735173280E-008
*****  m =   10  l =   18
   2.2311935173873693E-008
   7.7666795002588959E-005
   5.2500718986447457E-003
   7.6040786127691343E-002
  0.45237298502896767     
   1.4184401334464203     
   2.5389015748995112     
   2.3609973889339764     
  0.20243670888890289     
  -1.9017737834691881     
  -1.2590002126423914     
   1.1763262756268784     
   1.6084134788712734     
 -0.62090690180971453     
  -1.7156831449547247     
  0.19297927381959351     
   1.7389496880279667     
  0.19297927381959351     
  -1.7156831449547247     
 -0.62090690180971453     
   1.6084134788712734     
   1.1763262756268784     
  -1.2590002126423914     
  -1.9017737834691881     
  0.20243670888890289     
   2.3609973889339764     
   2.5389015748995112     
   1.4184401334464203     
  0.45237298502896767     
   7.6040786127691343E-002
   5.2500718986447457E-003
   7.7666795002588959E-005
   2.2311935173873693E-008
*****  m =   10  l =   19
   4.0936199419794575E-008
   1.3976039896693621E-004
   9.1101205551413107E-003
  0.12471197683421147     
  0.68305377832765712     
   1.8944027459748227     
   2.7697779220563632     
   1.5621905473155140     
  -1.1618852205253078     
  -1.9294139332602143     
  0.39257405734427347     
   1.8546262026164535     
  -9.9188620618505127E-002
  -1.7691835093059365     
   1.0989558126191032E-002
   1.7267545301141622     
   0.0000000000000000     
  -1.7267545301141622     
  -1.0989558126191032E-002
   1.7691835093059365     
   9.9188620618505127E-002
  -1.8546262026164535     
 -0.39257405734427347     
   1.9294139332602143     
   1.1618852205253078     
  -1.5621905473155140     
  -2.7697779220563632     
  -1.8944027459748227     
 -0.68305377832765712     
 -0.12471197683421147     
  -9.1101205551413107E-003
  -1.3976039896693621E-004
  -4.0936199419794575E-008
*****  m =   10  l =   20
   7.2357913400530468E-008
   2.4203359823590955E-004
   1.5179705521197264E-002
  0.19560724317006734     
  0.97874223438830421     
   2.3598506327158089     
   2.6621761180333108     
  0.37678432225541064     
  -2.0274566907975884     
 -0.85098181816311103     
   1.7195911380965885     
  0.77971226426442752     
  -1.6631307022730148     
 -0.52424282678950596     
   1.6892952358252231     
  0.18378322062879465     
  -1.7074095634628250     
  0.18378322062879465     
   1.6892952358252231     
 -0.52424282678950596     
  -1.6631307022730148     
  0.77971226426442752     
   1.7195911380965885     
 -0.85098181816311103     
  -2.0274566907975884     
  0.37678432225541064     
   2.6621761180333108     
   2.3598506327158089     
  0.97874223438830421     
  0.19560724317006734     
   1.5179705521197264E-002
   2.4203359823590955E-004
   7.2357913400530468E-008
*****  m =   10  l =   21
   1.2378503600753832E-007
   4.0523010530092095E-004
   2.4397815780645281E-002
  0.29467466051180530     
   1.3353291580735567     
   2.7381294427520588     
   2.1519584191353744     
 -0.89840590356854966     
  -1.9984587359003874     
  0.71946306782637504     
   1.6989019213256731     
  -1.0255096297572819     
  -1.2876584176794281     
   1.4115276427081958     
  0.70530674656893544     
  -1.6615271635043043     
  -0.0000000000000000     
   1.6615271635043043     
 -0.70530674656893544     
  -1.4115276427081958     
   1.2876584176794281     
   1.0255096297572819     
  -1.6989019213256731     
 -0.71946306782637504     
   1.9984587359003874     
  0.89840590356854966     
  -2.1519584191353744     
  -2.7381294427520588     
  -1.3353291580735567     
 -0.29467466051180530     
  -2.4397815780645281E-002
  -4.0523010530092095E-004
  -1.2378503600753832E-007
*****  m =   10  l =   22
   2.0572012030356052E-007
   6.5838711299927668E-004
   3.7964706087290176E-002
  0.42781620605838949     
   1.7384589840495805     
   2.9440121050432855     
   1.2660907739054514     
  -1.8789404188087180     
  -1.0567246268558357     
   1.8256954209125043     
  0.33651188646898894     
  -1.8099497456500944     
  0.58301121990639015     
   1.3971830464900381     
  -1.3725696327531272     
 -0.53066202298771104     
   1.6856352920062023     
 -0.53066202298771104     
  -1.3725696327531272     
   1.3971830464900381     
  0.58301121990639015     
  -1.8099497456500944     
  0.33651188646898894     
   1.8256954209125043     
  -1.0567246268558357     
  -1.8789404188087180     
   1.2660907739054514     
   2.9440121050432855     
   1.7384589840495805     
  0.42781620605838949     
   3.7964706087290176E-002
   6.5838711299927668E-004
   2.0572012030356052E-007
*****  m =   10  l =   23
   3.3316068457273487E-007
   1.0412433905122105E-003
   5.7366715019917511E-002
  0.60020746402872349     
   2.1621633276067280     
   2.9002942234882392     
  0.13772346995625737     
  -2.2287747877720938     
  0.37716224141991678     
   1.7621182651621026     
  -1.2818884144818208     
 -0.80152254206313456     
   1.7478842605047431     
 -0.53495997280713925     
  -1.2658336015342528     
   1.5331372974837114     
   0.0000000000000000     
  -1.5331372974837114     
   1.2658336015342528     
  0.53495997280713925     
  -1.7478842605047431     
  0.80152254206313456     
   1.2818884144818208     
  -1.7621182651621026     
 -0.37716224141991678     
   2.2287747877720938     
 -0.13772346995625737     
  -2.9002942234882392     
  -2.1621633276067280     
 -0.60020746402872349     
  -5.7366715019917511E-002
  -1.0412433905122105E-003
  -3.3316068457273487E-007
*****  m =   10  l =   24
   5.2713754520026594E-007
   1.6070708676218348E-003
   8.4387901721946892E-002
  0.81546611088158993     
   2.5691298127985003     
   2.5571953306524788     
  -1.0100274049559099     
  -1.8018724542677240     
   1.6124050039385920     
  0.55665942392812950     
  -1.8373306658971111     
  0.99638885224258456     
  0.83088844571592957     
  -1.7107707893842214     
  0.84061798032584956     
  0.84144718530889684     
  -1.6698619480318710     
  0.84144718530889684     
  0.84061798032584956     
  -1.7107707893842214     
  0.83088844571592957     
  0.99638885224258456     
  -1.8373306658971111     
  0.55665942392812950     
   1.6124050039385920     
  -1.8018724542677240     
  -1.0100274049559099     
   2.5571953306524788     
   2.5691298127985003     
  0.81546611088158993     
   8.4387901721946892E-002
   1.6070708676218348E-003
   5.2713754520026594E-007
*****  m =   10  l =   25
   8.1666047482806389E-007
   2.4259350404358900E-003
  0.12110333393829559     
   1.0747309529135614     
   2.9130366906889553     
   1.9102078247441145     
  -1.9130806223341483     
 -0.72684718333768961     
   2.0241319950199546     
  -1.0066815982388930     
 -0.86665533909212522     
   1.7772761442593810     
  -1.0696006809237515     
 -0.50554804904134643     
   1.5974893855582224     
  -1.3488013213655801     
  -0.0000000000000000     
   1.3488013213655801     
  -1.5974893855582224     
  0.50554804904134643     
   1.0696006809237515     
  -1.7772761442593810     
  0.86665533909212522     
   1.0066815982388930     
  -2.0241319950199546     
  0.72684718333768961     
   1.9130806223341483     
  -1.9102078247441145     
  -2.9130366906889553     
  -1.0747309529135614     
 -0.12110333393829559     
  -2.4259350404358900E-003
  -8.1666047482806389E-007
*****  m =   10  l =   26
   1.2411495916660058E-006
   3.5883714921764553E-003
  0.16984900139528447     
   1.3757427124537003     
   3.1430854329769957     
   1.0114040154415671     
  -2.3380688186105254     
  0.61254312711082970     
   1.3882967261866905     
  -1.8834906568581216     
  0.82290795541625061     
  0.75032559666145127     
  -1.6738170040412916     
   1.3946112136622064     
 -0.18946556302281370     
  -1.1090553788182174     
   1.6580165952006720     
  -1.1090553788182174     
 -0.18946556302281370     
   1.3946112136622064     
  -1.6738170040412916     
  0.75032559666145127     
  0.82290795541625061     
  -1.8834906568581216     
   1.3882967261866905     
  0.61254312711082970     
  -2.3380688186105254     
   1.0114040154415671     
   3.1430854329769957     
   1.3757427124537003     
  0.16984900139528447     
   3.5883714921764553E-003
   1.2411495916660058E-006
*****  m =   10  l =   27
   1.8534403118112968E-006
   5.2094444271921711E-003
  0.23316394465736309     
   1.7120415647932306     
   3.2104666213618165     
  -3.0145073550327986E-002
  -2.1564964179377779     
   1.7076507259118230     
   2.5959358791345498E-002
  -1.4739407987684869     
   1.8061577781071914     
  -1.0363312294739000     
 -0.25710684164259096     
   1.3358466007725829     
  -1.6635669090195382     
   1.1168407194422632     
   0.0000000000000000     
  -1.1168407194422632     
   1.6635669090195382     
  -1.3358466007725829     
  0.25710684164259096     
   1.0363312294739000     
  -1.8061577781071914     
   1.4739407987684869     
  -2.5959358791345498E-002
  -1.7076507259118230     
   2.1564964179377779     
   3.0145073550327986E-002
  -3.2104666213618165     
  -1.7120415647932306     
 -0.23316394465736309     
  -5.2094444271921711E-003
  -1.8534403118112968E-006
*****  m =   10  l =   28
   2.7234594198214243E-006
   7.4331287283307210E-003
  0.31370132444858545     
   2.0724099727497238     
   3.0760614480717940     
  -1.0611958647070558     
  -1.3967101797598220     
   2.1226085330107094     
  -1.3427478816769443     
  -5.2534293943349172E-002
   1.2441200577847216     
  -1.7486832427393550     
   1.4629350945569404     
 -0.59298743958939326     
 -0.47558055350857698     
   1.3268083079925299     
  -1.6488670447320481     
   1.3268083079925299     
 -0.47558055350857698     
 -0.59298743958939326     
   1.4629350945569404     
  -1.7486832427393550     
   1.2441200577847216     
  -5.2534293943349172E-002
  -1.3427478816769443     
   2.1226085330107094     
  -1.3967101797598220     
  -1.0611958647070558     
   3.0760614480717940     
   2.0724099727497238     
  0.31370132444858545     
   7.4331287283307210E-003
   2.7234594198214243E-006
*****  m =   10  l =   29
   3.9426797350307060E-006
   1.0436930219317228E-002
  0.41410681595090937     
   2.4406886013101765     
   2.7182942121621858     
  -1.9097362902952253     
 -0.25282563372650263     
   1.6796560771091988     
  -1.9759570180392032     
   1.3984112811490430     
 -0.38358117392910146     
 -0.65204744529642222     
   1.3975736997285915     
  -1.6799895925224806     
   1.4665105387930446     
 -0.84670377235730232     
  -0.0000000000000000     
  0.84670377235730232     
  -1.4665105387930446     
   1.6799895925224806     
  -1.3975736997285915     
  0.65204744529642222     
  0.38358117392910146     
  -1.3984112811490430     
   1.9759570180392032     
  -1.6796560771091988     
  0.25282563372650263     
   1.9097362902952253     
  -2.7182942121621858     
  -2.4406886013101765     
 -0.41410681595090937     
  -1.0436930219317228E-002
  -3.9426797350307060E-006
*****  m =   10  l =   30
   5.6294708615673868E-006
   1.4436630284912993E-002
  0.53686485803909900     
   2.7960752611551896     
   2.1397980642427621     
  -2.4189107463977990     
  0.95828185303153257     
  0.54877694088865447     
  -1.5203161013449955     
   1.8623231837576704     
  -1.6726233798519090     
   1.1161031295304478     
 -0.37058499241778753     
 -0.39881737995582978     
   1.0534159745264808     
  -1.4891409691946143     
   1.6416374018203193     
  -1.4891409691946143     
   1.0534159745264808     
 -0.39881737995582978     
 -0.37058499241778753     
   1.1161031295304478     
  -1.6726233798519090     
   1.8623231837576704     
  -1.5203161013449955     
  0.54877694088865447     
  0.95828185303153257     
  -2.4189107463977990     
   2.1397980642427621     
   2.7960752611551896     
  0.53686485803909900     
   1.4436630284912993E-002
   5.6294708615673868E-006
*****  m =   10  l =   31
   7.9354734865708852E-006
   1.9691011691414552E-002
  0.68411583201471082     
   3.1139810642267696     
   1.3715124010996766     
  -2.4825365436954741     
   1.8839406548375928     
 -0.80671524890452262     
 -0.22150093591266493     
   1.0080850718032006     
  -1.5027772459062920     
   1.7149296169612143     
  -1.6788912794328053     
   1.4394728461910182     
  -1.0458135288350849     
  0.54880140834540547     
   0.0000000000000000     
 -0.54880140834540547     
   1.0458135288350849     
  -1.4394728461910182     
   1.6788912794328053     
  -1.7149296169612143     
   1.5027772459062920     
  -1.0080850718032006     
  0.22150093591266493     
  0.80671524890452262     
  -1.8839406548375928     
   2.4825365436954741     
  -1.3715124010996766     
  -3.1139810642267696     
 -0.68411583201471082     
  -1.9691011691414552E-002
  -7.9354734865708852E-006
*****  m =   10  l =   32
   1.1053134500757431E-005
   2.6506393439058119E-002
  0.85745005371324956     
   3.3674657361854519     
  0.47304116531292190     
  -2.0738023371367929     
   2.2423962202713832     
  -1.8158433708713067     
   1.1970329645998636     
 -0.56065800071009009     
  -2.0755262155324663E-002
  0.51914581903072599     
 -0.92551205967895800     
   1.2386591903467525     
  -1.4601519870872162     
   1.5920356162578282     
  -1.6358165174596442     
   1.5920356162578282     
  -1.4601519870872162     
   1.2386591903467525     
 -0.92551205967895800     
  0.51914581903072599     
  -2.0755262155324663E-002
 -0.56065800071009009     
   1.1970329645998636     
  -1.8158433708713067     
   2.2423962202713832     
  -2.0738023371367929     
  0.47304116531292190     
   3.3674657361854519     
  0.85745005371324956     
   2.6506393439058119E-002
   1.1053134500757431E-005
*****  m =   11  l =   11
   7.1849245615743343E-013
   6.4323092542287924E-009
   8.4061296673154209E-007
   2.2742062147518777E-005
   2.6566984256089275E-004
   1.8258448568989542E-003
   8.6566236785776789E-003
   3.1059064037905790E-002
   8.9392376266106771E-002
  0.21456010385261770     
  0.44117770638466514     
  0.79212353211431541     
   1.2591021282478168     
   1.7894229055925293     
   2.2896637682106267     
   2.6499868373594797     
   2.7814838439702609     
   2.6499868373594797     
   2.2896637682106267     
   1.7894229055925293     
   1.2591021282478168     
  0.79212353211431541     
  0.44117770638466514     
  0.21456010385261770     
   8.9392376266106771E-002
   3.1059064037905790E-002
   8.6566236785776789E-003
   1.8258448568989542E-003
   2.6566984256089275E-004
   2.2742062147518777E-005
   8.4061296673154209E-007
   6.4323092542287924E-009
   7.1849245615743343E-013
*****  m =   11  l =   12
   3.5832105920060631E-012
   3.1725941483601729E-008
   4.0636193720926331E-006
   1.0673922879724669E-004
   1.1985917681322583E-003
   7.8329625575452658E-003
   3.4893220710504623E-002
  0.11604139920151543     
  0.30470819939122845     
  0.65466830548959265     
   1.1765986740118788     
   1.7896051583388402     
   2.3062926954566230     
   2.4838003862277001     
   2.1344165374852313     
   1.2406054604149102     
   0.0000000000000000     
  -1.2406054604149102     
  -2.1344165374852313     
  -2.4838003862277001     
  -2.3062926954566230     
  -1.7896051583388402     
  -1.1765986740118788     
 -0.65466830548959265     
 -0.30470819939122845     
 -0.11604139920151543     
  -3.4893220710504623E-002
  -7.8329625575452658E-003
  -1.1985917681322583E-003
  -1.0673922879724669E-004
  -4.0636193720926331E-006
  -3.1725941483601729E-008
  -3.5832105920060631E-012
*****  m =   11  l =   13
   1.2863565892203076E-011
   1.1253665548391796E-007
   1.4102541419448421E-005
   3.5867662867247887E-004
   3.8564080558230289E-003
   2.3833456920178814E-002
   9.8993536088472861E-002
  0.30186697322425898     
  0.71194066026229519     
   1.3372286314356479     
   2.0225636753475227     
   2.4382815573127825     
   2.2239942320768216     
   1.2436537560344603     
 -0.22497611619940980     
  -1.5518930846551713     
  -2.0861128829776958     
  -1.5518930846551713     
 -0.22497611619940980     
   1.2436537560344603     
   2.2239942320768216     
   2.4382815573127825     
   2.0225636753475227     
   1.3372286314356479     
  0.71194066026229519     
  0.30186697322425898     
   9.8993536088472861E-002
   2.3833456920178814E-002
   3.8564080558230289E-003
   3.5867662867247887E-004
   1.4102541419448421E-005
   1.1253665548391796E-007
   1.2863565892203076E-011
*****  m =   11  l =   14
   3.8369026069225239E-011
   3.3135622517206128E-007
   4.0553613525773835E-005
   9.9590202404174072E-004
   1.0210521852245056E-002
   5.9324739950052115E-002
  0.22779248249832315     
  0.62883593219165690     
   1.3056779534653213     
   2.0726055757782289     
   2.4719696487544387     
   2.0178520183454927     
  0.64533125942932801     
  -1.0245723227860817     
  -1.9745960410831034     
  -1.5384345058749680     
  -0.0000000000000000     
   1.5384345058749680     
   1.9745960410831034     
   1.0245723227860817     
 -0.64533125942932801     
  -2.0178520183454927     
  -2.4719696487544387     
  -2.0726055757782289     
  -1.3056779534653213     
 -0.62883593219165690     
 -0.22779248249832315     
  -5.9324739950052115E-002
  -1.0210521852245056E-002
  -9.9590202404174072E-004
  -4.0553613525773835E-005
  -3.3135622517206128E-007
  -3.8369026069225239E-011
*****  m =   11  l =   15
   1.0081345701482889E-010
   8.5862606175663792E-007
   1.0244373248030957E-004
   2.4221779626145664E-003
   2.3578474704976597E-002
  0.12796796255264661     
  0.44983639541369286     
   1.1068324983257412     
   1.9692317740163559     
   2.5018249426835704     
   2.0361886752581464     
  0.46200043630841697     
  -1.3286308317336746     
  -1.9679072105397624     
 -0.87766300982744039     
  0.98862162338649207     
   1.8982383011284483     
  0.98862162338649207     
 -0.87766300982744039     
  -1.9679072105397624     
  -1.3286308317336746     
  0.46200043630841697     
   2.0361886752581464     
   2.5018249426835704     
   1.9692317740163559     
   1.1068324983257412     
  0.44983639541369286     
  0.12796796255264661     
   2.3578474704976597E-002
   2.4221779626145664E-003
   1.0244373248030957E-004
   8.5862606175663792E-007
   1.0081345701482889E-010
*****  m =   11  l =   16
   2.4087789401774229E-010
   2.0213485760384105E-006
   2.3467887871521449E-004
   5.3264984053078843E-003
   4.9006062445744382E-002
  0.24670381981171685     
  0.78499150904296311     
   1.6879392378777449     
   2.4730840921006174     
   2.2621693036834274     
  0.67527574946781643     
  -1.3146276601174252     
  -1.9440713824721521     
 -0.54457534118767936     
   1.3983441272327326     
   1.6952247875145854     
   0.0000000000000000     
  -1.6952247875145854     
  -1.3983441272327326     
  0.54457534118767936     
   1.9440713824721521     
   1.3146276601174252     
 -0.67527574946781643     
  -2.2621693036834274     
  -2.4730840921006174     
  -1.6879392378777449     
 -0.78499150904296311     
 -0.24670381981171685     
  -4.9006062445744382E-002
  -5.3264984053078843E-003
  -2.3467887871521449E-004
  -2.0213485760384105E-006
  -2.4087789401774229E-010
*****  m =   11  l =   17
   5.3393572254082616E-010
   4.4103936067314020E-006
   4.9734049290429234E-004
   1.0802863379166690E-002
   9.3484655200218161E-002
  0.43312498254770265     
   1.2308262486034420     
   2.2528441981812510     
   2.5449829341166641     
   1.2366361754281607     
 -0.99505791326074300     
  -1.9975750955947680     
 -0.60185492875581970     
   1.4780386299382493     
   1.5195525347032923     
 -0.52548073170953213     
  -1.8080737898995407     
 -0.52548073170953213     
   1.5195525347032923     
   1.4780386299382493     
 -0.60185492875581970     
  -1.9975750955947680     
 -0.99505791326074300     
   1.2366361754281607     
   2.5449829341166641     
   2.2528441981812510     
   1.2308262486034420     
  0.43312498254770265     
   9.3484655200218161E-002
   1.0802863379166690E-002
   4.9734049290429234E-004
   4.4103936067314020E-006
   5.3393572254082616E-010
*****  m =   11  l =   18
   1.1130725216991419E-009
   9.0414704901533376E-006
   9.8841189940677044E-004
   2.0481496163610960E-002
  0.16584595917249886     
  0.70098159228849832     
   1.7499815370065233     
   2.6258473725310592     
   1.9998700696372014     
 -0.27305602800061463     
  -1.9910173174827523     
  -1.0133859467067845     
   1.3157956547329870     
   1.5609258259421095     
 -0.63144053864891070     
  -1.7572377387489815     
  -0.0000000000000000     
   1.7572377387489815     
  0.63144053864891070     
  -1.5609258259421095     
  -1.3157956547329870     
   1.0133859467067845     
   1.9910173174827523     
  0.27305602800061463     
  -1.9998700696372014     
  -2.6258473725310592     
  -1.7499815370065233     
 -0.70098159228849832     
 -0.16584595917249886     
  -2.0481496163610960E-002
  -9.8841189940677044E-004
  -9.0414704901533376E-006
  -1.1130725216991419E-009
*****  m =   11  l =   19
   2.2039117086149308E-009
   1.7588052125151406E-005
   1.8603863581673540E-003
   3.6654906579111898E-002
  0.27617978359933842     
   1.0542886209694220     
   2.2643464146751873     
   2.6240639751476778     
  0.87231931977534194     
  -1.6091408436215897     
  -1.6380118446579277     
  0.81650930885377093     
   1.7662463942596058     
 -0.37238031826528861     
  -1.7638858829612429     
  0.10671036792096991     
   1.7553221376752166     
  0.10671036792096991     
  -1.7638858829612429     
 -0.37238031826528861     
   1.7662463942596058     
  0.81650930885377093     
  -1.6380118446579277     
  -1.6091408436215897     
  0.87231931977534194     
   2.6240639751476778     
   2.2643464146751873     
   1.0542886209694220     
  0.27617978359933842     
   3.6654906579111898E-002
   1.8603863581673540E-003
   1.7588052125151406E-005
   2.2039117086149308E-009
*****  m =   11  l =   20
   4.1758314976519350E-009
   3.2707894314222223E-005
   3.3409703554121233E-003
   6.2375177194899031E-002
  0.43466635863055214     
   1.4811918321090454     
   2.6615097349351049     
   2.1304055607749444     
 -0.52884756746518924     
  -2.0842238784872111     
 -0.14774488621039328     
   1.8726320847170852     
  0.26437476944120830     
  -1.7714529104544230     
 -0.17079012024538393     
   1.7395551420851978     
   0.0000000000000000     
  -1.7395551420851978     
  0.17079012024538393     
   1.7714529104544230     
 -0.26437476944120830     
  -1.8726320847170852     
  0.14774488621039328     
   2.0842238784872111     
  0.52884756746518924     
  -2.1304055607749444     
  -2.6615097349351049     
  -1.4811918321090454     
 -0.43466635863055214     
  -6.2375177194899031E-002
  -3.3409703554121233E-003
  -3.2707894314222223E-005
  -4.1758314976519350E-009
*****  m =   11  l =   21
   7.6154508229925411E-009
   5.8487987544009049E-005
   5.7577411665155820E-003
  0.10149318080855937     
  0.64980723349535452     
   1.9493237742682956     
   2.8160889894415160     
   1.1637415228429129     
  -1.7015160128065474     
  -1.4076728449108380     
   1.4210289410039612     
   1.1855322904510881     
  -1.5044016843692918     
 -0.78918547886007862     
   1.6546764896139619     
  0.27767938917383889     
  -1.7210197999969876     
  0.27767938917383889     
   1.6546764896139619     
 -0.78918547886007862     
  -1.5044016843692918     
   1.1855322904510881     
   1.4210289410039612     
  -1.4076728449108380     
  -1.7015160128065474     
   1.1637415228429129     
   2.8160889894415160     
   1.9493237742682956     
  0.64980723349535452     
  0.10149318080855937     
   5.7577411665155820E-003
   5.8487987544009049E-005
   7.6154508229925411E-009
*****  m =   11  l =   22
   1.3429793844028616E-008
   1.0103556982216974E-004
   9.5661487122443763E-003
  0.15860760448744246     
  0.92617086716474317     
   2.4046058423900507     
   2.6235393156131952     
  -8.7853718170992898E-002
  -2.1579667346641926     
   6.6812203334422685E-002
   1.8953149804133191     
 -0.60520821677409165     
  -1.5324810879095345     
   1.2366466294167617     
  0.88025457118321127     
  -1.6510677536503571     
  -0.0000000000000000     
   1.6510677536503571     
 -0.88025457118321127     
  -1.2366466294167617     
   1.5324810879095345     
  0.60520821677409165     
  -1.8953149804133191     
  -6.6812203334422685E-002
   2.1579667346641926     
   8.7853718170992898E-002
  -2.6235393156131952     
  -2.4046058423900507     
 -0.92617086716474317     
 -0.15860760448744246     
  -9.5661487122443763E-003
  -1.0103556982216974E-004
  -1.3429793844028616E-008
*****  m =   11  l =   23
   2.2988335619942373E-008
   1.6924494775163670E-004
   1.5379683755672986E-002
  0.23889307677152755     
   1.2619216431343929     
   2.7751359894988288     
   2.0383774674291422     
  -1.2970754808746590     
  -1.6715966492035106     
   1.4809893517077959     
  0.90038223441807719     
  -1.7917207395883026     
  0.20533413004615891     
   1.5598819686052776     
  -1.2580852094017154     
 -0.62580384762199870     
   1.6971639530310008     
 -0.62580384762199870     
  -1.2580852094017154     
   1.5598819686052776     
  0.20533413004615891     
  -1.7917207395883026     
  0.90038223441807719     
   1.4809893517077959     
  -1.6715966492035106     
  -1.2970754808746590     
   2.0383774674291422     
   2.7751359894988288     
   1.2619216431343929     
  0.23889307677152755     
   1.5379683755672986E-002
   1.6924494775163670E-004
   2.2988335619942373E-008
*****  m =   11  l =   24
   3.8315205246398931E-008
   2.7577102620617662E-004
   2.4000397635670589E-002
  0.34778346853982617     
   1.6465444621327874     
   2.9808769356063709     
   1.1045806895681884     
  -2.0937138823625925     
 -0.43145153355142224     
   1.9672528566273482     
 -0.79235590400316258     
  -1.2233750972330961     
   1.6835311151154717     
 -0.24773181821240337     
  -1.3975121766681249     
   1.4996518867756703     
   0.0000000000000000     
  -1.4996518867756703     
   1.3975121766681249     
  0.24773181821240337     
  -1.6835311151154717     
   1.2233750972330961     
  0.79235590400316258     
  -1.9672528566273482     
  0.43145153355142224     
   2.0937138823625925     
  -1.1045806895681884     
  -2.9808769356063709     
  -1.6465444621327874     
 -0.34778346853982617     
  -2.4000397635670589E-002
  -2.7577102620617662E-004
  -3.8315205246398931E-008
*****  m =   11  l =   25
   6.2345195031979742E-008
   4.3824033198266440E-004
   3.6447297749240479E-002
  0.49049907750833416     
   2.0592754087614149     
   2.9484380796938674     
  -3.4648425130683676E-002
  -2.1999085910838629     
  0.99950877241224567     
   1.2073805795616419     
  -1.8322494116080865     
  0.54246276403789317     
   1.1700923281184901     
  -1.6970351448342107     
  0.66501537676302191     
  0.93205518878267191     
  -1.6797721949653366     
  0.93205518878267191     
  0.66501537676302191     
  -1.6970351448342107     
   1.1700923281184901     
  0.54246276403789317     
  -1.8322494116080865     
   1.2073805795616419     
  0.99950877241224567     
  -2.1999085910838629     
  -3.4648425130683676E-002
   2.9484380796938674     
   2.0592754087614149     
  0.49049907750833416     
   3.6447297749240479E-002
   4.3824033198266440E-004
   6.2345195031979742E-008
*****  m =   11  l =   26
   9.9259910593877253E-008
   6.8072863450385215E-004
   5.3979515847301526E-002
  0.67142461613413496     
   2.4687672766899529     
   2.6286239176292483     
  -1.1563705539106255     
  -1.5526989126633037     
   1.9313569468418543     
 -0.32369535498567314     
  -1.3714923135941905     
   1.7533921026988395     
 -0.72253784797279097     
 -0.79416125658053593     
   1.6586648779898079     
  -1.2936829041165088     
  -0.0000000000000000     
   1.2936829041165088     
  -1.6586648779898079     
  0.79416125658053593     
  0.72253784797279097     
  -1.7533921026988395     
   1.3714923135941905     
  0.32369535498567314     
  -1.9313569468418543     
   1.5526989126633037     
   1.1563705539106255     
  -2.6286239176292483     
  -2.4687672766899529     
 -0.67142461613413496     
  -5.3979515847301526E-002
  -6.8072863450385215E-004
  -9.9259910593877253E-008
*****  m =   11  l =   27
   1.5492340961562004E-007
   1.0355307372444278E-003
   7.8110621069623465E-002
  0.89336746235569686     
   2.8344313001533621     
   2.0130364961118725     
  -2.0068293927054932     
 -0.35773448173251760     
   1.8912999471307204     
  -1.6304603188828797     
  0.21613297206069559     
   1.1965444378064174     
  -1.7405210632645431     
   1.2010300168712622     
   1.7301114714234813E-002
  -1.1899930728050774     
   1.6666382575157812     
  -1.1899930728050774     
   1.7301114714234813E-002
   1.2010300168712622     
  -1.7405210632645431     
   1.1965444378064174     
  0.21613297206069559     
  -1.6304603188828797     
   1.8912999471307204     
 -0.35773448173251760     
  -2.0068293927054932     
   2.0130364961118725     
   2.8344313001533621     
  0.89336746235569686     
   7.8110621069623465E-002
   1.0355307372444278E-003
   1.5492340961562004E-007
*****  m =   11  l =   28
   2.3744002559283309E-007
   1.5452423935304962E-003
  0.11061010034697108     
   1.1567503026998280     
   3.1096948977724930     
   1.1453335226240724     
  -2.3695973847767600     
  0.96072142711488184     
  0.88569188496987306     
  -1.8421250996446483     
   1.6127185339722616     
 -0.56563064967397669     
 -0.66896070074517655     
   1.5137036278895315     
  -1.6402117925097457     
   1.0424761038879551     
   0.0000000000000000     
  -1.0424761038879551     
   1.6402117925097457     
  -1.5137036278895315     
  0.66896070074517655     
  0.56563064967397669     
  -1.6127185339722616     
   1.8421250996446483     
 -0.88569188496987306     
 -0.96072142711488184     
   2.3695973847767600     
  -1.1453335226240724     
  -3.1096948977724930     
  -1.1567503026998280     
 -0.11061010034697108     
  -1.5452423935304962E-003
  -2.3744002559283309E-007
*****  m =   11  l =   29
   3.5786076248947817E-007
   2.2651663999103829E-003
  0.15348792896801836     
   1.4588160730897008     
   3.2471141481455326     
  0.12311536849692033     
  -2.1339655324458251     
   1.9070371145876015     
 -0.57478159742777113     
 -0.80902327470065960     
   1.6442797523083130     
  -1.7415877431053255     
   1.2002333776446925     
 -0.28550350601594149     
 -0.67809349157681309     
   1.3936654658344192     
  -1.6564431064915672     
   1.3936654658344192     
 -0.67809349157681309     
 -0.28550350601594149     
   1.2002333776446925     
  -1.7415877431053255     
   1.6442797523083130     
 -0.80902327470065960     
 -0.57478159742777113     
   1.9070371145876015     
  -2.1339655324458251     
  0.12311536849692033     
   3.2471141481455326     
   1.4588160730897008     
  0.15348792896801836     
   2.2651663999103829E-003
   3.5786076248947817E-007
*****  m =   11  l =   30
   5.3106867780175053E-007
   3.2660446205715868E-003
  0.20895837033492370     
   1.7929424192623902     
   3.2049181633862545     
 -0.91203454244629267     
  -1.3410293894526908     
   2.1074399881622030     
  -1.7231071023427911     
  0.77090727893266620     
  0.28121277279675116     
  -1.1289146144099462     
   1.6103984506459081     
  -1.6758082362134827     
   1.3595292961214802     
 -0.75631153313062160     
  -0.0000000000000000     
  0.75631153313062160     
  -1.3595292961214802     
   1.6758082362134827     
  -1.6103984506459081     
   1.1289146144099462     
 -0.28121277279675116     
 -0.77090727893266620     
   1.7231071023427911     
  -2.1074399881622030     
   1.3410293894526908     
  0.91203454244629267     
  -3.2049181633862545     
  -1.7929424192623902     
 -0.20895837033492370     
  -3.2660446205715868E-003
  -5.3106867780175053E-007
*****  m =   11  l =   31
   7.7687804127753754E-007
   4.6371049656669557E-003
  0.27937972846551490     
   2.1481740692525588     
   2.9542005405852114     
  -1.7962964237949186     
 -0.18882334241345053     
   1.4705364340035021     
  -1.9406152301726374     
   1.8113077775798261     
  -1.3154174501865823     
  0.64201460209945815     
   6.7492967182422078E-002
 -0.71096096545971277     
   1.2169337770102251     
  -1.5383240496981747     
   1.6483516932443150     
  -1.5383240496981747     
   1.2169337770102251     
 -0.71096096545971277     
   6.7492967182422078E-002
  0.64201460209945815     
  -1.3154174501865823     
   1.8113077775798261     
  -1.9406152301726374     
   1.4705364340035021     
 -0.18882334241345053     
  -1.7962964237949186     
   2.9542005405852114     
   2.1481740692525588     
  0.27937972846551490     
   4.6371049656669557E-003
   7.7687804127753754E-007
*****  m =   11  l =   32
   1.1213867554869572E-006
   6.4893972549561500E-003
  0.36716776037411197     
   2.5090812364390014     
   2.4856828558587605     
  -2.3740838293763700     
   1.0109755975928216     
  0.24180704670814068     
  -1.1017840692285008     
   1.5863240130715555     
  -1.7741177444964806     
   1.7417177842991072     
  -1.5506692113934932     
   1.2481417876479988     
 -0.87039947832966513     
  0.44626214051907559     
   0.0000000000000000     
 -0.44626214051907559     
  0.87039947832966513     
  -1.2481417876479988     
   1.5506692113934932     
  -1.7417177842991072     
   1.7741177444964806     
  -1.5863240130715555     
   1.1017840692285008     
 -0.24180704670814068     
  -1.0109755975928216     
   2.3740838293763700     
  -2.4856828558587605     
  -2.5090812364390014     
 -0.36716776037411197     
  -6.4893972549561500E-003
  -1.1213867554869572E-006
*****  m =   12  l =   12
   5.2594000059454161E-014
   1.0768336208922325E-009
   2.1916048102965487E-007
   8.0020096533339190E-006
   1.1688480877268041E-004
   9.5715362770523520E-004
   5.2276966177785718E-003
   2.1066393205097674E-002
   6.6748232369318733E-002
  0.17348275177455658     
  0.38087398263644540     
  0.72122019379424196     
   1.1957296976609091     
   1.7545369049250505     
   2.2959045995979608     
   2.6927499423301082     
   2.8388400606342836     
   2.6927499423301082     
   2.2959045995979608     
   1.7545369049250505     
   1.1957296976609091     
  0.72122019379424196     
  0.38087398263644540     
  0.17348275177455658     
   6.6748232369318733E-002
   2.1066393205097674E-002
   5.2276966177785718E-003
   9.5715362770523520E-004
   1.1688480877268041E-004
   8.0020096533339190E-006
   2.1916048102965487E-007
   1.0768336208922325E-009
   5.2594000059454161E-014
*****  m =   12  l =   13
   2.7258264468533336E-013
   5.5196061119940338E-009
   1.1010094838384295E-006
   3.9030594590565929E-005
   5.4802324591331165E-004
   4.2673248571519756E-003
   2.1898520438157227E-002
   8.1794981104668069E-002
  0.23644781533498835     
  0.55009858168240355     
   1.0556209021216876     
   1.6933395951157069     
   2.2761367922626925     
   2.5309180514316383     
   2.2241966440536096     
   1.3100801747327058     
   0.0000000000000000     
  -1.3100801747327058     
  -2.2241966440536096     
  -2.5309180514316383     
  -2.2761367922626925     
  -1.6933395951157069     
  -1.0556209021216876     
 -0.55009858168240355     
 -0.23644781533498835     
  -8.1794981104668069E-002
  -2.1898520438157227E-002
  -4.2673248571519756E-003
  -5.4802324591331165E-004
  -3.9030594590565929E-005
  -1.1010094838384295E-006
  -5.5196061119940338E-009
  -2.7258264468533336E-013
*****  m =   12  l =   14
   1.0157357405525610E-012
   2.0324150096436149E-008
   3.9669722109359749E-006
   1.3619440067124010E-004
   1.8315450003749117E-003
   1.3493017453337064E-002
   6.4600108221639238E-002
  0.22143825293550334     
  0.57565445334704735     
   1.1730781613633425     
   1.9004699819740734     
   2.4304518601435592     
   2.3426896286953913     
   1.4161417763937092     
 -0.10542873413986606     
  -1.5349241797037740     
  -2.1200116736162631     
  -1.5349241797037740     
 -0.10542873413986606     
   1.4161417763937092     
   2.3426896286953913     
   2.4304518601435592     
   1.9004699819740734     
   1.1730781613633425     
  0.57565445334704735     
  0.22143825293550334     
   6.4600108221639238E-002
   1.3493017453337064E-002
   1.8315450003749117E-003
   1.3619440067124010E-004
   3.9669722109359749E-006
   2.0324150096436149E-008
   1.0157357405525610E-012
*****  m =   12  l =   15
   3.1411678919390442E-012
   6.2053666578335621E-008
   1.1832172116633223E-005
   3.9240376835057201E-004
   5.0352206621683713E-003
   3.4905370178015892E-002
  0.15469679878461920     
  0.48102100908208073     
   1.1044144002885850     
   1.9126015057520991     
   2.4708062008844149     
   2.2048397291128645     
  0.90499721074677619     
 -0.86316443648414054     
  -1.9750349914196366     
  -1.6035390739098534     
  -0.0000000000000000     
   1.6035390739098534     
   1.9750349914196366     
  0.86316443648414054     
 -0.90499721074677619     
  -2.2048397291128645     
  -2.4708062008844149     
  -1.9126015057520991     
  -1.1044144002885850     
 -0.48102100908208073     
 -0.15469679878461920     
  -3.4905370178015892E-002
  -5.0352206621683713E-003
  -3.9240376835057201E-004
  -1.1832172116633223E-005
  -6.2053666578335621E-008
  -3.1411678919390442E-012
*****  m =   12  l =   16
   8.5474608927779314E-012
   1.6656332674700301E-007
   3.0974509523292588E-005
   9.8968103290543842E-004
   1.2069598620142936E-002
   7.8272933385033328E-002
  0.31830199289587979     
  0.88541071512355174     
   1.7532680440934392     
   2.4632193959816022     
   2.2589576722764857     
  0.80607919015279950     
  -1.1232503517845029     
  -2.0088854465067389     
  -1.0172189543697781     
  0.93868390626848119     
   1.9232233423305556     
  0.93868390626848119     
  -1.0172189543697781     
  -2.0088854465067389     
  -1.1232503517845029     
  0.80607919015279950     
   2.2589576722764857     
   2.4632193959816022     
   1.7532680440934392     
  0.88541071512355174     
  0.31830199289587979     
   7.8272933385033328E-002
   1.2069598620142936E-002
   9.8968103290543842E-004
   3.0974509523292588E-005
   1.6656332674700301E-007
   8.5474608927779314E-012
*****  m =   12  l =   17
   2.1128198058599254E-011
   4.0577974221471321E-007
   7.3470279819775830E-005
   2.2555152024384541E-003
   2.6034661509973685E-002
  0.15694786032218569     
  0.57975328888999189     
   1.4180641338677999     
   2.3420488050870016     
   2.4563206602707375     
   1.0932658552310106     
  -1.0310280185493981     
  -2.0064941179815916     
 -0.76789976927393266     
   1.3091382023610987     
   1.7455226817779108     
   0.0000000000000000     
  -1.7455226817779108     
  -1.3091382023610987     
  0.76789976927393266     
   2.0064941179815916     
   1.0310280185493981     
  -1.0932658552310106     
  -2.4563206602707375     
  -2.3420488050870016     
  -1.4180641338677999     
 -0.57975328888999189     
 -0.15694786032218569     
  -2.6034661509973685E-002
  -2.2555152024384541E-003
  -7.3470279819775830E-005
  -4.0577974221471321E-007
  -2.1128198058599254E-011
*****  m =   12  l =   18
   4.8401852567568076E-011
   9.1536315484005320E-007
   1.6109014835426617E-004
   4.7383964892840679E-003
   5.1539460793461306E-002
  0.28681065867591532     
  0.95111162742402455     
   2.0006980363190796     
   2.6163578291780638     
   1.6795912349277964     
 -0.58272337660014439     
  -2.0156496705015456     
 -0.90410454371981741     
   1.3373893191685775     
   1.6214006951802562     
 -0.45372150900766517     
  -1.8277692311072153     
 -0.45372150900766517     
   1.6214006951802562     
   1.3373893191685775     
 -0.90410454371981741     
  -2.0156496705015456     
 -0.58272337660014439     
   1.6795912349277964     
   2.6163578291780638     
   2.0006980363190796     
  0.95111162742402455     
  0.28681065867591532     
   5.1539460793461306E-002
   4.7383964892840679E-003
   1.6109014835426617E-004
   9.1536315484005320E-007
   4.8401852567568076E-011
*****  m =   12  l =   19
   1.0418045850763830E-010
   1.9383725777823449E-006
   3.3098917279997643E-004
   9.3014259074754354E-003
   9.4893165493159931E-002
  0.48369653459866602     
   1.4198549989152913     
   2.4918050144480031     
   2.3478881854323399     
  0.28156382281204428     
  -1.8525800490601967     
  -1.3573878626390583     
   1.0749523943507771     
   1.6956629012917677     
 -0.47908014494377671     
  -1.7876976918137697     
  -0.0000000000000000     
   1.7876976918137697     
  0.47908014494377671     
  -1.6956629012917677     
  -1.0749523943507771     
   1.3573878626390583     
   1.8525800490601967     
 -0.28156382281204428     
  -2.3478881854323399     
  -2.4918050144480031     
  -1.4198549989152913     
 -0.48369653459866602     
  -9.4893165493159931E-002
  -9.3014259074754354E-003
  -3.3098917279997643E-004
  -1.9383725777823449E-006
  -1.0418045850763830E-010
*****  m =   12  l =   20
   2.1278948067529229E-010
   3.8916582186409687E-006
   6.4364564821495955E-004
   1.7228845903292375E-002
  0.16404171907838466     
  0.75924753840096515     
   1.9388987904924606     
   2.7144059391124196     
   1.4646240610081742     
  -1.1983919788574311     
  -1.9048373290751970     
  0.42065155674387655     
   1.8604184479081511     
 -0.11969975446148508     
  -1.7946451115150499     
   2.1404963918142204E-002
   1.7714231364798292     
   2.1404963918142204E-002
  -1.7946451115150499     
 -0.11969975446148508     
   1.8604184479081511     
  0.42065155674387655     
  -1.9048373290751970     
  -1.1983919788574311     
   1.4646240610081742     
   2.7144059391124196     
   1.9388987904924606     
  0.75924753840096515     
  0.16404171907838466     
   1.7228845903292375E-002
   6.4364564821495955E-004
   3.8916582186409687E-006
   2.1278948067529229E-010
*****  m =   12  l =   21
   4.1554266690143286E-010
   7.4635518903177108E-006
   1.1934791954527656E-003
   3.0335295299002644E-002
  0.26812166168491841     
   1.1156322312536686     
   2.4240867811740170     
   2.5125416524362656     
  0.14382567265717702     
  -2.0562460526413684     
 -0.66941767149801656     
   1.7863567808206731     
  0.61258049920459945     
  -1.7340002012847118     
 -0.34816201854471918     
   1.7476436667425519     
   0.0000000000000000     
  -1.7476436667425519     
  0.34816201854471918     
   1.7340002012847118     
 -0.61258049920459945     
  -1.7863567808206731     
  0.66941767149801656     
   2.0562460526413684     
 -0.14382567265717702     
  -2.5125416524362656     
  -2.4240867811740170     
  -1.1156322312536686     
 -0.26812166168491841     
  -3.0335295299002644E-002
  -1.1934791954527656E-003
  -7.4635518903177108E-006
  -4.1554266690143286E-010
*****  m =   12  l =   22
   7.8041870375341007E-010
   1.3753479363597020E-005
   2.1224936560605722E-003
   5.1062079327181494E-002
  0.41653144830678168     
   1.5401457534448033     
   2.7635042847382922     
   1.8210401708830437     
  -1.2001881749617977     
  -1.8200784372938372     
   1.0133275725272861     
   1.5137040770207122     
  -1.2862828015391494     
  -1.0311702963566627     
   1.6023893141444332     
  0.36940884748421232     
  -1.7345044058720609     
  0.36940884748421232     
   1.6023893141444332     
  -1.0311702963566627     
  -1.2862828015391494     
   1.5137040770207122     
   1.0133275725272861     
  -1.8200784372938372     
  -1.2001881749617977     
   1.8210401708830437     
   2.7635042847382922     
   1.5401457534448033     
  0.41653144830678168     
   5.1062079327181494E-002
   2.1224936560605722E-003
   1.3753479363597020E-005
   7.8041870375341007E-010
*****  m =   12  l =   23
   1.4161902608739636E-009
   2.4466320763504068E-005
   3.6371321942433943E-003
   8.2539565544403087E-002
  0.61748599707726926     
   2.0011816803554954     
   2.8400294327449842     
  0.72080380493708540     
  -2.0590374475640383     
 -0.58303735049105876     
   1.9245228958402090     
 -0.15196199888342896     
  -1.7062948523132706     
   1.0326727463871428     
   1.0422755264039198     
  -1.6359567630101710     
  -0.0000000000000000     
   1.6359567630101710     
  -1.0422755264039198     
  -1.0326727463871428     
   1.7062948523132706     
  0.15196199888342896     
  -1.9245228958402090     
  0.58303735049105876     
   2.0590374475640383     
 -0.72080380493708540     
  -2.8400294327449842     
  -2.0011816803554954     
 -0.61748599707726926     
  -8.2539565544403087E-002
  -3.6371321942433943E-003
  -2.4466320763504068E-005
  -1.4161902608739636E-009
*****  m =   12  l =   24
   2.4926302535656427E-009
   4.2176613340883586E-005
   6.0282919870827739E-003
  0.12859098520370446     
  0.87611995262270514     
   2.4472602689925020     
   2.5639557213027477     
 -0.55031782465740142     
  -2.0587243335987164     
  0.97146618533502638     
   1.3719054883382891     
  -1.6496881059384529     
 -0.17613650184797910     
   1.6777196600969992     
  -1.1298455502599436     
 -0.71757352854205392     
   1.7086601147665124     
 -0.71757352854205392     
  -1.1298455502599436     
   1.6777196600969992     
 -0.17613650184797910     
  -1.6496881059384529     
   1.3719054883382891     
  0.97146618533502638     
  -2.0587243335987164     
 -0.55031782465740142     
   2.5639557213027477     
   2.4472602689925020     
  0.87611995262270514     
  0.12859098520370446     
   6.0282919870827739E-003
   4.2176613340883586E-005
   2.4926302535656427E-009
*****  m =   12  l =   25
   4.2688752489532509E-009
   7.0679916760804157E-005
   9.6941217822537600E-003
  0.19365155084343769     
   1.1923277230202518     
   2.8105445889837037     
   1.9076517911823607     
  -1.6488783898080550     
  -1.1663770212992957     
   1.9268402165144429     
 -0.23195378326950913     
  -1.5490352509072367     
   1.5373790819305222     
   4.2151413719035968E-002
  -1.5090743854715329     
   1.4618748740886554     
   0.0000000000000000     
  -1.4618748740886554     
   1.5090743854715329     
  -4.2151413719035968E-002
  -1.5373790819305222     
   1.5490352509072367     
  0.23195378326950913     
  -1.9268402165144429     
   1.1663770212992957     
   1.6488783898080550     
  -1.9076517911823607     
  -2.8105445889837037     
  -1.1923277230202518     
 -0.19365155084343769     
  -9.6941217822537600E-003
  -7.0679916760804157E-005
  -4.2688752489532509E-009
*****  m =   12  l =   26
   7.1325727850876818E-009
   1.1545071072767660E-004
   1.5164823389037735E-002
  0.28257894227396535     
   1.5586531048409029     
   3.0155103579681413     
  0.93096045060471611     
  -2.2330062664271839     
  0.24355476694731332     
   1.6897310650576745     
  -1.6355680711327543     
   5.3698360488614115E-002
   1.4436799601962984     
  -1.6327369197033514     
  0.48313112257844332     
   1.0181453734949841     
  -1.6897104837327934     
   1.0181453734949841     
  0.48313112257844332     
  -1.6327369197033514     
   1.4436799601962984     
   5.3698360488614115E-002
  -1.6355680711327543     
   1.6897310650576745     
  0.24355476694731332     
  -2.2330062664271839     
  0.93096045060471611     
   3.0155103579681413     
   1.5586531048409029     
  0.28257894227396535     
   1.5164823389037735E-002
   1.1545071072767660E-004
   7.1325727850876818E-009
*****  m =   12  l =   27
   1.1653089274888126E-008
   1.8422791130301097E-004
   2.3128213433164173E-002
  0.40033765471278454     
   1.9586408993775655     
   2.9922337763878355     
 -0.21386992678011246     
  -2.0917415510478765     
   1.5257221847476701     
  0.39358434977734263     
  -1.7176904656040690     
   1.5881978560610857     
 -0.34191145524709771     
  -1.0535352808582183     
   1.6955300931762216     
  -1.2349194783413286     
  -0.0000000000000000     
   1.2349194783413286     
  -1.6955300931762216     
   1.0535352808582183     
  0.34191145524709771     
  -1.5881978560610857     
   1.7176904656040690     
 -0.39358434977734263     
  -1.5257221847476701     
   2.0917415510478765     
  0.21386992678011246     
  -2.9922337763878355     
  -1.9586408993775655     
 -0.40033765471278454     
  -2.3128213433164173E-002
  -1.8422791130301097E-004
  -1.1653089274888126E-008
*****  m =   12  l =   28
   1.8652819720267300E-008
   2.8775029882194448E-004
   3.4454300398377026E-002
  0.55155078106974031     
   2.3661079097645836     
   2.6923573611907714     
  -1.3046296123659360     
  -1.2453264552912757     
   2.0605850759427531     
  -1.1437675994571914     
 -0.40612298482974823     
   1.5350410159762775     
  -1.7086121345786474     
  0.97153009905229382     
  0.22061667181761219     
  -1.2653889467296946     
   1.6753275785494055     
  -1.2653889467296946     
  0.22061667181761219     
  0.97153009905229382     
  -1.7086121345786474     
   1.5350410159762775     
 -0.40612298482974823     
  -1.1437675994571914     
   2.0605850759427531     
  -1.2453264552912757     
  -1.3046296123659360     
   2.6923573611907714     
   2.3661079097645836     
  0.55155078106974031     
   3.4454300398377026E-002
   2.8775029882194448E-004
   1.8652819720267300E-008
*****  m =   12  l =   29
   2.9301531391338042E-008
   4.4066465526185992E-004
   5.0216630267303511E-002
  0.73992823128374252     
   2.7457558025525484     
   2.1045425115844654     
  -2.0979784515084718     
   3.1976283796672701E-002
   1.5714460488646023     
  -1.9237803669218114     
   1.2289323206083389     
  -5.2675678251009259E-002
  -1.0355715755974133     
   1.6380341970227366     
  -1.5924172340402372     
  0.96537280702622286     
   0.0000000000000000     
 -0.96537280702622286     
   1.5924172340402372     
  -1.6380341970227366     
   1.0355715755974133     
   5.2675678251009259E-002
  -1.2289323206083389     
   1.9237803669218114     
  -1.5714460488646023     
  -3.1976283796672701E-002
   2.0979784515084718     
  -2.1045425115844654     
  -2.7457558025525484     
 -0.73992823128374252     
  -5.0216630267303511E-002
  -4.4066465526185992E-004
  -2.9301531391338042E-008
*****  m =   12  l =   30
   4.5239702622134428E-008
   6.6262901249831757E-004
   7.1707697186463804E-002
  0.96759916417684610     
   3.0554190841036251     
   1.2655177062868386     
  -2.3943349028047796     
   1.2891230046565771     
  0.29066329112382833     
  -1.4253506145667760     
   1.8336241167182550     
  -1.5766971083731216     
  0.86943501847005500     
   2.7144849431277557E-002
 -0.86691508205331991     
   1.4541355284067348     
  -1.6641126374759829     
   1.4541355284067348     
 -0.86691508205331991     
   2.7144849431277557E-002
  0.86943501847005500     
  -1.5766971083731216     
   1.8336241167182550     
  -1.4253506145667760     
  0.29066329112382833     
   1.2891230046565771     
  -2.3943349028047796     
   1.2655177062868386     
   3.0554190841036251     
  0.96759916417684610     
   7.1707697186463804E-002
   6.6262901249831757E-004
   4.5239702622134428E-008
*****  m =   12  l =   31
   6.8737996410582785E-008
   9.7963191528705721E-004
  0.10044535553834889     
   1.2343967668475748     
   3.2500200479728161     
  0.26301297194707035     
  -2.1008840191538432     
   2.0573817831828203     
  -1.1322832683663648     
   2.5809171827711391E-002
  0.89960798346377391     
  -1.4927755373307459     
   1.7201644752089502     
  -1.6118915539070175     
   1.2323505064328459     
 -0.66430751462506299     
  -0.0000000000000000     
  0.66430751462506299     
  -1.2323505064328459     
   1.6118915539070175     
  -1.7201644752089502     
   1.4927755373307459     
 -0.89960798346377391     
  -2.5809171827711391E-002
   1.1322832683663648     
  -2.0573817831828203     
   2.1008840191538432     
 -0.26301297194707035     
  -3.2500200479728161     
  -1.2343967668475748     
 -0.10044535553834889     
  -9.7963191528705721E-004
  -6.8737996410582785E-008
*****  m =   12  l =   32
   1.0290134764202500E-007
   1.4255458135492114E-003
  0.13816696210390669     
   1.5371630575518305     
   3.2870110347525046     
 -0.77191666216144472     
  -1.2720324656255488     
   2.0341096930545537     
  -1.9542561942360903     
   1.4516713515855286     
 -0.78867379077862054     
  0.11319156385913481     
  0.49460834139807403     
 -0.99228312571745647     
   1.3578892501646294     
  -1.5805024551665898     
   1.6551759666784203     
  -1.5805024551665898     
   1.3578892501646294     
 -0.99228312571745647     
  0.49460834139807403     
  0.11319156385913481     
 -0.78867379077862054     
   1.4516713515855286     
  -1.9542561942360903     
   2.0341096930545537     
  -1.2720324656255488     
 -0.77191666216144472     
   3.2870110347525046     
   1.5371630575518305     
  0.13816696210390669     
   1.4255458135492114E-003
   1.0290134764202500E-007
*****  m =   13  l =   13
   3.8439790942541241E-015
   1.7999528195769401E-010
   5.7050470407579101E-008
   2.8112477738282740E-006
   5.1345774310416448E-005
   5.0099137768274240E-004
   3.1521221463484870E-003
   1.4266677121375698E-002
   4.9763381185706689E-002
  0.14005365865093986     
  0.32830680178385752     
  0.65565241582780265     
   1.1337985519983229     
   1.7176823281009170     
   2.2986179243093985     
   2.7319903334775208     
   2.8929180638392666     
   2.7319903334775208     
   2.2986179243093985     
   1.7176823281009170     
   1.1337985519983229     
  0.65565241582780265     
  0.32830680178385752     
  0.14005365865093986     
   4.9763381185706689E-002
   1.4266677121375698E-002
   3.1521221463484870E-003
   5.0099137768274240E-004
   5.1345774310416448E-005
   2.8112477738282740E-006
   5.7050470407579101E-008
   1.7999528195769401E-010
   3.8439790942541241E-015
*****  m =   13  l =   14
   2.0647150921584087E-014
   9.5617573561471744E-010
   2.9703331456844732E-007
   1.4210924685638605E-005
   2.4949551005359731E-004
   2.3148423766548511E-003
   1.3684361932346614E-002
   5.7408529114106710E-002
  0.18269326372699277     
  0.46025212068936550     
  0.94302600950185167     
   1.5953903761119181     
   2.2367546975190313     
   2.5678848213423966     
   2.3078269938747340     
   1.3775206708982439     
   0.0000000000000000     
  -1.3775206708982439     
  -2.3078269938747340     
  -2.5678848213423966     
  -2.2367546975190313     
  -1.5953903761119181     
 -0.94302600950185167     
 -0.46025212068936550     
 -0.18269326372699277     
  -5.7408529114106710E-002
  -1.3684361932346614E-002
  -2.3148423766548511E-003
  -2.4949551005359731E-004
  -1.4210924685638605E-005
  -2.9703331456844732E-007
  -9.5617573561471744E-010
  -2.0647150921584087E-014
*****  m =   13  l =   15
   7.9653691674147685E-014
   3.6452903042500023E-009
   1.1081890096056922E-006
   5.1356478652006398E-005
   8.6379971710045752E-004
   7.5851679460356425E-003
   4.1855827956372077E-002
  0.16126188673587621     
  0.46199953532452892     
   1.0211373015789544     
   1.7710996289801755     
   2.4005109366226618     
   2.4395536474143369     
   1.5782458804780999     
   1.3730984615012692E-002
  -1.5158879647519379     
  -2.1523999173958348     
  -1.5158879647519379     
   1.3730984615012692E-002
   1.5782458804780999     
   2.4395536474143369     
   2.4005109366226618     
   1.7710996289801755     
   1.0211373015789544     
  0.46199953532452892     
  0.16126188673587621     
   4.1855827956372077E-002
   7.5851679460356425E-003
   8.6379971710045752E-004
   5.1356478652006398E-005
   1.1081890096056922E-006
   3.6452903042500023E-009
   7.9653691674147685E-014
*****  m =   13  l =   16
   2.5476517593839831E-013
   1.1512372015935367E-008
   3.4197855323040195E-006
   1.5314716391358988E-004
   2.4591722554199880E-003
   2.0335853568136719E-002
  0.10399458483934956     
  0.36407150813874939     
  0.92366782094010258     
   1.7429019500332041     
   2.4323314499007584     
   2.3540300271544612     
   1.1502843316664666     
 -0.69529405170947522     
  -1.9663512033950170     
  -1.6656410764191094     
  -0.0000000000000000     
   1.6656410764191094     
   1.9663512033950170     
  0.69529405170947522     
  -1.1502843316664666     
  -2.3540300271544612     
  -2.4323314499007584     
  -1.7429019500332041     
 -0.92366782094010258     
 -0.36407150813874939     
 -0.10399458483934956     
  -2.0335853568136719E-002
  -2.4591722554199880E-003
  -1.5314716391358988E-004
  -3.4197855323040195E-006
  -1.1512372015935367E-008
  -2.5476517593839831E-013
*****  m =   13  l =   17
   7.1628706789198812E-013
   3.1934417280134492E-008
   9.2549905550584470E-006
   3.9953455993815368E-004
   6.1026074051239608E-003
   4.7269529788953324E-002
  0.22222746068537336     
  0.69809891474252495     
   1.5355859609871096     
   2.3758488547836851     
   2.4226400999054576     
   1.1281145660769514     
 -0.89981210871709816     
  -2.0267255333431273     
  -1.1497854597568997     
  0.88763939523317781     
   1.9473550684138632     
  0.88763939523317781     
  -1.1497854597568997     
  -2.0267255333431273     
 -0.89981210871709816     
   1.1281145660769514     
   2.4226400999054576     
   2.3758488547836851     
   1.5355859609871096     
  0.69809891474252495     
  0.22222746068537336     
   4.7269529788953324E-002
   6.1026074051239608E-003
   3.9953455993815368E-004
   9.2549905550584470E-006
   3.1934417280134492E-008
   7.1628706789198812E-013
*****  m =   13  l =   18
   1.8277164031939816E-012
   8.0329490249748242E-008
   2.2677617370073968E-005
   9.4136095403743220E-004
   1.3625178919497606E-002
   9.8284415140430903E-002
  0.42094236684912872     
   1.1685894329403097     
   2.1653490977906769     
   2.5669008902201140     
   1.4689398096677047     
 -0.71982623558154135     
  -2.0245072404454239     
 -0.97849440131560073     
   1.2124010990612415     
   1.7920803194220987     
   0.0000000000000000     
  -1.7920803194220987     
  -1.2124010990612415     
  0.97849440131560073     
   2.0245072404454239     
  0.71982623558154135     
  -1.4689398096677047     
  -2.5669008902201140     
  -2.1653490977906769     
  -1.1685894329403097     
 -0.42094236684912872     
  -9.8284415140430903E-002
  -1.3625178919497606E-002
  -9.4136095403743220E-004
  -2.2677617370073968E-005
  -8.0329490249748242E-008
  -1.8277164031939816E-012
*****  m =   13  l =   19
   4.3183538689033573E-012
   1.8694954859693196E-007
   5.1329379626898720E-005
   2.0435575701288687E-003
   2.7916176470224714E-002
  0.18635216636527666     
  0.71953884696941095     
   1.7317514033025962     
   2.5904920276326608     
   2.0409468879435746     
 -0.14976261778081920     
  -1.9616287427543413     
  -1.1797995809421560     
   1.1775553369786778     
   1.7101900617936510     
 -0.38187750680712035     
  -1.8469649816600040     
 -0.38187750680712035     
   1.7101900617936510     
   1.1775553369786778     
  -1.1797995809421560     
  -1.9616287427543413     
 -0.14976261778081920     
   2.0409468879435746     
   2.5904920276326608     
   1.7317514033025962     
  0.71953884696941095     
  0.18635216636527666     
   2.7916176470224714E-002
   2.0435575701288687E-003
   5.1329379626898720E-005
   1.8694954859693196E-007
   4.3183538689033573E-012
*****  m =   13  l =   20
   9.5782012360187619E-012
   4.0810715991672506E-007
   1.0880260872338862E-004
   4.1435293312841034E-003
   5.3196387166641115E-002
  0.32634962009410995     
   1.1221636331169160     
   2.2830437242939934     
   2.5682874471849644     
  0.81336184231061692     
  -1.6199101059924275     
  -1.6411868286729792     
  0.80579093781301847     
   1.7991304339385343     
 -0.32466139447336373     
  -1.8139326722358835     
  -0.0000000000000000     
   1.8139326722358835     
  0.32466139447336373     
  -1.7991304339385343     
 -0.80579093781301847     
   1.6411868286729792     
   1.6199101059924275     
 -0.81336184231061692     
  -2.5682874471849644     
  -2.2830437242939934     
  -1.1221636331169160     
 -0.32634962009410995     
  -5.3196387166641115E-002
  -4.1435293312841034E-003
  -1.0880260872338862E-004
  -4.0810715991672506E-007
  -9.5782012360187619E-012
*****  m =   13  l =   21
   2.0143658880407549E-011
   8.4402449396969560E-007
   2.1814124831220913E-004
   7.9248338617800458E-003
   9.5189872915018917E-002
  0.53255510022352459     
   1.6068703370395256     
   2.6674577685816323     
   1.9508589723634977     
 -0.71129270783702425     
  -2.0548511683274939     
   1.0227214206275708E-002
   1.8931787474267583     
  0.13208852141226593     
  -1.8089876264982554     
  -6.2869000840630657E-002
   1.7872369043126595     
  -6.2869000840630657E-002
  -1.8089876264982554     
  0.13208852141226593     
   1.8931787474267583     
   1.0227214206275708E-002
  -2.0548511683274939     
 -0.71129270783702425     
   1.9508589723634977     
   2.6674577685816323     
   1.6068703370395256     
  0.53255510022352459     
   9.5189872915018917E-002
   7.9248338617800458E-003
   2.1814124831220913E-004
   8.4402449396969560E-007
   2.0143658880407549E-011
*****  m =   13  l =   22
   4.0472516688568208E-011
   1.6662643636453885E-006
   4.1679980357131597E-004
   1.4403600296365244E-002
  0.16109247646116331     
  0.81480282145535909     
   2.1181721275081440     
   2.7175366009807078     
  0.79601359142152017     
  -1.8676323275193556     
  -1.1394942441602407     
   1.6091766092163751     
  0.93448719328780205     
  -1.6606006395377280     
 -0.51984422258278573     
   1.7513046018929836     
   0.0000000000000000     
  -1.7513046018929836     
  0.51984422258278573     
   1.6606006395377280     
 -0.93448719328780205     
  -1.6091766092163751     
   1.1394942441602407     
   1.8676323275193556     
 -0.79601359142152017     
  -2.7175366009807078     
  -2.1181721275081440     
 -0.81480282145535909     
 -0.16109247646116331     
  -1.4403600296365244E-002
  -4.1679980357131597E-004
  -1.6662643636453885E-006
  -4.0472516688568208E-011
*****  m =   13  l =   23
   7.8146681899141681E-011
   3.1586383502779290E-006
   7.6340639754664567E-004
   2.5021589799277790E-002
  0.25922936828348198     
   1.1737127966030814     
   2.5674799986292922     
   2.3132601221945013     
 -0.59251151655589795     
  -2.0668585340668879     
  0.53635418280369540     
   1.7523879634616955     
  -1.0216672360527679     
  -1.2465615691937486     
   1.5341908155837356     
  0.45893586145562359     
  -1.7478366881738319     
  0.45893586145562359     
   1.5341908155837356     
  -1.2465615691937486     
  -1.0216672360527679     
   1.7523879634616955     
  0.53635418280369540     
  -2.0668585340668879     
 -0.59251151655589795     
   2.3132601221945013     
   2.5674799986292922     
   1.1737127966030814     
  0.25922936828348198     
   2.5021589799277790E-002
   7.6340639754664567E-004
   3.1586383502779290E-006
   7.8146681899141681E-011
*****  m =   13  l =   24
   1.4569339616639711E-010
   5.7765900076772847E-006
   1.3466617103843081E-003
   4.1735627131651229E-002
  0.39831144907581473     
   1.5958948592726236     
   2.8447882373647158     
   1.4447810575852755     
  -1.7420675567805410     
  -1.1673939786679699     
   1.7988274316913384     
  0.30429264427314789     
  -1.8074182094627944     
  0.80652811023634197     
   1.1905784576604639     
  -1.6165127772978394     
  -0.0000000000000000     
   1.6165127772978394     
  -1.1905784576604639     
 -0.80652811023634197     
   1.8074182094627944     
 -0.30429264427314789     
  -1.7988274316913384     
   1.1673939786679699     
   1.7420675567805410     
  -1.4447810575852755     
  -2.8447882373647158     
  -1.5958948592726236     
 -0.39831144907581473     
  -4.1735627131651229E-002
  -1.3466617103843081E-003
  -5.7765900076772847E-006
  -1.4569339616639711E-010
*****  m =   13  l =   25
   2.6328310827590377E-010
   1.0231316497715591E-005
   2.2966496681924701E-003
   6.7088793286934012E-002
  0.58624678553472609     
   2.0504282398813229     
   2.8420246051054980     
  0.25076245167546996     
  -2.1971149148462192     
  0.36634046969073858     
   1.7182901944360185     
  -1.4026970762585547     
 -0.54458986086877681     
   1.7509222903147890     
 -0.99020553437518788     
 -0.80597434416400282     
   1.7200924657231507     
 -0.80597434416400282     
 -0.99020553437518788     
   1.7509222903147890     
 -0.54458986086877681     
  -1.4026970762585547     
   1.7182901944360185     
  0.36634046969073858     
  -2.1971149148462192     
  0.25076245167546996     
   2.8420246051054980     
   2.0504282398813229     
  0.58624678553472609     
   6.7088793286934012E-002
   2.2966496681924701E-003
   1.0231316497715591E-005
   2.6328310827590377E-010
*****  m =   13  l =   26
   4.6264781349345769E-010
   1.7606303227133382E-005
   3.7987285426779294E-003
  0.10424492208904121     
  0.82853877357138772     
   2.4880836408577651     
   2.4842923724515740     
 -0.99236865027502175     
  -1.7402435648090047     
   1.6676114182883628     
  0.34199621815035164     
  -1.7635780711792091     
   1.3220437282110782     
  0.32683179465456108     
  -1.6005598262267691     
   1.4201557455120846     
   0.0000000000000000     
  -1.4201557455120846     
   1.6005598262267691     
 -0.32683179465456108     
  -1.3220437282110782     
   1.7635780711792091     
 -0.34199621815035164     
  -1.6676114182883628     
   1.7402435648090047     
  0.99236865027502175     
  -2.4842923724515740     
  -2.4880836408577651     
 -0.82853877357138772     
 -0.10424492208904121     
  -3.7987285426779294E-003
  -1.7606303227133382E-005
  -4.6264781349345769E-010
*****  m =   13  l =   27
   7.9267106230006180E-010
   2.9515473400058498E-005
   6.1100051120166641E-003
  0.15696539338663082     
   1.1264007772505760     
   2.8445464726307748     
   1.7610696295995105     
  -1.9395964907556329     
 -0.53575919854056564     
   1.9598020355667527     
  -1.2816736213080313     
 -0.43206334573894045     
   1.6430961683955461     
  -1.5231013676624963     
  0.29761042359818296     
   1.0997690028746689     
  -1.6996441994346494     
   1.0997690028746689     
  0.29761042359818296     
  -1.5231013676624963     
   1.6430961683955461     
 -0.43206334573894045     
  -1.2816736213080313     
   1.9598020355667527     
 -0.53575919854056564     
  -1.9395964907556329     
   1.7610696295995105     
   2.8445464726307748     
   1.1264007772505760     
  0.15696539338663082     
   6.1100051120166641E-003
   2.9515473400058498E-005
   7.9267106230006180E-010
*****  m =   13  l =   28
   1.3272338976412244E-009
   4.8313753331076464E-005
   9.5781659028982540E-003
  0.22950682198865566     
   1.4748234916996283     
   3.0482554466347032     
  0.74695084804096523     
  -2.2902158331630886     
  0.89749000325203654     
   1.0499448687926214     
  -1.8819252378651670     
   1.3044407605232933     
   5.0742453064036040E-002
  -1.2780789481700867     
   1.7091760642944749     
  -1.1728848972613730     
  -0.0000000000000000     
   1.1728848972613730     
  -1.7091760642944749     
   1.2780789481700867     
  -5.0742453064036040E-002
  -1.3044407605232933     
   1.8819252378651670     
  -1.0499448687926214     
 -0.89749000325203654     
   2.2902158331630886     
 -0.74695084804096523     
  -3.0482554466347032     
  -1.4748234916996283     
 -0.22950682198865566     
  -9.5781659028982540E-003
  -4.8313753331076464E-005
  -1.3272338976412244E-009
*****  m =   13  l =   29
   2.1760640217967779E-009
   7.7372464366330006E-005
   1.4662149571621236E-002
  0.32642079565995069     
   1.8609257391554415     
   3.0324435121404574     
 -0.39783449263703102     
  -1.9065303388430832     
   1.8995878788692997     
 -0.50848889208946957     
 -0.97565058121674275     
   1.7466523877512645     
  -1.5864383957098678     
  0.71540388351691298     
  0.41797777999865354     
  -1.3353513439751397     
   1.6840523931956768     
  -1.3353513439751397     
  0.41797777999865354     
  0.71540388351691298     
  -1.5864383957098678     
   1.7466523877512645     
 -0.97565058121674275     
 -0.50848889208946957     
   1.8995878788692997     
  -1.9065303388430832     
 -0.39783449263703102     
   3.0324435121404574     
   1.8609257391554415     
  0.32642079565995069     
   1.4662149571621236E-002
   7.7372464366330006E-005
   2.1760640217967779E-009
*****  m =   13  l =   30
   3.4995332428394387E-009
   1.2143349629866174E-004
   2.1953800808277316E-002
  0.45224289370676729     
   2.2629778417411517     
   2.7497430221851209     
  -1.4525107011699694     
 -0.88945453085228510     
   1.9832701046345391     
  -1.7299248435131960     
  0.71191375932869050     
  0.45735726437482732     
  -1.3398819096467607     
   1.7083581129306000     
  -1.5223642146772296     
  0.88591943812969953     
   0.0000000000000000     
 -0.88591943812969953     
   1.5223642146772296     
  -1.7083581129306000     
   1.3398819096467607     
 -0.45735726437482732     
 -0.71191375932869050     
   1.7299248435131960     
  -1.9832701046345391     
  0.88945453085228510     
   1.4525107011699694     
  -2.7497430221851209     
  -2.2629778417411517     
 -0.45224289370676729     
  -2.1953800808277316E-002
  -1.2143349629866174E-004
  -3.4995332428394387E-009
*****  m =   13  l =   31
   5.5285858176161228E-009
   1.8705760186289068E-004
   3.2199263599890282E-002
  0.61106803380266161     
   2.6504860831685821     
   2.1865883040145229     
  -2.1844242059147803     
  0.42867679165053824     
   1.0924798931952684     
  -1.8206212525697367     
   1.8050373987095292     
  -1.2787698306602457     
  0.49369722416459588     
  0.33446666528636582     
  -1.0401617970393979     
   1.5083917839068945     
  -1.6718448259270215     
   1.5083917839068945     
  -1.0401617970393979     
  0.33446666528636582     
  0.49369722416459588     
  -1.2787698306602457     
   1.8050373987095292     
  -1.8206212525697367     
   1.0924798931952684     
  0.42867679165053824     
  -2.1844242059147803     
   2.1865883040145229     
   2.6504860831685821     
  0.61106803380266161     
   3.2199263599890282E-002
   1.8705760186289068E-004
   5.5285858176161228E-009
*****  m =   13  l =   32
   8.5912631764769373E-009
   2.8318326858312710E-004
   4.6318472707865481E-002
  0.80602247264051918     
   2.9856503253777551     
   1.3739588808634833     
  -2.4108454185960557     
   1.5846968886765778     
 -0.34045668645191501     
 -0.71275892940240493     
   1.3997583506291791     
  -1.7189222261548900     
   1.7269943351247590     
  -1.4940640148036510     
   1.0880740438325600     
 -0.57108283315894048     
  -0.0000000000000000     
  0.57108283315894048     
  -1.0880740438325600     
   1.4940640148036510     
  -1.7269943351247590     
   1.7189222261548900     
  -1.3997583506291791     
  0.71275892940240493     
  0.34045668645191501     
  -1.5846968886765778     
   2.4108454185960557     
  -1.3739588808634833     
  -2.9856503253777551     
 -0.80602247264051918     
  -4.6318472707865481E-002
  -2.8318326858312710E-004
  -8.5912631764769373E-009
*****  m =   14  l =   14
   2.8057605641590468E-016
   3.0046812824513062E-011
   1.4831360445422874E-008
   9.8633388487884822E-007
   2.2525587125411201E-005
   2.6188078163437228E-004
   1.8981060602240546E-003
   9.6489544056721499E-003
   3.7051412394885221E-002
  0.11291649524330025     
  0.28262021918821312     
  0.59525661239663363     
   1.0736520446258226     
   1.6793760785753857     
   2.2982883465051618     
   2.7681337259029122     
   2.9441241287795736     
   2.7681337259029122     
   2.2982883465051618     
   1.6793760785753857     
   1.0736520446258226     
  0.59525661239663363     
  0.28262021918821312     
  0.11291649524330025     
   3.7051412394885221E-002
   9.6489544056721499E-003
   1.8981060602240546E-003
   2.6188078163437228E-004
   2.2525587125411201E-005
   9.8633388487884822E-007
   1.4831360445422874E-008
   3.0046812824513062E-011
   2.8057605641590468E-016
*****  m =   14  l =   15
   1.5581582733108311E-015
   1.6502770369942985E-010
   7.9837838297040701E-008
   5.1550040939964124E-006
   1.1316600755747249E-004
   1.2510557091419397E-003
   8.5196908816221103E-003
   4.0143542030261180E-002
  0.14063689493891879     
  0.38365474829145951     
  0.83932250385918405     
   1.4975432660270953     
   2.1899180518027817     
   2.5957478520501183     
   2.3857384107908381     
   1.4430716034545905     
   0.0000000000000000     
  -1.4430716034545905     
  -2.3857384107908381     
  -2.5957478520501183     
  -2.1899180518027817     
  -1.4975432660270953     
 -0.83932250385918405     
 -0.38365474829145951     
 -0.14063689493891879     
  -4.0143542030261180E-002
  -8.5196908816221103E-003
  -1.2510557091419397E-003
  -1.1316600755747249E-004
  -5.1550040939964124E-006
  -7.9837838297040701E-008
  -1.6502770369942985E-010
  -1.5581582733108311E-015
*****  m =   14  l =   16
   6.2092419164909743E-015
   6.4991380578465285E-010
   3.0772706337919145E-007
   1.9249432431673790E-005
   4.0493012066223732E-004
   4.2381030644535016E-003
   2.6952478220188397E-002
  0.11670454137886808     
  0.36841246907348946     
  0.88298869463923402     
   1.6389730240896492     
   2.3526068172535042     
   2.5163928009078571     
   1.7300306379742616     
  0.13217713379423496     
  -1.4949853434561402     
  -2.1834208909676911     
  -1.4949853434561402     
  0.13217713379423496     
   1.7300306379742616     
   2.5163928009078571     
   2.3526068172535042     
   1.6389730240896492     
  0.88298869463923402     
  0.36841246907348946     
  0.11670454137886808     
   2.6952478220188397E-002
   4.2381030644535016E-003
   4.0493012066223732E-004
   1.9249432431673790E-005
   3.0772706337919145E-007
   6.4991380578465285E-010
   6.2092419164909743E-015
*****  m =   14  l =   17
   2.0495863191432082E-014
   2.1185008055470189E-009
   9.8034575692257995E-007
   5.9278697497219112E-005
   1.1910391277715473E-003
   1.1747104290529968E-002
   6.9300846562896451E-002
  0.27305949929560208     
  0.76508138766349165     
   1.5714843427443237     
   2.3644834744850596     
   2.4681135835333707     
   1.3796881582927965     
 -0.52285569817871191     
  -1.9493070853596637     
  -1.7249103397895007     
  -0.0000000000000000     
   1.7249103397895007     
   1.9493070853596637     
  0.52285569817871191     
  -1.3796881582927965     
  -2.4681135835333707     
  -2.3644834744850596     
  -1.5714843427443237     
 -0.76508138766349165     
 -0.27305949929560208     
  -6.9300846562896451E-002
  -1.1747104290529968E-002
  -1.1910391277715473E-003
  -5.9278697497219112E-005
  -9.8034575692257995E-007
  -2.1185008055470189E-009
  -2.0495863191432082E-014
*****  m =   14  l =   18
   5.9420112523085051E-014
   6.0605679653262308E-009
   2.7370384456926580E-006
   1.5961770549100855E-004
   3.0528602864523919E-003
   2.8234035828284806E-002
  0.15337497334150238     
  0.54366174345463336     
   1.3265007042604640     
   2.2533400353813118     
   2.5322524520723273     
   1.4238401392235978     
 -0.66355763239038867     
  -2.0231565630680639     
  -1.2752717919453622     
  0.83561925417048022     
   1.9706878674810169     
  0.83561925417048022     
  -1.2752717919453622     
  -2.0231565630680639     
 -0.66355763239038867     
   1.4238401392235978     
   2.5322524520723273     
   2.2533400353813118     
   1.3265007042604640     
  0.54366174345463336     
  0.15337497334150238     
   2.8234035828284806E-002
   3.0528602864523919E-003
   1.5961770549100855E-004
   2.7370384456926580E-006
   6.0605679653262308E-009
   5.9420112523085051E-014
*****  m =   14  l =   19
   1.5621305304016003E-013
   1.5710340239874088E-008
   6.9141586418422591E-006
   3.8798086619497643E-004
   7.0388829062374867E-003
   6.0718376797326432E-002
  0.30122047885891728     
  0.94748962894290834     
   1.9629871932023639     
   2.6054241236515141     
   1.7959674590494155     
 -0.39210609728548390     
  -2.0016254853165747     
  -1.1748220554992022     
   1.1092246762158173     
   1.8350940074435025     
   0.0000000000000000     
  -1.8350940074435025     
  -1.1092246762158173     
   1.1748220554992022     
   2.0016254853165747     
  0.39210609728548390     
  -1.7959674590494155     
  -2.6054241236515141     
  -1.9629871932023639     
 -0.94748962894290834     
 -0.30122047885891728     
  -6.0718376797326432E-002
  -7.0388829062374867E-003
  -3.8798086619497643E-004
  -6.9141586418422591E-006
  -1.5710340239874088E-008
  -1.5621305304016003E-013
*****  m =   14  l =   20
   3.7996727289035808E-013
   3.7650656915732726E-008
   1.6124053295789806E-005
   8.6852047975064320E-004
   1.4891464278314817E-002
  0.11912554645143883     
  0.53465283153221344     
   1.4674665060280414     
   2.4908110183871814     
   2.3180668931406512     
  0.28464647661357795     
  -1.8439957476125646     
  -1.4247380196623125     
   1.0022540857212647     
   1.7862987365228653     
 -0.31004399432907626     
  -1.8656741646674364     
 -0.31004399432907626     
   1.7862987365228653     
   1.0022540857212647     
  -1.4247380196623125     
  -1.8439957476125646     
  0.28464647661357795     
   2.3180668931406512     
   2.4908110183871814     
   1.4674665060280414     
  0.53465283153221344     
  0.11912554645143883     
   1.4891464278314817E-002
   8.6852047975064320E-004
   1.6124053295789806E-005
   3.7650656915732726E-008
   3.7996727289035808E-013
*****  m =   14  l =   21
   8.6696952179144155E-013
   8.4577841793379535E-008
   3.5193289441549599E-005
   1.8152487321449159E-003
   2.9300232027137239E-002
  0.21600541676993942     
  0.86759736473385163     
   2.0336418462901520     
   2.6742579498025729     
   1.2982575500337026     
  -1.3135274562875627     
  -1.8594050672839004     
  0.51775133148928021     
   1.8720277542183337     
 -0.16942796241414412     
  -1.8361701032764632     
  -0.0000000000000000     
   1.8361701032764632     
  0.16942796241414412     
  -1.8720277542183337     
 -0.51775133148928021     
   1.8594050672839004     
   1.3135274562875627     
  -1.2982575500337026     
  -2.6742579498025729     
  -2.0336418462901520     
 -0.86759736473385163     
 -0.21600541676993942     
  -2.9300232027137239E-002
  -1.8152487321449159E-003
  -3.5193289441549599E-005
  -8.4577841793379535E-008
  -8.6696952179144155E-013
*****  m =   14  l =   22
   1.8742923180479155E-012
   1.7988019439451963E-007
   7.2616152484151008E-005
   3.5775377299087936E-003
   5.4139727199735567E-002
  0.36528971268121224     
   1.2963243442528380     
   2.5209075279314761     
   2.3188355169712107     
 -0.18633186547082381     
  -2.0910986320987259     
 -0.39596416026634207     
   1.8683318884821329     
  0.37861624393646287     
  -1.8079352534016535     
 -0.14604474521465730     
   1.8027558951730960     
 -0.14604474521465730     
  -1.8079352534016535     
  0.37861624393646287     
   1.8683318884821329     
 -0.39596416026634207     
  -2.0910986320987259     
 -0.18633186547082381     
   2.3188355169712107     
   2.5209075279314761     
   1.2963243442528380     
  0.36528971268121224     
   5.4139727199735567E-002
   3.5775377299087936E-003
   7.2616152484151008E-005
   1.7988019439451963E-007
   1.8742923180479155E-012
*****  m =   14  l =   23
   3.8684735542039124E-012
   3.6495912342528286E-007
   1.4271725797364331E-004
   6.6984147213591232E-003
   9.4626339589391151E-002
  0.57986632409955940     
   1.7901752701447420     
   2.7700191897872566     
   1.3838631675529884     
  -1.5488271160470664     
  -1.5338361454921747     
   1.3569487210767459     
   1.2215300113337566     
  -1.5552342970039192     
 -0.68475001717368067     
   1.7507992120201115     
   0.0000000000000000     
  -1.7507992120201115     
  0.68475001717368067     
   1.5552342970039192     
  -1.2215300113337566     
  -1.3569487210767459     
   1.5338361454921747     
   1.5488271160470664     
  -1.3838631675529884     
  -2.7700191897872566     
  -1.7901752701447420     
 -0.57986632409955940     
  -9.4626339589391151E-002
  -6.6984147213591232E-003
  -1.4271725797364331E-004
  -3.6495912342528286E-007
  -3.8684735542039124E-012
*****  m =   14  l =   24
   7.6680569866526207E-012
   7.1057870599066111E-007
   2.6875259728751614E-004
   1.1984632351614075E-002
  0.15731117861712607     
  0.86799984845318379     
   2.2865226938128869     
   2.6330514893320389     
   5.7409107197253645E-002
  -2.1447916391265434     
   2.8572251429458295E-002
   1.8962222083842235     
 -0.72340791409463190     
  -1.4327274680393616     
   1.4517723056099774     
  0.54622503966420666     
  -1.7609986619850542     
  0.54622503966420666     
   1.4517723056099774     
  -1.4327274680393616     
 -0.72340791409463190     
   1.8962222083842235     
   2.8572251429458295E-002
  -2.1447916391265434     
   5.7409107197253645E-002
   2.6330514893320389     
   2.2865226938128869     
  0.86799984845318379     
  0.15731117861712607     
   1.1984632351614075E-002
   2.6875259728751614E-004
   7.1057870599066111E-007
   7.6680569866526207E-012
*****  m =   14  l =   25
   1.4666883238490475E-011
   1.3339788535097587E-006
   4.8720624406585391E-004
   2.0585033791395688E-002
  0.24981793721711168     
   1.2289935442022253     
   2.6938269528561172     
   2.0329291306525756     
  -1.2622667658075175     
  -1.6404878779575112     
   1.5405418481920639     
  0.73760008130166266     
  -1.8371957853255385     
  0.56478072947250169     
   1.3245893412348777     
  -1.5930305747870641     
  -0.0000000000000000     
   1.5930305747870641     
  -1.3245893412348777     
 -0.56478072947250169     
   1.8371957853255385     
 -0.73760008130166266     
  -1.5405418481920639     
   1.6404878779575112     
   1.2622667658075175     
  -2.0329291306525756     
  -2.6938269528561172     
  -1.2289935442022253     
 -0.24981793721711168     
  -2.0585033791395688E-002
  -4.8720624406585391E-004
  -1.3339788535097587E-006
  -1.4666883238490475E-011
*****  m =   14  l =   26
   2.7175915932924568E-011
   2.4240398189329863E-006
   8.5355381528079519E-004
   3.4070648317583142E-002
  0.38024483072672394     
   1.6488983327788045     
   2.9052685742555902     
   1.0159315715476975     
  -2.0984993458995111     
 -0.26683583624290336     
   1.9218448920572966     
  -1.0734987818134913     
 -0.88586924527449851     
   1.7807398359434568     
 -0.84137070631193689     
 -0.89100966460996744     
   1.7314380135535719     
 -0.89100966460996744     
 -0.84137070631193689     
   1.7807398359434568     
 -0.88586924527449851     
  -1.0734987818134913     
   1.9218448920572966     
 -0.26683583624290336     
  -2.0984993458995111     
   1.0159315715476975     
   2.9052685742555902     
   1.6488983327788045     
  0.38024483072672394     
   3.4070648317583142E-002
   8.5355381528079519E-004
   2.4240398189329863E-006
   2.7175915932924568E-011
*****  m =   14  l =   27
   4.8935785922533177E-011
   4.2774494585803653E-006
   1.4497562247819335E-003
   5.4506491276630875E-002
  0.55618249578453360     
   2.0974168928406782     
   2.8225281816860948     
 -0.22812403970350750     
  -2.1016777065361949     
   1.2358837172382504     
  0.87908795843881937     
  -1.8612609062880932     
   1.0516001453723856     
  0.59949809819448929     
  -1.6722159455765839     
   1.3748191397557132     
   0.0000000000000000     
  -1.3748191397557132     
   1.6722159455765839     
 -0.59949809819448929     
  -1.0516001453723856     
   1.8612609062880932     
 -0.87908795843881937     
  -1.2358837172382504     
   2.1016777065361949     
  0.22812403970350750     
  -2.8225281816860948     
  -2.0974168928406782     
 -0.55618249578453360     
  -5.4506491276630875E-002
  -1.4497562247819335E-003
  -4.2774494585803653E-006
  -4.8935785922533177E-011
*****  m =   14  l =   28
   8.5870997018174628E-011
   7.3496036508743915E-006
   2.3937104988859038E-003
   8.4501608365858058E-002
  0.78335698709282997     
   2.5272924399981309     
   2.3854714470727720     
  -1.3966882680800949     
  -1.2363689699985103     
   2.0049085627267074     
 -0.81485024453007404     
 -0.88199440642537752     
   1.7642070448353084     
  -1.3739434633675192     
  0.11085398046670757     
   1.1769771417604711     
  -1.7095483284551678     
   1.1769771417604711     
  0.11085398046670757     
  -1.3739434633675192     
   1.7642070448353084     
 -0.88199440642537752     
 -0.81485024453007404     
   2.0049085627267074     
  -1.2363689699985103     
  -1.3966882680800949     
   2.3854714470727720     
   2.5272924399981309     
  0.78335698709282997     
   8.4501608365858058E-002
   2.3937104988859038E-003
   7.3496036508743915E-006
   8.5870997018174628E-011
*****  m =   14  l =   29
   1.4718086541233147E-010
   1.2324863651324801E-005
   3.8508109530700223E-003
  0.12722104640145410     
   1.0639852725917631     
   2.8772961230006264     
   1.5999655150191265     
  -2.1574822370653561     
  0.15373282409791680     
   1.5715361567864679     
  -1.8617766244402243     
  0.93060067214965791     
  0.43583291075996533     
  -1.4637809362120680     
   1.7008509273967674     
  -1.1079267551425263     
  -0.0000000000000000     
   1.1079267551425263     
  -1.7008509273967674     
   1.4637809362120680     
 -0.43583291075996533     
 -0.93060067214965791     
   1.8617766244402243     
  -1.5715361567864679     
 -0.15373282409791680     
   2.1574822370653561     
  -1.5999655150191265     
  -2.8772961230006264     
  -1.0639852725917631     
 -0.12722104640145410     
  -3.8508109530700223E-003
  -1.2324863651324801E-005
  -1.4718086541233147E-010
*****  m =   14  l =   30
   2.4689292966417696E-010
   2.0211794537729501E-005
   6.0476575367508067E-003
  0.18634180002506509     
   1.3950204743242991     
   3.0793766975751469     
  0.55425368634255401     
  -2.2620798565629490     
   1.4612125390703703     
  0.18310787201388345     
  -1.4384521771421939     
   1.8240881098207913     
  -1.3859094276739201     
  0.44168684013558279     
  0.60721495760108790     
  -1.3999877487050101     
   1.6927873311740795     
  -1.3999877487050101     
  0.60721495760108790     
  0.44168684013558279     
  -1.3859094276739201     
   1.8240881098207913     
  -1.4384521771421939     
  0.18310787201388345     
   1.4612125390703703     
  -2.2620798565629490     
  0.55425368634255401     
   3.0793766975751469     
   1.3950204743242991     
  0.18634180002506509     
   6.0476575367508067E-003
   2.0211794537729501E-005
   2.4689292966417696E-010
*****  m =   14  l =   31
   4.0604311075256171E-010
   3.2470101079911381E-005
   9.2877844789123389E-003
  0.26593505272427059     
   1.7665504088976687     
   3.0696488261640682     
 -0.58456218427306805     
  -1.6498110066297926     
   2.0803123821245175     
  -1.3073992036371247     
  0.12588862833611136     
  0.92483710898778093     
  -1.5699849305553166     
   1.7258513002479339     
  -1.4322958903125769     
  0.80447668511301040     
   0.0000000000000000     
 -0.80447668511301040     
   1.4322958903125769     
  -1.7258513002479339     
   1.5699849305553166     
 -0.92483710898778093     
 -0.12588862833611136     
   1.3073992036371247     
  -2.0803123821245175     
   1.6498110066297926     
  0.58456218427306805     
  -3.0696488261640682     
  -1.7665504088976687     
 -0.26593505272427059     
  -9.2877844789123389E-003
  -3.2470101079911381E-005
  -4.0604311075256171E-010
*****  m =   14  l =   32
   6.5569485150435216E-010
   5.1177137133640741E-005
   1.3969070540651897E-002
  0.37025980811358350     
   2.1606766208463912     
   2.8018205942799335     
  -1.5979497590445539     
 -0.49710033834588496     
   1.7041020308096033     
  -1.9559637674315533     
   1.5765874569458997     
 -0.88056097607971962     
   9.6065494168616997E-002
  0.62723886675258445     
  -1.1963470525188697     
   1.5566054375037308     
  -1.6796148669788180     
   1.5566054375037308     
  -1.1963470525188697     
  0.62723886675258445     
   9.6065494168616997E-002
 -0.88056097607971962     
   1.5765874569458997     
  -1.9559637674315533     
   1.7041020308096033     
 -0.49710033834588496     
  -1.5979497590445539     
   2.8018205942799335     
   2.1606766208463912     
  0.37025980811358350     
   1.3969070540651897E-002
   5.1177137133640741E-005
   6.5569485150435216E-010
*****  m =   15  l =   15
   2.0455986706372093E-017
   5.0099793743560480E-012
   3.8512613023928588E-009
   3.4565991461485454E-007
   9.8706958032033645E-006
   1.3673422762128492E-004
   1.1416635869531623E-003
   6.5183535448495832E-003
   2.7554966736852232E-002
   9.0932798621171262E-002
  0.24301149298125474     
  0.53980266885335970     
   1.0155269408406289     
   1.6400357465677959     
   2.2953159642294820     
   2.8015295727287874     
   2.9927906344832773     
   2.8015295727287874     
   2.2953159642294820     
   1.6400357465677959     
   1.0155269408406289     
  0.53980266885335970     
  0.24301149298125474     
   9.0932798621171262E-002
   2.7554966736852232E-002
   6.5183535448495832E-003
   1.1416635869531623E-003
   1.3673422762128492E-004
   9.8706958032033645E-006
   3.4565991461485454E-007
   3.8512613023928588E-009
   5.0099793743560480E-012
   2.0455986706372093E-017
*****  m =   15  l =   16
   1.1720807115707779E-016
   2.8390334273507729E-011
   2.1389808117036858E-008
   1.8639325932145890E-006
   5.1163914654226542E-005
   6.7394799468224731E-004
   5.2871013357671144E-003
   2.7980113407497269E-002
  0.10791219227582020     
  0.31877178055621841     
  0.74460950425623529     
   1.4011553861179042     
   2.1371346235579325     
   2.6154352803232639     
   2.4583114737513960     
   1.5068573762557398     
   0.0000000000000000     
  -1.5068573762557398     
  -2.4583114737513960     
  -2.6154352803232639     
  -2.1371346235579325     
  -1.4011553861179042     
 -0.74460950425623529     
 -0.31877178055621841     
 -0.10791219227582020     
  -2.7980113407497269E-002
  -5.2871013357671144E-003
  -6.7394799468224731E-004
  -5.1163914654226542E-005
  -1.8639325932145890E-006
  -2.1389808117036858E-008
  -2.8390334273507729E-011
  -1.1720807115707779E-016
*****  m =   15  l =   17
   4.8150910046459083E-016
   1.1526826109427127E-010
   8.5004595856338781E-008
   7.1772319614555859E-006
   1.8882138648349626E-004
   2.3553994889263007E-003
   1.7262505456516881E-002
   8.3998445791110515E-002
  0.29214812319652628     
  0.75914078928376372     
   1.5075209011614994     
   2.2903728452431542     
   2.5749625284721289     
   1.8716338998106958     
  0.24963319719081686     
  -1.4723916541665052     
  -2.2131985209645482     
  -1.4723916541665052     
  0.24963319719081686     
   1.8716338998106958     
   2.5749625284721289     
   2.2903728452431542     
   1.5075209011614994     
  0.75914078928376372     
  0.29214812319652628     
   8.3998445791110515E-002
   1.7262505456516881E-002
   2.3553994889263007E-003
   1.8882138648349626E-004
   7.1772319614555859E-006
   8.5004595856338781E-008
   1.1526826109427127E-010
   4.8150910046459083E-016
*****  m =   15  l =   18
   1.6372213747483908E-015
   3.8707821964281152E-010
   2.7902901704474982E-007
   2.2779910397538504E-005
   5.7264901852228044E-004
   6.7354941633178166E-003
   4.5830677316559827E-002
  0.20318771007102213     
  0.62846144503544177     
   1.4040989995320696     
   2.2742725203944700     
   2.5500863235525362     
   1.5922228189477134     
 -0.34749741600943113     
  -1.9245944269766164     
  -1.7814966366096257     
  -0.0000000000000000     
   1.7814966366096257     
   1.9245944269766164     
  0.34749741600943113     
  -1.5922228189477134     
  -2.5500863235525362     
  -2.2742725203944700     
  -1.4040989995320696     
 -0.62846144503544177     
 -0.20318771007102213     
  -4.5830677316559827E-002
  -6.7354941633178166E-003
  -5.7264901852228044E-004
  -2.2779910397538504E-005
  -2.7902901704474982E-007
  -3.8707821964281152E-010
  -1.6372213747483908E-015
*****  m =   15  l =   19
   4.8855986258341200E-015
   1.1399558480294730E-009
   8.0218153432696579E-007
   6.3188987100324607E-005
   1.5130469819206293E-003
   1.6703238819813060E-002
  0.10480187356407483     
  0.41890477360706740     
   1.1324667028421007     
   2.1073203636407274     
   2.5936815077298072     
   1.6905181294307028     
 -0.41909989125293290     
  -1.9998806672321927     
  -1.3936276743755032     
  0.78274388656328731     
   1.9932730538263097     
  0.78274388656328731     
  -1.3936276743755032     
  -1.9998806672321927     
 -0.41909989125293290     
   1.6905181294307028     
   2.5936815077298072     
   2.1073203636407274     
   1.1324667028421007     
  0.41890477360706740     
  0.10480187356407483     
   1.6703238819813060E-002
   1.5130469819206293E-003
   6.3188987100324607E-005
   8.0218153432696579E-007
   1.1399558480294730E-009
   4.8855986258341200E-015
*****  m =   15  l =   20
   1.3210693505246533E-014
   3.0399507378803447E-009
   2.0854276251796982E-006
   1.5815664728210821E-004
   3.5954203058349257E-003
   3.7070514656509387E-002
  0.21285557971435415     
  0.75762754079706374     
   1.7504925978683301     
   2.5842265455428066     
   2.0713392015752961     
  -5.7469199772604750E-002
  -1.9416550104848447     
  -1.3557243754668458     
   1.0005996316441674     
   1.8747404914861436     
   0.0000000000000000     
  -1.8747404914861436     
  -1.0005996316441674     
   1.3557243754668458     
   1.9416550104848447     
   5.7469199772604750E-002
  -2.0713392015752961     
  -2.5842265455428066     
  -1.7504925978683301     
 -0.75762754079706374     
 -0.21285557971435415     
  -3.7070514656509387E-002
  -3.5954203058349257E-003
  -1.5815664728210821E-004
  -2.0854276251796982E-006
  -3.0399507378803447E-009
  -1.3210693505246533E-014
*****  m =   15  l =   21
   3.3027249022938462E-014
   7.4898764150554563E-009
   5.0020797998922739E-006
   3.6441951819531624E-004
   7.8384340315704303E-003
   7.5083080238207436E-002
  0.39118587453639925     
   1.2214491202456621     
   2.3390282879884383     
   2.5136847974849692     
  0.70504325683119229     
  -1.6719558449167975     
  -1.6360393626001337     
  0.81492076031319460     
   1.8501300049983216     
 -0.23831118904094384     
  -1.8839131119788046     
 -0.23831118904094384     
   1.8501300049983216     
  0.81492076031319460     
  -1.6360393626001337     
  -1.6719558449167975     
  0.70504325683119229     
   2.5136847974849692     
   2.3390282879884383     
   1.2214491202456621     
  0.39118587453639925     
   7.5083080238207436E-002
   7.8384340315704303E-003
   3.6441951819531624E-004
   5.0020797998922739E-006
   7.4898764150554563E-009
   3.3027249022938462E-014
*****  m =   15  l =   22
   7.7402459687109330E-014
   1.7286528277688237E-008
   1.1223481853534516E-005
   7.8369652936043348E-004
   1.5892234028692085E-002
  0.14061938078988798     
  0.65833197533010235     
   1.7698646775070355     
   2.6837706802760875     
   1.7203782374810412     
 -0.95382046996571035     
  -2.0099680539296596     
  0.21944449310074302     
   1.9154255098687067     
  -1.4484632084192317E-002
  -1.8546179306633737     
  -0.0000000000000000     
   1.8546179306633737     
   1.4484632084192317E-002
  -1.9154255098687067     
 -0.21944449310074302     
   2.0099680539296596     
  0.95382046996571035     
  -1.7203782374810412     
  -2.6837706802760875     
  -1.7698646775070355     
 -0.65833197533010235     
 -0.14061938078988798     
  -1.5892234028692085E-002
  -7.8369652936043348E-004
  -1.1223481853534516E-005
  -1.7286528277688237E-008
  -7.7402459687109330E-014
*****  m =   15  l =   23
   1.7176406687551406E-013
   3.7750637564050329E-008
   2.3794523597784521E-005
   1.5887314978817245E-003
   3.0259460312689487E-002
  0.24578546827990883     
   1.0223692585132822     
   2.3095940057666318     
   2.5687255950530585     
  0.34342998289915538     
  -2.0222973755331339     
 -0.78209214696441509     
   1.7908239932400736     
  0.61614737867587799     
  -1.7925004263794644     
 -0.22805828007850662     
   1.8179781542852649     
 -0.22805828007850662     
  -1.7925004263794644     
  0.61614737867587799     
   1.7908239932400736     
 -0.78209214696441509     
  -2.0222973755331339     
  0.34342998289915538     
   2.5687255950530585     
   2.3095940057666318     
   1.0223692585132822     
  0.24578546827990883     
   3.0259460312689487E-002
   1.5887314978817245E-003
   2.3794523597784521E-005
   3.7750637564050329E-008
   1.7176406687551406E-013
*****  m =   15  l =   24
   3.6367218792754141E-013
   7.8600966677408008E-008
   4.8028009728853521E-005
   3.0589748534299698E-003
   5.4504724103995247E-002
  0.40362512828789504     
   1.4718499744213227     
   2.7018652985867417     
   1.8793676481144721     
  -1.1338753461194375     
  -1.8367362079443876     
   1.0467274172651966     
   1.4673582032967212     
  -1.4219782987782432     
 -0.84196589075484085     
   1.7463688891364599     
   0.0000000000000000     
  -1.7463688891364599     
  0.84196589075484085     
   1.4219782987782432     
  -1.4673582032967212     
  -1.0467274172651966     
   1.8367362079443876     
   1.1338753461194375     
  -1.8793676481144721     
  -2.7018652985867417     
  -1.4718499744213227     
 -0.40362512828789504     
  -5.4504724103995247E-002
  -3.0589748534299698E-003
  -4.8028009728853521E-005
  -7.8600966677408008E-008
  -3.6367218792754141E-013
*****  m =   15  l =   25
   7.3905071119996407E-013
   1.5696518260062196E-007
   9.2844592931001384E-005
   5.6268900402259266E-003
   9.3399616357089696E-002
  0.62577560906148255     
   1.9681563605808257     
   2.7925846485471033     
  0.69586566668857619     
  -2.0646190083613254     
 -0.47539866379059526     
   1.9453365962410025     
 -0.40387317290715674     
  -1.5879229826141610     
   1.3567571873680304     
  0.63124289587469551     
  -1.7739786218979201     
  0.63124289587469551     
   1.3567571873680304     
  -1.5879229826141610     
 -0.40387317290715674     
   1.9453365962410025     
 -0.47539866379059526     
  -2.0646190083613254     
  0.69586566668857619     
   2.7925846485471033     
   1.9681563605808257     
  0.62577560906148255     
   9.3399616357089696E-002
   5.6268900402259266E-003
   9.2844592931001384E-005
   1.5696518260062196E-007
   7.3905071119996407E-013
*****  m =   15  l =   26
   1.4484356934458457E-012
   3.0208113804116338E-007
   1.7271380160057860E-004
   9.9347511200556862E-003
  0.15293426079468234     
  0.91912445975948276     
   2.4427353747391596     
   2.4621889226841991     
 -0.67936529300194415     
  -1.9738723409106489     
   1.1782088910020110     
   1.1266929228770299     
  -1.7994141588351547     
  0.31356463721098954     
   1.4439241309646307     
  -1.5657842110303883     
  -0.0000000000000000     
   1.5657842110303883     
  -1.4439241309646307     
 -0.31356463721098954     
   1.7994141588351547     
  -1.1266929228770299     
  -1.1782088910020110     
   1.9738723409106489     
  0.67936529300194415     
  -2.4621889226841991     
  -2.4427353747391596     
 -0.91912445975948276     
 -0.15293426079468234     
  -9.9347511200556862E-003
  -1.7271380160057860E-004
  -3.0208113804116338E-007
  -1.4484356934458457E-012
*****  m =   15  l =   27
   2.7484167405597430E-012
   5.6245107044944974E-007
   3.1037894899519486E-004
   1.6900111011785568E-002
  0.24011812274886402     
   1.2818421976596250     
   2.8024728277382049     
   1.6813461553919575     
  -1.7974237890477158     
 -0.86865349713421958     
   1.9783821627166482     
 -0.68666945546758540     
  -1.1885785250990040     
   1.7692530091164225     
 -0.68540005491300238     
 -0.97268430696562869     
   1.7426799770317343     
 -0.97268430696562869     
 -0.68540005491300238     
   1.7692530091164225     
  -1.1885785250990040     
 -0.68666945546758540     
   1.9783821627166482     
 -0.86865349713421958     
  -1.7974237890477158     
   1.6813461553919575     
   2.8024728277382049     
   1.2818421976596250     
  0.24011812274886402     
   1.6900111011785568E-002
   3.1037894899519486E-004
   5.6245107044944974E-007
   2.7484167405597430E-012
*****  m =   15  l =   28
   5.0656652525123247E-012
   1.0164763672816010E-006
   5.4057073753395273E-004
   2.7785880677588668E-002
  0.36249780916619240     
   1.6995193187436057     
   2.9448947183327450     
  0.55071283352421441     
  -2.2328851085675434     
  0.68835291252780939     
   1.3388137237913562     
  -1.8442429848950743     
  0.74074758261651497     
  0.85438149386749296     
  -1.7244659937881335     
   1.3261677250658115     
   0.0000000000000000     
  -1.3261677250658115     
   1.7244659937881335     
 -0.85438149386749296     
 -0.74074758261651497     
   1.8442429848950743     
  -1.3388137237913562     
 -0.68835291252780939     
   2.2328851085675434     
 -0.55071283352421441     
  -2.9448947183327450     
  -1.6995193187436057     
 -0.36249780916619240     
  -2.7785880677588668E-002
  -5.4057073753395273E-004
  -1.0164763672816010E-006
  -5.0656652525123247E-012
*****  m =   15  l =   29
   9.0939367590806648E-012
   1.7879301321756553E-006
   9.1492658611455114E-004
   4.4268284551495368E-002
  0.52734263974198359     
   2.1424296827358127     
   2.7820506790542470     
 -0.69738115018444102     
  -1.7833318163078886     
   1.8385427952776527     
 -0.28341228799366525     
  -1.2695898577740756     
   1.8067579214855745     
  -1.1914318828044694     
  -7.4971163678966279E-002
   1.2498217773064377     
  -1.7194036733014753     
   1.2498217773064377     
  -7.4971163678966279E-002
  -1.1914318828044694     
   1.8067579214855745     
  -1.2695898577740756     
 -0.28341228799366525     
   1.8385427952776527     
  -1.7833318163078886     
 -0.69738115018444102     
   2.7820506790542470     
   2.1424296827358127     
  0.52734263974198359     
   4.4268284551495368E-002
   9.1492658611455114E-004
   1.7879301321756553E-006
   9.0939367590806648E-012
*****  m =   15  l =   30
   1.5938418635793256E-011
   3.0680262959265159E-006
   1.5083297773707677E-003
   6.8493080597867975E-002
  0.74049217891816677     
   2.5650633192764425     
   2.2684831689848606     
  -1.7475129275672512     
 -0.60062997592848977     
   1.9104246321419633     
  -1.6721419767663581     
  0.49793280169443460     
  0.79630640537501518     
  -1.6080745213844316     
   1.6719247948898017     
  -1.0403691174368270     
  -0.0000000000000000     
   1.0403691174368270     
  -1.6719247948898017     
   1.6080745213844316     
 -0.79630640537501518     
 -0.49793280169443460     
   1.6721419767663581     
  -1.9104246321419633     
  0.60062997592848977     
   1.7475129275672512     
  -2.2684831689848606     
  -2.5650633192764425     
 -0.74049217891816677     
  -6.8493080597867975E-002
  -1.5083297773707677E-003
  -3.0680262959265159E-006
  -1.5938418635793256E-011
*****  m =   15  l =   31
   2.7327029678660926E-011
   5.1463235632521772E-006
   2.4268586669989969E-003
  0.10310771007196805     
   1.0049222863469989     
   2.9089203863776150     
   1.4257248104343028     
  -2.2936862130951159     
  0.82911767186808538     
  0.84455339022773845     
  -1.7575839200139267     
   1.7704953116776305     
  -1.1213658178658987     
  0.15894986855351817     
  0.78647061148911679     
  -1.4594056893883718     
   1.7015123214525718     
  -1.4594056893883718     
  0.78647061148911679     
  0.15894986855351817     
  -1.1213658178658987     
   1.7704953116776305     
  -1.7575839200139267     
  0.84455339022773845     
  0.82911767186808538     
  -2.2936862130951159     
   1.4257248104343028     
   2.9089203863776150     
   1.0049222863469989     
  0.10310771007196805     
   2.4268586669989969E-003
   5.1463235632521772E-006
   2.7327029678660926E-011
*****  m =   15  l =   32
   4.5915076262933532E-011
   8.4532640833650884E-006
   3.8174856348948349E-003
  0.15125493398928069     
   1.3191614445141902     
   3.1090822351272132     
  0.35456242553312278     
  -2.1487718711871020     
   1.8746918116572062     
 -0.72595957528290689     
 -0.46568867842164879     
   1.3177817093930724     
  -1.7189311889943579     
   1.6930707230071145     
  -1.3244828946292693     
  0.72137995303830460     
   0.0000000000000000     
 -0.72137995303830460     
   1.3244828946292693     
  -1.6930707230071145     
   1.7189311889943579     
  -1.3177817093930724     
  0.46568867842164879     
  0.72595957528290689     
  -1.8746918116572062     
   2.1487718711871020     
 -0.35456242553312278     
  -3.1090822351272132     
  -1.3191614445141902     
 -0.15125493398928069     
  -3.8174856348948349E-003
  -8.4532640833650884E-006
  -4.5915076262933532E-011
*****  m =   16  l =   16
   1.4898825034352629E-018
   8.3451707174535175E-013
   9.9904889384749082E-010
   1.2101406359560018E-007
   4.3209692682691554E-006
   7.1320210487855879E-005
   6.8598968368465394E-004
   4.3990341290025842E-003
   2.0471835141469750E-002
   7.3155247903988418E-002
  0.20874311477893492     
  0.48902108808352751     
  0.95957981577066875     
   1.6000016361818450     
   2.2900354261340308     
   2.8324686841520403     
   3.0391932564471209     
   2.8324686841520403     
   2.2900354261340308     
   1.6000016361818450     
  0.95957981577066875     
  0.48902108808352751     
  0.20874311477893492     
   7.3155247903988418E-002
   2.0471835141469750E-002
   4.3990341290025842E-003
   6.8598968368465394E-004
   7.1320210487855879E-005
   4.3209692682691554E-006
   1.2101406359560018E-007
   9.9904889384749082E-010
   8.3451707174535175E-013
   1.4898825034352629E-018
*****  m =   16  l =   17
   8.7915643335985634E-018
   4.8702005548375658E-012
   5.7143613314854018E-009
   6.7203838748045699E-007
   2.3066103032964948E-005
   3.6202520833996841E-004
   3.2717048792272464E-003
   1.9446701224790378E-002
   8.2566609687451206E-002
  0.26410817813081916     
  0.65870502037824585     
   1.3072417600743986     
   2.0796899234233872     
   2.6277747948251142     
   2.5258856401121519     
   1.5689861372259224     
   0.0000000000000000     
  -1.5689861372259224     
  -2.5258856401121519     
  -2.6277747948251142     
  -2.0796899234233872     
  -1.3072417600743986     
 -0.65870502037824585     
 -0.26410817813081916     
  -8.2566609687451206E-002
  -1.9446701224790378E-002
  -3.2717048792272464E-003
  -3.6202520833996841E-004
  -2.3066103032964948E-005
  -6.7203838748045699E-007
  -5.7143613314854018E-009
  -4.8702005548375658E-012
  -8.7915643335985634E-018
*****  m =   16  l =   18
   3.7168199590890293E-017
   2.0349907057515284E-011
   2.3372938836207933E-008
   2.6636873190135270E-006
   8.7639396922864509E-005
   1.3029282407999170E-003
   1.1004030438598844E-002
   6.0168470072495955E-002
  0.23053877435380948     
  0.64937638901951900     
   1.3792834057265386     
   2.2169666148332738     
   2.6169490278708594     
   2.0032505178455349     
  0.36586413598415657     
  -1.4482608282526601     
  -2.2418405616133326     
  -1.4482608282526601     
  0.36586413598415657     
   2.0032505178455349     
   2.6169490278708594     
   2.2169666148332738     
   1.3792834057265386     
  0.64937638901951900     
  0.23053877435380948     
   6.0168470072495955E-002
   1.1004030438598844E-002
   1.3029282407999170E-003
   8.7639396922864509E-005
   2.6636873190135270E-006
   2.3372938836207933E-008
   2.0349907057515284E-011
   3.7168199590890293E-017
*****  m =   16  l =   19
   1.2996438189205463E-016
   7.0280909340259042E-011
   7.8917687509299122E-008
   8.6983897586289515E-006
   2.7356032684329299E-004
   3.8367633480831920E-003
   3.0106853978206848E-002
  0.15015200848980989     
  0.51249495732149664     
   1.2446954535622741     
   2.1677614397919207     
   2.6030847228671563     
   1.7873234553461965     
 -0.17065290843719277     
  -1.8928445586310203     
  -1.8355332856130744     
  -0.0000000000000000     
   1.8355332856130744     
   1.8928445586310203     
  0.17065290843719277     
  -1.7873234553461965     
  -2.6030847228671563     
  -2.1677614397919207     
  -1.2446954535622741     
 -0.51249495732149664     
 -0.15015200848980989     
  -3.0106853978206848E-002
  -3.8367633480831920E-003
  -2.7356032684329299E-004
  -8.6983897586289515E-006
  -7.8917687509299122E-008
  -7.0280909340259042E-011
  -1.2996438189205463E-016
*****  m =   16  l =   20
   3.9855393123337453E-016
   2.1273221549591462E-010
   2.3324233614566499E-007
   2.4814241286864044E-005
   7.4375860280623003E-004
   9.7986533845337044E-003
   7.0986722654931320E-002
  0.31979239767291812     
  0.95702196691015307     
   1.9473797588826915     
   2.6131841404051785     
   1.9266546062491896     
 -0.17046437847712778     
  -1.9585598801308624     
  -1.5048377508013635     
  0.72912353547908848     
   2.0151584148213901     
  0.72912353547908848     
  -1.5048377508013635     
  -1.9585598801308624     
 -0.17046437847712778     
   1.9266546062491896     
   2.6131841404051785     
   1.9473797588826915     
  0.95702196691015307     
  0.31979239767291812     
   7.0986722654931320E-002
   9.7986533845337044E-003
   7.4375860280623003E-004
   2.4814241286864044E-005
   2.3324233614566499E-007
   2.1273221549591462E-010
   3.9855393123337453E-016
*****  m =   16  l =   21
   1.1067791837441117E-015
   5.8270718036102329E-010
   6.2302768692356329E-007
   6.3847897114418817E-005
   1.8182956930717746E-003
   2.2399307525744899E-002
  0.14876978437597899     
  0.59857109465239733     
   1.5393020201490435     
   2.5154576414006122     
   2.2946305485138345     
  0.27594724006406507     
  -1.8485496858994366     
  -1.5203669933389683     
  0.88742740427464695     
   1.9111801676271285     
   0.0000000000000000     
  -1.9111801676271285     
 -0.88742740427464695     
   1.5203669933389683     
   1.8485496858994366     
 -0.27594724006406507     
  -2.2946305485138345     
  -2.5154576414006122     
  -1.5393020201490435     
 -0.59857109465239733     
 -0.14876978437597899     
  -2.2399307525744899E-002
  -1.8182956930717746E-003
  -6.3847897114418817E-005
  -6.2302768692356329E-007
  -5.8270718036102329E-010
  -1.1067791837441117E-015
*****  m =   16  l =   22
   2.8398717585132333E-015
   1.4738063747014509E-009
   1.5346886572838157E-006
   1.5118271733228152E-004
   4.0777724643022029E-003
   4.6741664305409956E-002
  0.28239988314403630     
   1.0012096613488539     
   2.1539672408140449     
   2.6341661081935248     
   1.0995284639372194     
  -1.4549391947714085     
  -1.8119540612624547     
  0.61871245042061118     
   1.9021074233725224     
 -0.16676367900506031     
  -1.9016998035632438     
 -0.16676367900506031     
   1.9021074233725224     
  0.61871245042061118     
  -1.8119540612624547     
  -1.4549391947714085     
   1.0995284639372194     
   2.6341661081935248     
   2.1539672408140449     
   1.0012096613488539     
  0.28239988314403630     
   4.6741664305409956E-002
   4.0777724643022029E-003
   1.5118271733228152E-004
   1.5346886572838157E-006
   1.4738063747014509E-009
   2.8398717585132333E-015
*****  m =   16  l =   23
   6.8266558611962574E-015
   3.4898766463245620E-009
   3.5346526841795414E-006
   3.3400037795963222E-004
   8.5040566890220628E-003
   9.0226180083693444E-002
  0.49152696131001178     
   1.5104535069661549     
   2.6165049297069647     
   2.0708865131818004     
 -0.55997406509900693     
  -2.0934889871355535     
  -8.1417669608424115E-002
   1.9306860989190133     
  0.13918786119716517     
  -1.8694675291838627     
  -0.0000000000000000     
   1.8694675291838627     
 -0.13918786119716517     
  -1.9306860989190133     
   8.1417669608424115E-002
   2.0934889871355535     
  0.55997406509900693     
  -2.0708865131818004     
  -2.6165049297069647     
  -1.5104535069661549     
 -0.49152696131001178     
  -9.0226180083693444E-002
  -8.5040566890220628E-003
  -3.3400037795963222E-004
  -3.5346526841795414E-006
  -3.4898766463245620E-009
  -6.8266558611962574E-015
*****  m =   16  l =   24
   1.5529561460890972E-014
   7.8149926776691478E-009
   7.6886401006423023E-006
   6.9537766328772147E-004
   1.6655039391917970E-002
  0.16263020263967612     
  0.79083696504183565     
   2.0628562798018812     
   2.7092310597956990     
  0.85136663700495718     
  -1.8610335570997460     
  -1.1353740786279747     
   1.6663908463895636     
  0.84153202109158887     
  -1.7636821156710463     
 -0.30884932755299871     
   1.8329055198798203     
 -0.30884932755299871     
  -1.7636821156710463     
  0.84153202109158887     
   1.6663908463895636     
  -1.1353740786279747     
  -1.8610335570997460     
  0.85136663700495718     
   2.7092310597956990     
   2.0628562798018812     
  0.79083696504183565     
  0.16263020263967612     
   1.6655039391917970E-002
   6.9537766328772147E-004
   7.6886401006423023E-006
   7.8149926776691478E-009
   1.5529561460890972E-014
*****  m =   16  l =   25
   3.3687414812084716E-014
   1.6676702609779540E-008
   1.5916076293495520E-005
   1.3746930586884234E-003
   3.0859379980625080E-002
  0.27560631592613616     
   1.1823162464013675     
   2.5461488311834453     
   2.2683446531769880     
 -0.65684320121274176     
  -2.0400572359427671     
  0.69573947500562305     
   1.6676374099384745     
  -1.2649196425877003     
 -0.99073256667593135     
   1.7382378228708917     
   0.0000000000000000     
  -1.7382378228708917     
  0.99073256667593135     
   1.2649196425877003     
  -1.6676374099384745     
 -0.69573947500562305     
   2.0400572359427671     
  0.65684320121274176     
  -2.2683446531769880     
  -2.5461488311834453     
  -1.1823162464013675     
 -0.27560631592613616     
  -3.0859379980625080E-002
  -1.3746930586884234E-003
  -1.5916076293495520E-005
  -1.6676702609779540E-008
  -3.3687414812084716E-014
*****  m =   16  l =   26
   7.0101870637877538E-014
   3.4115348508169214E-008
   3.1542330165699695E-005
   2.5957462005024496E-003
   5.4403194512533427E-002
  0.44136454645701223     
   1.6470594815055060     
   2.8156172719944235     
   1.2819880286282652     
  -1.8467998310970117     
 -0.94629637726807736     
   1.9043114132572958     
  -7.4618218113667575E-002
  -1.7111801606006698     
   1.2506992392581244     
  0.71395878804167157     
  -1.7867694230265543     
  0.71395878804167157     
   1.2506992392581244     
  -1.7111801606006698     
  -7.4618218113667575E-002
   1.9043114132572958     
 -0.94629637726807736     
  -1.8467998310970117     
   1.2819880286282652     
   2.8156172719944235     
   1.6470594815055060     
  0.44136454645701223     
   5.4403194512533427E-002
   2.5957462005024496E-003
   3.1542330165699695E-005
   3.4115348508169214E-008
   7.0101870637877538E-014
*****  m =   16  l =   27
   1.4061412515239710E-013
   6.7224902359613512E-008
   6.0130907098390110E-005
   4.7036539933530633E-003
   9.1665122214703965E-002
  0.67041015346460886     
   2.1392777309728870     
   2.7313867477131777     
  -5.0092746329964570E-002
  -2.1549979685033138     
  0.74330389214504844     
   1.4552697389033933     
  -1.6997545543584951     
   5.8524676480039763E-002
   1.5483650235903605     
  -1.5350295093438633     
  -0.0000000000000000     
   1.5350295093438633     
  -1.5483650235903605     
  -5.8524676480039763E-002
   1.6997545543584951     
  -1.4552697389033933     
 -0.74330389214504844     
   2.1549979685033138     
   5.0092746329964570E-002
  -2.7313867477131777     
  -2.1392777309728870     
 -0.67041015346460886     
  -9.1665122214703965E-002
  -4.7036539933530633E-003
  -6.0130907098390110E-005
  -6.7224902359613512E-008
  -1.4061412515239710E-013
*****  m =   16  l =   28
   2.7294325399954378E-013
   1.2810220770639160E-007
   1.1069933702826122E-004
   8.2108808710133693E-003
  0.14814218167289137     
  0.96841177677576884     
   2.5856692490759454     
   2.2095686284610698     
  -1.3415501375937315     
  -1.3917024938202598     
   1.8949184711747502     
 -0.26689533923393793     
  -1.4440584725388512     
   1.7192004957128246     
 -0.52420912687211441     
  -1.0510053724572599     
   1.7538062519919804     
  -1.0510053724572599     
 -0.52420912687211441     
   1.7192004957128246     
  -1.4440584725388512     
 -0.26689533923393793     
   1.8949184711747502     
  -1.3917024938202598     
  -1.3415501375937315     
   2.2095686284610698     
   2.5856692490759454     
  0.96841177677576884     
  0.14814218167289137     
   8.2108808710133693E-003
   1.1069933702826122E-004
   1.2810220770639160E-007
   2.7294325399954378E-013
*****  m =   16  l =   29
   5.1437596091791597E-013
   2.3683644662978953E-007
   1.9744503241283430E-004
   1.3851619645515373E-002
  0.23030036976610080     
   1.3325557613707033     
   2.8928303322969091     
   1.2710404059642686     
  -2.1435455819072744     
   8.4197527273073419E-002
   1.6919842906444187     
  -1.7210962047178873     
  0.40412182309779032     
   1.0867285768588635     
  -1.7578809678305782     
   1.2744845604585437     
   0.0000000000000000     
  -1.2744845604585437     
   1.7578809678305782     
  -1.0867285768588635     
 -0.40412182309779032     
   1.7210962047178873     
  -1.6919842906444187     
  -8.4197527273073419E-002
   2.1435455819072744     
  -1.2710404059642686     
  -2.8928303322969091     
  -1.3325557613707033     
 -0.23030036976610080     
  -1.3851619645515373E-002
  -1.9744503241283430E-004
  -2.3683644662978953E-007
  -5.1437596091791597E-013
*****  m =   16  l =   30
   9.4374157488310932E-013
   4.2599425016556871E-007
   3.4212893297849391E-004
   2.2642139044437869E-002
  0.34518563076428532     
   1.7480501741186851     
   2.9636843007198697     
   6.6673376674386234E-002
  -2.1318484446802990     
   1.4936376630094013     
  0.26515506142036738     
  -1.5752813820689218     
   1.7737747842211871     
 -0.98188944582411708     
 -0.25792074927137665     
   1.3183565177743588     
  -1.7291955250171291     
   1.3183565177743588     
 -0.25792074927137665     
 -0.98188944582411708     
   1.7737747842211871     
  -1.5752813820689218     
  0.26515506142036738     
   1.4936376630094013     
  -2.1318484446802990     
   6.6673376674386234E-002
   2.9636843007198697     
   1.7480501741186851     
  0.34518563076428532     
   2.2642139044437869E-002
   3.4212893297849391E-004
   4.2599425016556871E-007
   9.4374157488310932E-013
*****  m =   16  l =   31
   1.6897162506953348E-012
   7.4721373710391430E-007
   5.7728268493958013E-004
   3.5942694488635879E-002
  0.49974678793240834     
   2.1856955027484557     
   2.7211776311917886     
  -1.1389947265435942     
  -1.2761870582777439     
   2.0449256825489850     
  -1.3408418814639720     
   3.7945062218625758E-002
   1.1180078765111767     
  -1.7096916064733536     
   1.6238592976034112     
 -0.97051479902481164     
  -0.0000000000000000     
  0.97051479902481164     
  -1.6238592976034112     
   1.7096916064733536     
  -1.1180078765111767     
  -3.7945062218625758E-002
   1.3408418814639720     
  -2.0449256825489850     
   1.2761870582777439     
   1.1389947265435942     
  -2.7211776311917886     
  -2.1856955027484557     
 -0.49974678793240834     
  -3.5942694488635879E-002
  -5.7728268493958013E-004
  -7.4721373710391430E-007
  -1.6897162506953348E-012
*****  m =   16  l =   32
   2.9583272801319768E-012
   1.2807187349344809E-006
   9.5041610807883510E-004
   5.5514283386397308E-002
  0.69985489029558445     
   2.6015424965879443     
   2.1343926784224223     
  -2.0312133000075661     
   9.9469752261123423E-002
   1.4043106722664163     
  -1.9137064854327981     
   1.5975780208561936     
 -0.80855496736732502     
 -0.12485813457592224     
  0.95417772050035887     
  -1.5137133014180704     
   1.7102114598657909     
  -1.5137133014180704     
  0.95417772050035887     
 -0.12485813457592224     
 -0.80855496736732502     
   1.5975780208561936     
  -1.9137064854327981     
   1.4043106722664163     
   9.9469752261123423E-002
  -2.0312133000075661     
   2.1343926784224223     
   2.6015424965879443     
  0.69985489029558445     
   5.5514283386397308E-002
   9.5041610807883510E-004
   1.2807187349344809E-006
   2.9583272801319768E-012
*****  m =   17  l =   17
   1.0841670151428238E-019
   1.3888236260624521E-013
   2.5893042465738943E-010
   4.2328731491764974E-008
   1.8898492818762016E-006
   3.7167262384556856E-005
   4.1182205600101248E-004
   2.9661242083501619E-003
   1.5195893559855084E-002
   5.8800767952345442E-002
  0.17914722625907611     
  0.44262172939740496     
  0.90590642974831770     
   1.5595529419765493     
   2.2827297937691493     
   2.8611959764681831     
   3.0835633882169975     
   2.8611959764681831     
   2.2827297937691493     
   1.5595529419765493     
  0.90590642974831770     
  0.44262172939740496     
  0.17914722625907611     
   5.8800767952345442E-002
   1.5195893559855084E-002
   2.9661242083501619E-003
   4.1182205600101248E-004
   3.7167262384556856E-005
   1.8898492818762016E-006
   4.2328731491764974E-008
   2.5893042465738943E-010
   1.3888236260624521E-013
   1.0841670151428238E-019
*****  m =   17  l =   18
   6.5777470489058427E-019
   8.3334638558875458E-013
   1.5227579602393621E-009
   2.4169091733689844E-007
   1.0372586373524543E-005
   1.9397850565999758E-004
   2.0194494167703990E-003
   1.3481703878259416E-002
   6.3014538409592799E-002
  0.21826605601633497     
  0.58124033197102909     
   1.2165442096179020     
   2.0186808599178709     
   2.6335082185115257     
   2.5887662031250063     
   1.6295527927942450     
   0.0000000000000000     
  -1.6295527927942450     
  -2.5887662031250063     
  -2.6335082185115257     
  -2.0186808599178709     
  -1.2165442096179020     
 -0.58124033197102909     
 -0.21826605601633497     
  -6.3014538409592799E-002
  -1.3481703878259416E-002
  -2.0194494167703990E-003
  -1.9397850565999758E-004
  -1.0372586373524543E-005
  -2.4169091733689844E-007
  -1.5227579602393621E-009
  -8.3334638558875458E-013
  -6.5777470489058427E-019
*****  m =   17  l =   19
   2.8573444531680521E-018
   3.5779739142593972E-012
   6.4003324620645826E-009
   9.8451417704946347E-007
   4.0509010396030744E-005
   7.1774243931735143E-004
   6.9851429153100827E-003
   4.2915927015994039E-002
  0.18113474387409315     
  0.55301096859048859     
   1.2560808539295139     
   2.1351117469457672     
   2.6439573126587597     
   2.1251193525297003     
  0.48066997628473429     
  -1.4227287800853934     
  -2.2694412050746813     
  -1.4227287800853934     
  0.48066997628473429     
   2.1251193525297003     
   2.6439573126587597     
   2.1351117469457672     
   1.2560808539295139     
  0.55301096859048859     
  0.18113474387409315     
   4.2915927015994039E-002
   6.9851429153100827E-003
   7.1774243931735143E-004
   4.0509010396030744E-005
   9.8451417704946347E-007
   6.4003324620645826E-009
   3.5779739142593972E-012
   2.8573444531680521E-018
*****  m =   17  l =   20
   1.0259301305423184E-017
   1.2689558166379925E-011
   2.2195169114304501E-008
   3.3026841735021870E-006
   1.2993703647039837E-004
   2.1728929954665721E-003
   1.9660658544776253E-002
  0.11028282893641024     
  0.41525785205123106     
   1.0958046494882507     
   2.0500973994076643     
   2.6302650519523167     
   1.9647656569068119     
   6.4316668964083824E-003
  -1.8546364107477327     
  -1.8871399272116667     
  -0.0000000000000000     
   1.8871399272116667     
   1.8546364107477327     
  -6.4316668964083824E-003
  -1.9647656569068119     
  -2.6302650519523167     
  -2.0500973994076643     
  -1.0958046494882507     
 -0.41525785205123106     
 -0.11028282893641024     
  -1.9660658544776253E-002
  -2.1728929954665721E-003
  -1.2993703647039837E-004
  -3.3026841735021870E-006
  -2.2195169114304501E-008
  -1.2689558166379925E-011
  -1.0259301305423184E-017
*****  m =   17  l =   21
   3.2286039829953391E-017
   3.9420743494253205E-011
   6.7338816589430507E-008
   9.6749268734132300E-006
   3.6294821026119380E-004
   5.7053958400201700E-003
   4.7711187041695302E-002
  0.24214235267052178     
  0.80159692180873365     
   1.7811814982039753     
   2.5970282402655371     
   2.1317523201013806     
   7.8867460529850511E-002
  -1.9008061347099208     
  -1.6089167080605749     
  0.67485906152836284     
   2.0363881237361832     
  0.67485906152836284     
  -1.6089167080605749     
  -1.9008061347099208     
   7.8867460529850511E-002
   2.1317523201013806     
   2.5970282402655371     
   1.7811814982039753     
  0.80159692180873365     
  0.24214235267052178     
   4.7711187041695302E-002
   5.7053958400201700E-003
   3.6294821026119380E-004
   9.6749268734132300E-006
   6.7338816589430507E-008
   3.9420743494253205E-011
   3.2286039829953391E-017
*****  m =   17  l =   22
   9.1952710187908813E-017
   1.1075981622852736E-010
   1.8455635209366150E-007
   2.5553678134784984E-005
   9.1145147921376402E-004
   1.3410775126186112E-002
  0.10297670596797855     
  0.46795920857779166     
   1.3373506550201479     
   2.4104337024656415     
   2.4673570497911399     
  0.60140322581011307     
  -1.7262991144003819     
  -1.6681926857024161     
  0.77052998730317501     
   1.9445595988134619     
   0.0000000000000000     
  -1.9445595988134619     
 -0.77052998730317501     
   1.6681926857024161     
   1.7262991144003819     
 -0.60140322581011307     
  -2.4673570497911399     
  -2.4104337024656415     
  -1.3373506550201479     
 -0.46795920857779166     
 -0.10297670596797855     
  -1.3410775126186112E-002
  -9.1145147921376402E-004
  -2.5553678134784984E-005
  -1.8455635209366150E-007
  -1.1075981622852736E-010
  -9.1952710187908813E-017
*****  m =   17  l =   23
   2.4184076325312897E-016
   2.8719728171990974E-010
   4.6623573715572083E-007
   6.2090275136609659E-005
   2.0993826364717029E-003
   2.8781595529256635E-002
  0.20147782707321840     
  0.80984508677327116     
   1.9510935353312930     
   2.6880859866791438     
   1.4594572753825215     
  -1.2022267806684579     
  -1.9516897159313384     
  0.41651484800916172     
   1.9426703632591256     
  -9.5480266768023458E-002
  -1.9190528780690597     
  -9.5480266768023458E-002
   1.9426703632591256     
  0.41651484800916172     
  -1.9516897159313384     
  -1.2022267806684579     
   1.4594572753825215     
   2.6880859866791438     
   1.9510935353312930     
  0.80984508677327116     
  0.20147782707321840     
   2.8781595529256635E-002
   2.0993826364717029E-003
   6.2090275136609659E-005
   4.6623573715572083E-007
   2.8719728171990974E-010
   2.4184076325312897E-016
*****  m =   17  l =   24
   5.9556192171088045E-016
   6.9684376545668100E-010
   1.1007941978137822E-006
   1.4071828795970737E-004
   4.4963327687125385E-003
   5.7157017901546453E-002
  0.36183954320357525     
   1.2676600222514134     
   2.4917360165784155     
   2.3466475505014301     
 -0.14927386974851517     
  -2.1126975802461896     
 -0.37805153806107483     
   1.9193963475474247     
  0.29072017619074886     
  -1.8808960136173458     
  -0.0000000000000000     
   1.8808960136173458     
 -0.29072017619074886     
  -1.9193963475474247     
  0.37805153806107483     
   2.1126975802461896     
  0.14927386974851517     
  -2.3466475505014301     
  -2.4917360165784155     
  -1.2676600222514134     
 -0.36183954320357525     
  -5.7157017901546453E-002
  -4.4963327687125385E-003
  -1.4071828795970737E-004
  -1.1007941978137822E-006
  -6.9684376545668100E-010
  -5.9556192171088045E-016
*****  m =   17  l =   25
   1.3871916205029166E-015
   1.5981819125944944E-009
   2.4535998824079555E-006
   3.0046036272630755E-004
   9.0433264063193193E-003
  0.10603518789234445     
  0.60155162806855489     
   1.8036088933164123     
   2.7542575252820996     
   1.3174649065485775     
  -1.6222140100846267     
  -1.4459976524174896     
   1.5012622138029676     
   1.0521606114129061     
  -1.7224622089695234     
 -0.38836179225889045     
   1.8475423843967562     
 -0.38836179225889045     
  -1.7224622089695234     
   1.0521606114129061     
   1.5012622138029676     
  -1.4459976524174896     
  -1.6222140100846267     
   1.3174649065485775     
   2.7542575252820996     
   1.8036088933164123     
  0.60155162806855489     
  0.10603518789234445     
   9.0433264063193193E-003
   3.0046036272630755E-004
   2.4535998824079555E-006
   1.5981819125944944E-009
   1.3871916205029166E-015
*****  m =   17  l =   26
   3.0795163297905731E-015
   3.4912109703228961E-009
   5.2025439819878250E-006
   6.0901654379401783E-004
   1.7208013600093646E-002
  0.18505265241543892     
  0.93098391725231511     
   2.3333105323475860     
   2.5476705987015524     
 -0.14930461513188290     
  -2.1421029732986483     
  0.32059679945786723     
   1.8198324406794217     
  -1.0880851988015214     
  -1.1304284684584511     
   1.7266151546819113     
   0.0000000000000000     
  -1.7266151546819113     
   1.1304284684584511     
   1.0880851988015214     
  -1.8198324406794217     
 -0.32059679945786723     
   2.1421029732986483     
  0.14930461513188290     
  -2.5476705987015524     
  -2.3333105323475860     
 -0.93098391725231511     
 -0.18505265241543892     
  -1.7208013600093646E-002
  -6.0901654379401783E-004
  -5.2025439819878250E-006
  -3.4912109703228961E-009
  -3.0795163297905731E-015
*****  m =   17  l =   27
   6.5549571603665908E-015
   7.3078357311202839E-009
   1.0556975505285721E-005
   1.1788267131239022E-003
   3.1157746803946017E-002
  0.30540692549813214     
   1.3459138470218335     
   2.7310819585612216     
   1.7879963259419935     
  -1.5176255347809169     
  -1.3609708674068797     
   1.7811534393770030     
  0.25384612772716414     
  -1.8022058146194224     
   1.1350813645607924     
  0.79434545137385015     
  -1.7993672482953722     
  0.79434545137385015     
   1.1350813645607924     
  -1.8022058146194224     
  0.25384612772716414     
   1.7811534393770030     
  -1.3609708674068797     
  -1.5176255347809169     
   1.7879963259419935     
   2.7310819585612216     
   1.3459138470218335     
  0.30540692549813214     
   3.1157746803946017E-002
   1.1788267131239022E-003
   1.0556975505285721E-005
   7.3078357311202839E-009
   6.5549571603665908E-015
*****  m =   17  l =   28
   1.3442832215147318E-014
   1.4728395343727631E-008
   2.0599629659697080E-005
   2.1893169406327099E-003
   5.3927453817683733E-002
  0.47852481424677989     
   1.8203266675851797     
   2.8543989095894942     
  0.57662531407439843     
  -2.1847015843503215     
  0.26753999004798917     
   1.7119444790878571     
  -1.5452930822649820     
 -0.19521863801279360     
   1.6378395644771253     
  -1.5010061006043416     
  -0.0000000000000000     
   1.5010061006043416     
  -1.6378395644771253     
  0.19521863801279360     
   1.5452930822649820     
  -1.7119444790878571     
 -0.26753999004798917     
   2.1847015843503215     
 -0.57662531407439843     
  -2.8543989095894942     
  -1.8203266675851797     
 -0.47852481424677989     
  -5.3927453817683733E-002
  -2.1893169406327099E-003
  -2.0599629659697080E-005
  -1.4728395343727631E-008
  -1.3442832215147318E-014
*****  m =   17  l =   29
   2.6666121686501523E-014
   2.8693893933342790E-008
   3.8804466760512900E-005
   3.9163688327033749E-003
   8.9546158591507580E-002
  0.71388124993265978     
   2.3020802581074937     
   2.5859446598951217     
 -0.78336642556620273     
  -1.8022227667493202     
   1.6870626708732233     
  0.16237198197619551     
  -1.6462660721416575     
   1.6338253664180984     
 -0.35957350390667142     
  -1.1259827369696451     
   1.7648082810644858     
  -1.1259827369696451     
 -0.35957350390667142     
   1.6338253664180984     
  -1.6462660721416575     
  0.16237198197619551     
   1.6870626708732233     
  -1.8022227667493202     
 -0.78336642556620273     
   2.5859446598951217     
   2.3020802581074937     
  0.71388124993265978     
   8.9546158591507580E-002
   3.9163688327033749E-003
   3.8804466760512900E-005
   2.8693893933342790E-008
   2.6666121686501523E-014
*****  m =   17  l =   30
   5.1334043241113182E-014
   5.4214831484991175E-008
   7.0798820431901800E-005
   6.7696189523081905E-003
  0.14307372732742951     
   1.0160575900007365     
   2.7142670686418393     
   1.8830216669621500     
  -1.8631142036605293     
 -0.52103058469759067     
   1.9209020304323619     
  -1.5052539042245361     
   5.5747199533238964E-002
   1.2927573430123096     
  -1.7731549489439344     
   1.2200350598059966     
   0.0000000000000000     
  -1.2200350598059966     
   1.7731549489439344     
  -1.2927573430123096     
  -5.5747199533238964E-002
   1.5052539042245361     
  -1.9209020304323619     
  0.52103058469759067     
   1.8631142036605293     
  -1.8830216669621500     
  -2.7142670686418393     
  -1.0160575900007365     
 -0.14307372732742951     
  -6.7696189523081905E-003
  -7.0798820431901800E-005
  -5.4214831484991175E-008
  -5.1334043241113182E-014
*****  m =   17  l =   31
   9.6168774418052736E-014
   9.9619991273212696E-008
   1.2545543734172345E-004
   1.1337437066618898E-002
  0.22049112966351761     
   1.3813777109634915     
   2.9643966583855752     
  0.81680910581218757     
  -2.2655400470783120     
   1.0154236667919088     
  0.78788667212786545     
  -1.7864915175212199     
   1.6709477749051140     
 -0.75162650523950270     
 -0.43626239809581091     
   1.3826370031888693     
  -1.7389126644900919     
   1.3826370031888693     
 -0.43626239809581091     
 -0.75162650523950270     
   1.6709477749051140     
  -1.7864915175212199     
  0.78788667212786545     
   1.0154236667919088     
  -2.2655400470783120     
  0.81680910581218757     
   2.9643966583855752     
   1.3813777109634915     
  0.22049112966351761     
   1.1337437066618898E-002
   1.2545543734172345E-004
   9.9619991273212696E-008
   9.6168774418052736E-014
*****  m =   17  l =   32
   1.7574246048757711E-013
   1.7844498768806478E-007
   2.1641797505834488E-004
   1.8438305650721663E-002
  0.32838694701975218     
   1.7947298938098675     
   2.9617406620851630     
 -0.41795917598357613     
  -1.8066375261580410     
   1.9769003386687953     
 -0.90404362247530390     
 -0.41962770193360582     
   1.3898483590658630     
  -1.7685118064545478     
   1.5581811566887145     
 -0.89864728911200975     
  -0.0000000000000000     
  0.89864728911200975     
  -1.5581811566887145     
   1.7685118064545478     
  -1.3898483590658630     
  0.41962770193360582     
  0.90404362247530390     
  -1.9769003386687953     
   1.8066375261580410     
  0.41795917598357613     
  -2.9617406620851630     
  -1.7947298938098675     
 -0.32838694701975218     
  -1.8438305650721663E-002
  -2.1641797505834488E-004
  -1.7844498768806478E-007
  -1.7574246048757711E-013
*****  m =   18  l =   18
   7.8830704569873529E-021
   2.3094789828843407E-014
   6.7055510300158814E-011
   1.4794139545235227E-008
   8.2590141541544992E-007
   1.9353681022917827E-005
   2.4703396460333099E-004
   1.9983722185212900E-003
   1.1270696578438886E-002
   4.7225390512808177E-002
  0.15362541361612073     
  0.40030675784088399     
  0.85455619712802700     
   1.5189198782875790     
   2.2736408398201289     
   2.8879198928877865     
   3.1260973062742954     
   2.8879198928877865     
   2.2736408398201289     
   1.5189198782875790     
  0.85455619712802700     
  0.40030675784088399     
  0.15362541361612073     
   4.7225390512808177E-002
   1.1270696578438886E-002
   1.9983722185212900E-003
   2.4703396460333099E-004
   1.9353681022917827E-005
   8.2590141541544992E-007
   1.4794139545235227E-008
   6.7055510300158814E-011
   2.3094789828843407E-014
   7.8830704569873529E-021
*****  m =   18  l =   19
   4.9102977542941495E-020
   1.4227346741589681E-013
   4.0486823858633157E-010
   8.6725383442817632E-008
   4.6539267325813657E-006
   1.0370222061448651E-004
   1.2436881226194692E-003
   9.3253099436486301E-003
   4.7984029579183941E-002
  0.17997417946037414     
  0.51172915439472633     
   1.1295865914051137     
   1.9550433544682013     
   2.6333031764773867     
   2.6472296962764581     
   1.6886413241440905     
   0.0000000000000000     
  -1.6886413241440905     
  -2.6472296962764581     
  -2.6333031764773867     
  -1.9550433544682013     
  -1.1295865914051137     
 -0.51172915439472633     
 -0.17997417946037414     
  -4.7984029579183941E-002
  -9.3253099436486301E-003
  -1.2436881226194692E-003
  -1.0370222061448651E-004
  -4.6539267325813657E-006
  -8.6725383442817632E-008
  -4.0486823858633157E-010
  -1.4227346741589681E-013
  -4.9102977542941495E-020
*****  m =   18  l =   20
   2.1885943416932122E-019
   6.2678966890848689E-013
   1.7462181687852920E-009
   3.6254553461073556E-007
   1.8655146419554995E-005
   3.9391413742557622E-004
   4.4174295605320830E-003
   3.0494317652396481E-002
  0.14176896962650443     
  0.46908078921022439     
   1.1391582706946286     
   2.0471401284363293     
   2.6575038836900302     
   2.2375128409259633     
  0.59388057912569292     
  -1.3959161721219528     
  -2.2960832184513911     
  -1.3959161721219528     
  0.59388057912569292     
   2.2375128409259633     
   2.6575038836900302     
   2.0471401284363293     
   1.1391582706946286     
  0.46908078921022439     
  0.14176896962650443     
   3.0494317652396481E-002
   4.4174295605320830E-003
   3.9391413742557622E-004
   1.8655146419554995E-005
   3.6254553461073556E-007
   1.7462181687852920E-009
   6.2678966890848689E-013
   2.1885943416932122E-019
*****  m =   18  l =   21
   8.0582575688220023E-019
   2.2797146615018721E-012
   6.2109475928443186E-009
   1.2476580180594887E-006
   6.1403232464832900E-005
   1.2242177898654776E-003
   1.2771221620709988E-002
   8.0559957449894276E-002
  0.33456188025292283     
  0.95886777373724985     
   1.9255744533128256     
   2.6347164398111786     
   2.1245986199255302     
  0.18267507367974878     
  -1.8105030162454103     
  -1.9364246989119502     
  -0.0000000000000000     
   1.9364246989119502     
   1.8105030162454103     
 -0.18267507367974878     
  -2.1245986199255302     
  -2.6347164398111786     
  -1.9255744533128256     
 -0.95886777373724985     
 -0.33456188025292283     
  -8.0559957449894276E-002
  -1.2771221620709988E-002
  -1.2242177898654776E-003
  -6.1403232464832900E-005
  -1.2476580180594887E-006
  -6.2109475928443186E-009
  -2.2797146615018721E-012
  -8.0582575688220023E-019
*****  m =   18  l =   22
   2.5990577172307428E-018
   7.2590481712525835E-012
   1.9318242011844481E-008
   3.7480720175059948E-006
   1.7596471686998899E-004
   3.2999482099905744E-003
   3.1846858272889286E-002
  0.18202191998596437     
  0.66617066601442276     
   1.6146552950217681     
   2.5512443328378418     
   2.3060984409640546     
  0.32591405562110587     
  -1.8281738117482720     
  -1.7059050213812033     
  0.62004276617289122     
   2.0570028456861200     
  0.62004276617289122     
  -1.7059050213812033     
  -1.8281738117482720     
  0.32591405562110587     
   2.3060984409640546     
   2.5512443328378418     
   1.6146552950217681     
  0.66617066601442276     
  0.18202191998596437     
   3.1846858272889286E-002
   3.2999482099905744E-003
   1.7596471686998899E-004
   3.7480720175059948E-006
   1.9318242011844481E-008
   7.2590481712525835E-012
   2.5990577172307428E-018
*****  m =   18  l =   23
   7.5824420311695538E-018
   2.0894796022903614E-011
   5.4255310050205222E-008
   1.0148457765942665E-005
   4.5327759763337338E-004
   7.9637497391444028E-003
   7.0668687540307279E-002
  0.36246679017507494     
   1.1497271996861811     
   2.2792646026865051     
   2.5924253354622344     
  0.91345742469231006     
  -1.5788423051822298     
  -1.7988810712284353     
  0.65065814326751370     
   1.9750135171853787     
   0.0000000000000000     
  -1.9750135171853787     
 -0.65065814326751370     
   1.7988810712284353     
   1.5788423051822298     
 -0.91345742469231006     
  -2.5924253354622344     
  -2.2792646026865051     
  -1.1497271996861811     
 -0.36246679017507494     
  -7.0668687540307279E-002
  -7.9637497391444028E-003
  -4.5327759763337338E-004
  -1.0148457765942665E-005
  -5.4255310050205222E-008
  -2.0894796022903614E-011
  -7.5824420311695538E-018
*****  m =   18  l =   24
   2.0416984772821542E-017
   5.5478667507375086E-011
   1.4039365869636657E-007
   2.5270996611866441E-005
   1.0708184225398196E-003
   1.7550672691197873E-002
  0.14225168516306863     
  0.64747058870822849     
   1.7425111436959453     
   2.6851185026655866     
   1.7790499459681128     
 -0.92267752745908660     
  -2.0552539886581642     
  0.21095095530549574     
   1.9722700431328060     
  -2.4534054632530722E-002
  -1.9359910077168063     
  -2.4534054632530722E-002
   1.9722700431328060     
  0.21095095530549574     
  -2.0552539886581642     
 -0.92267752745908660     
   1.7790499459681128     
   2.6851185026655866     
   1.7425111436959453     
  0.64747058870822849     
  0.14225168516306863     
   1.7550672691197873E-002
   1.0708184225398196E-003
   2.5270996611866441E-005
   1.4039365869636657E-007
   5.5478667507375086E-011
   2.0416984772821542E-017
*****  m =   18  l =   25
   5.1450429587629469E-017
   1.3777425811308556E-010
   3.3939335601364895E-007
   5.8678427673651792E-005
   2.3520018176288911E-003
   3.5799110426356570E-002
  0.26307365445029979     
   1.0485588833364692     
   2.3270175896760255     
   2.5489036823830928     
  0.26329166220836991     
  -2.0719254330739747     
 -0.66460040485249605     
   1.8833104750597947     
  0.43934344483738558     
  -1.8890681030040313     
  -0.0000000000000000     
   1.8890681030040313     
 -0.43934344483738558     
  -1.8833104750597947     
  0.66460040485249605     
   2.0719254330739747     
 -0.26329166220836991     
  -2.5489036823830928     
  -2.3270175896760255     
  -1.0485588833364692     
 -0.26307365445029979     
  -3.5799110426356570E-002
  -2.3520018176288911E-003
  -5.8678427673651792E-005
  -3.3939335601364895E-007
  -1.3777425811308556E-010
  -5.1450429587629469E-017
*****  m =   18  l =   26
   1.2257138135634176E-016
   3.2325945663025173E-010
   7.7426867518481054E-007
   1.2833128536631015E-004
   4.8511269907679597E-003
   6.8238003273832781E-002
  0.45088712832620681     
   1.5485064156946549     
   2.7202541521448582     
   1.7279486113693654     
  -1.3217955415319740     
  -1.7069356282390966     
   1.3019164971619805     
   1.2459189982467909     
  -1.6698023756363540     
 -0.46654395175960373     
   1.8618948325746061     
 -0.46654395175960373     
  -1.6698023756363540     
   1.2459189982467909     
   1.3019164971619805     
  -1.7069356282390966     
  -1.3217955415319740     
   1.7279486113693654     
   2.7202541521448582     
   1.5485064156946549     
  0.45088712832620681     
   6.8238003273832781E-002
   4.8511269907679597E-003
   1.2833128536631015E-004
   7.7426867518481054E-007
   3.2325945663025173E-010
   1.2257138135634176E-016
*****  m =   18  l =   27
   2.7817883504709138E-016
   7.2211580607861024E-010
   1.6797266008863716E-006
   2.6637383050335850E-004
   9.4663117223773331E-003
  0.12241744803474087     
  0.72048076542790851     
   2.0891128552286022     
   2.7223612205075836     
  0.36124130319004860     
  -2.1463803440243776     
  -6.3280824547314762E-002
   1.9229823052990682     
 -0.89538611862761452     
  -1.2605551782998365     
   1.7116967398015031     
   0.0000000000000000     
  -1.7116967398015031     
   1.2605551782998365     
  0.89538611862761452     
  -1.9229823052990682     
   6.3280824547314762E-002
   2.1463803440243776     
 -0.36124130319004860     
  -2.7223612205075836     
  -2.0891128552286022     
 -0.72048076542790851     
 -0.12241744803474087     
  -9.4663117223773331E-003
  -2.6637383050335850E-004
  -1.6797266008863716E-006
  -7.2211580607861024E-010
  -2.7817883504709138E-016
*****  m =   18  l =   28
   6.0507101499950864E-016
   1.5450634380680732E-009
   3.4861803715132323E-006
   5.2788667073746522E-004
   1.7578177588425618E-002
  0.20780402273503451     
   1.0775499156731121     
   2.5684505806675579     
   2.1980390087963166     
  -1.1059380558848024     
  -1.7025505373735639     
   1.5863372139311449     
  0.57220389479909495     
  -1.8612867454849327     
   1.0113148154258200     
  0.87237926582331637     
  -1.8117707144196535     
  0.87237926582331637     
   1.0113148154258200     
  -1.8612867454849327     
  0.57220389479909495     
   1.5863372139311449     
  -1.7025505373735639     
  -1.1059380558848024     
   2.1980390087963166     
   2.5684505806675579     
   1.0775499156731121     
  0.20780402273503451     
   1.7578177588425618E-002
   5.2788667073746522E-004
   3.4861803715132323E-006
   1.5450634380680732E-009
   6.0507101499950864E-016
*****  m =   18  l =   29
   1.2674633805343948E-015
   3.1817657211285422E-009
   6.9553355451971831E-006
   1.0035762497689375E-003
   3.1204787924501754E-002
  0.33514381267122195     
   1.5116488839471436     
   2.8539147320190406     
   1.1621461100916894     
  -2.0741986807820272     
 -0.21919508844198465     
   1.8899568490015586     
  -1.3440544783157937     
 -0.44308796016879809     
   1.7124021488038055     
  -1.4639391155139079     
  -0.0000000000000000     
   1.4639391155139079     
  -1.7124021488038055     
  0.44308796016879809     
   1.3440544783157937     
  -1.8899568490015586     
  0.21919508844198465     
   2.0741986807820272     
  -1.1621461100916894     
  -2.8539147320190406     
  -1.5116488839471436     
 -0.33514381267122195     
  -3.1204787924501754E-002
  -1.0035762497689375E-003
  -6.9553355451971831E-006
  -3.1817657211285422E-009
  -1.2674633805343948E-015
*****  m =   18  l =   30
   2.5670412080842479E-015
   6.3313018970644179E-009
   1.3392373688520991E-005
   1.8374301619710741E-003
   5.3153711168743387E-002
  0.51512714962677586     
   1.9900777955376356     
   2.8133027886200410     
 -0.17384878536492498     
  -2.0800623883963585     
   1.3763851828461613     
  0.57990869645472298     
  -1.7915844064950406     
   1.5167394743025617     
 -0.19313262922569413     
  -1.1976293085865561     
   1.7756802117294708     
  -1.1976293085865561     
 -0.19313262922569413     
   1.5167394743025617     
  -1.7915844064950406     
  0.57990869645472298     
   1.3763851828461613     
  -2.0800623883963585     
 -0.17384878536492498     
   2.8133027886200410     
   1.9900777955376356     
  0.51512714962677586     
   5.3153711168743387E-002
   1.8374301619710741E-003
   1.3392373688520991E-005
   6.3313018970644179E-009
   2.5670412080842479E-015
*****  m =   18  l =   31
   5.0435187846011959E-015
   1.2213911223695875E-008
   2.4968682688875041E-005
   3.2503003082555442E-003
   8.7141011050146114E-002
  0.75628647566567664     
   2.4551838181728485     
   2.3590942086841111     
  -1.4330542785098714     
  -1.0796207253646923     
   2.0186119724067204     
  -1.2135052455756823     
 -0.29138318854956596     
   1.4696006846132352     
  -1.7710833622183781     
   1.1630686453465571     
   0.0000000000000000     
  -1.1630686453465571     
   1.7710833622183781     
  -1.4696006846132352     
  0.29138318854956596     
   1.2135052455756823     
  -2.0186119724067204     
   1.0796207253646923     
   1.4330542785098714     
  -2.3590942086841111     
  -2.4551838181728485     
 -0.75628647566567664     
  -8.7141011050146114E-002
  -3.2503003082555442E-003
  -2.4968682688875041E-005
  -1.2213911223695875E-008
  -5.0435187846011959E-015
*****  m =   18  l =   32
   9.6394142181691613E-015
   2.2906836546489797E-008
   4.5199853731692287E-005
   5.5701249267496250E-003
  0.13783619845449810     
   1.0622267130883269     
   2.8275638017398870     
   1.4932996780138019     
  -2.1917560863037457     
  0.45477974343102218     
   1.2488543295811672     
  -1.8972621684439273     
   1.5060258158564435     
 -0.50680393893375364     
 -0.60846470994884183     
   1.4427211187265199     
  -1.7485466033883570     
   1.4427211187265199     
 -0.60846470994884183     
 -0.50680393893375364     
   1.5060258158564435     
  -1.8972621684439273     
   1.2488543295811672     
  0.45477974343102218     
  -2.1917560863037457     
   1.4932996780138019     
   2.8275638017398870     
   1.0622267130883269     
  0.13783619845449810     
   5.5701249267496250E-003
   4.5199853731692287E-005
   2.2906836546489797E-008
   9.6394142181691613E-015
*****  m =   19  l =   19
   5.7277693326434128E-022
   3.8377071065568804E-015
   1.7353087384165775E-011
   5.1669595487198457E-009
   3.6067840826584703E-007
   1.0070649427605143E-005
   1.4807939377356900E-004
   1.3454089955478258E-003
   8.3534555700496109E-003
   3.7901728047664722E-002
  0.13164577803039862     
  0.36177954348018942     
  0.80554314710302310     
   1.4782929402237386     
   2.2629768413272617     
   2.9128194944712940     
   3.1669630578152219     
   2.9128194944712940     
   2.2629768413272617     
   1.4782929402237386     
  0.80554314710302310     
  0.36177954348018942     
  0.13164577803039862     
   3.7901728047664722E-002
   8.3534555700496109E-003
   1.3454089955478258E-003
   1.4807939377356900E-004
   1.0070649427605143E-005
   3.6067840826584703E-007
   5.1669595487198457E-009
   1.7353087384165775E-011
   3.8377071065568804E-015
   5.7277693326434128E-022
*****  m =   19  l =   20
   3.6581167708574503E-021
   2.4240487679097521E-014
   1.0742753605967840E-010
   3.1056406615551443E-008
   2.0838722945882311E-006
   5.5327567916110509E-005
   7.6437957027184747E-004
   6.4372569342856711E-003
   3.6464624847495339E-002
  0.14809939362001648     
  0.44961796501542739     
   1.0467193143938038     
   1.8895752719605725     
   2.6277625863628686     
   2.7015281597812288     
   1.7463265955284029     
   0.0000000000000000     
  -1.7463265955284029     
  -2.7015281597812288     
  -2.6277625863628686     
  -1.8895752719605725     
  -1.0467193143938038     
 -0.44961796501542739     
 -0.14809939362001648     
  -3.6464624847495339E-002
  -6.4372569342856711E-003
  -7.6437957027184747E-004
  -5.5327567916110509E-005
  -2.0838722945882311E-006
  -3.1056406615551443E-008
  -1.0742753605967840E-010
  -2.4240487679097521E-014
  -3.6581167708574503E-021
*****  m =   19  l =   21
   1.6708552806962095E-020
   1.0943996596541545E-013
   4.7485525042052062E-010
   1.3306558690339856E-007
   8.5625335171742043E-006
   2.1546793352420236E-004
   2.7841987919310805E-003
   2.1594279663887869E-002
  0.11057456235351373     
  0.39647716644757258     
   1.0293063851962696     
   1.9550330844458434     
   2.6590128221761753     
   2.3407285749300670     
  0.70535134415702827     
  -1.3679306777949518     
  -2.3218396946477391     
  -1.3679306777949518     
  0.70535134415702827     
   2.3407285749300670     
   2.6590128221761753     
   1.9550330844458434     
   1.0293063851962696     
  0.39647716644757258     
  0.11057456235351373     
   2.1594279663887869E-002
   2.7841987919310805E-003
   2.1546793352420236E-004
   8.5625335171742043E-006
   1.3306558690339856E-007
   4.7485525042052062E-010
   1.0943996596541545E-013
   1.6708552806962095E-020
*****  m =   19  l =   22
   6.3010071913838639E-020
   4.0771402958444113E-013
   1.7301761414386355E-009
   4.6918533016147750E-007
   2.8883597659648101E-005
   6.8652160900118395E-004
   8.2566469329348018E-003
   5.8561329769287976E-002
  0.26818103798556381     
  0.83451064277672116     
   1.7977128961147784     
   2.6193999659520655     
   2.2670895129554931     
  0.35714167656342105     
  -1.7609368357766801     
  -1.9834859652426231     
  -0.0000000000000000     
   1.9834859652426231     
   1.7609368357766801     
 -0.35714167656342105     
  -2.2670895129554931     
  -2.6193999659520655     
  -1.7977128961147784     
 -0.83451064277672116     
 -0.26818103798556381     
  -5.8561329769287976E-002
  -8.2566469329348018E-003
  -6.8652160900118395E-004
  -2.8883597659648101E-005
  -4.6918533016147750E-007
  -1.7301761414386355E-009
  -4.0771402958444113E-013
  -6.3010071913838639E-020
*****  m =   19  l =   23
   2.0804578404353248E-019
   1.3291309624303740E-012
   5.5104437429018343E-009
   1.4436408578697674E-006
   8.4812374280360774E-005
   1.8972527118035459E-003
   2.1126460279175904E-002
  0.13594479853306257     
  0.54978126767667246     
   1.4522275154780289     
   2.4814626951503889     
   2.4505840600173912     
  0.56814994409512720     
  -1.7421543607242118     
  -1.7958652589158601     
  0.56475919388216611     
   2.0770399397895254     
  0.56475919388216611     
  -1.7958652589158601     
  -1.7421543607242118     
  0.56814994409512720     
   2.4505840600173912     
   2.4814626951503889     
   1.4522275154780289     
  0.54978126767667246     
  0.13594479853306257     
   2.1126460279175904E-002
   1.8972527118035459E-003
   8.4812374280360774E-005
   1.4436408578697674E-006
   5.5104437429018343E-009
   1.3291309624303740E-012
   2.0804578404353248E-019
*****  m =   19  l =   24
   6.2103012526700374E-019
   3.9150619725042988E-012
   1.5840634012996697E-008
   4.0023942322039200E-006
   2.2382167478780110E-004
   4.6945063724853579E-003
   4.8125217281429142E-002
  0.27844627422250606     
  0.97930544445089152     
   2.1306790922654053     
   2.6736780031006626     
   1.2078503735922639     
  -1.4100021435403760     
  -1.9123137419416394     
  0.52849837322018323     
   2.0026664391963318     
   0.0000000000000000     
  -2.0026664391963318     
 -0.52849837322018323     
   1.9123137419416394     
   1.4100021435403760     
  -1.2078503735922639     
  -2.6736780031006626     
  -2.1306790922654053     
 -0.97930544445089152     
 -0.27844627422250606     
  -4.8125217281429142E-002
  -4.6945063724853579E-003
  -2.2382167478780110E-004
  -4.0023942322039200E-006
  -1.5840634012996697E-008
  -3.9150619725042988E-012
  -6.2103012526700374E-019
*****  m =   19  l =   25
   1.7102106415203114E-018
   1.0632758257543734E-011
   4.1939376151517548E-008
   1.0202030213371708E-005
   5.4163030244639148E-004
   1.0609101384210782E-002
   9.9504787709964335E-002
  0.51234760539283408     
   1.5372345281885413     
   2.6352085396732261     
   2.0549688591403656     
 -0.62453809058257004     
  -2.1233137733958882     
   4.3912827832238554E-003
   1.9913660315404460     
   4.6007336199989424E-002
  -1.9525325084818899     
   4.6007336199989424E-002
   1.9913660315404460     
   4.3912827832238554E-003
  -2.1233137733958882     
 -0.62453809058257004     
   2.0549688591403656     
   2.6352085396732261     
   1.5372345281885413     
  0.51234760539283408     
   9.9504787709964335E-002
   1.0609101384210782E-002
   5.4163030244639148E-004
   1.0202030213371708E-005
   4.1939376151517548E-008
   1.0632758257543734E-011
   1.7102106415203114E-018
*****  m =   19  l =   26
   4.4055750282792896E-018
   2.6997392053249601E-011
   1.0369616697635276E-007
   2.4242237019142580E-005
   1.2185239089335124E-003
   2.2195130740010990E-002
  0.18916136345801055     
  0.85635726143319424     
   2.1374755942875359     
   2.6820576504995111     
  0.66520111164895734     
  -1.9766536624777087     
 -0.93611033122761567     
   1.8243017755852102     
  0.58437974749099830     
  -1.8941376441298841     
  -0.0000000000000000     
   1.8941376441298841     
 -0.58437974749099830     
  -1.8243017755852102     
  0.93611033122761567     
   1.9766536624777087     
 -0.66520111164895734     
  -2.6820576504995111     
  -2.1374755942875359     
 -0.85635726143319424     
 -0.18916136345801055     
  -2.2195130740010990E-002
  -1.2185239089335124E-003
  -2.4242237019142580E-005
  -1.0369616697635276E-007
  -2.6997392053249601E-011
  -4.4055750282792896E-018
*****  m =   19  l =   27
   1.0724240845386850E-017
   6.4738166552531060E-011
   2.4187135670681848E-007
   5.4244049887060348E-005
   2.5740935480521071E-003
   4.3404490109995017E-002
  0.33358769995465015     
   1.3087061405856522     
   2.6242361570123229     
   2.0745671960802134     
 -0.97578606389361200     
  -1.9136906376306888     
   1.0748800801764298     
   1.4211447730517914     
  -1.6066414028822402     
 -0.54334847178265522     
   1.8759700372590022     
 -0.54334847178265522     
  -1.6066414028822402     
   1.4211447730517914     
   1.0748800801764298     
  -1.9136906376306888     
 -0.97578606389361200     
   2.0745671960802134     
   2.6242361570123229     
   1.3087061405856522     
  0.33358769995465015     
   4.3404490109995017E-002
   2.5740935480521071E-003
   5.4244049887060348E-005
   2.4187135670681848E-007
   6.4738166552531060E-011
   1.0724240845386850E-017
*****  m =   19  l =   28
   2.4858826526811468E-017
   1.4774066059458078E-010
   5.3631607519989218E-007
   1.1517060014838206E-004
   5.1444710065399945E-003
   7.9916444551219448E-002
  0.54914565176122188     
   1.8338892531624473     
   2.8028637124217348     
  0.85219445574032981     
  -2.0603659116317425     
 -0.44206225779226876     
   1.9774761922523389     
 -0.69057435952357726     
  -1.3807245538848438     
   1.6936666060599821     
   0.0000000000000000     
  -1.6936666060599821     
   1.3807245538848438     
  0.69057435952357726     
  -1.9774761922523389     
  0.44206225779226876     
   2.0603659116317425     
 -0.85219445574032981     
  -2.8028637124217348     
  -1.8338892531624473     
 -0.54914565176122188     
  -7.9916444551219448E-002
  -5.1444710065399945E-003
  -1.1517060014838206E-004
  -5.3631607519989218E-007
  -1.4774066059458078E-010
  -2.4858826526811468E-017
*****  m =   19  l =   29
   5.5203140006725912E-017
   3.2281885164446377E-010
   1.1373261014429133E-006
   2.3341906965057690E-004
   9.7841506440710917E-003
  0.13929611016112514     
  0.84745554645861199     
   2.3547544717721274     
   2.5062534986769363     
 -0.64054931096675094     
  -1.9601776874182999     
   1.3319417553099817     
  0.87241824809673274     
  -1.8892024232649394     
  0.88073886847135330     
  0.94804034983813423     
  -1.8239802171907895     
  0.94804034983813423     
  0.88073886847135330     
  -1.8892024232649394     
  0.87241824809673274     
   1.3319417553099817     
  -1.9601776874182999     
 -0.64054931096675094     
   2.5062534986769363     
   2.3547544717721274     
  0.84745554645861199     
  0.13929611016112514     
   9.7841506440710917E-003
   2.3341906965057690E-004
   1.1373261014429133E-006
   3.2281885164446377E-010
   5.5203140006725912E-017
*****  m =   19  l =   30
   1.1801085993616265E-016
   6.7864401813309758E-010
   2.3178047659791018E-006
   4.5374994052627739E-004
   1.7790600433235059E-002
  0.23081873294082378     
   1.2292765703106467     
   2.7564006103047798     
   1.6787960064889573     
  -1.8420107607072287     
 -0.69029951535849210     
   1.9867195870342960     
  -1.1046218011175941     
 -0.68105479535497737     
   1.7722175688705288     
  -1.4240406048448617     
  -0.0000000000000000     
   1.4240406048448617     
  -1.7722175688705288     
  0.68105479535497737     
   1.1046218011175941     
  -1.9867195870342960     
  0.69029951535849210     
   1.8420107607072287     
  -1.6787960064889573     
  -2.7564006103047798     
  -1.2292765703106467     
 -0.23081873294082378     
  -1.7790600433235059E-002
  -4.5374994052627739E-004
  -2.3178047659791018E-006
  -6.7864401813309758E-010
  -1.1801085993616265E-016
*****  m =   19  l =   31
   2.4382761336242149E-016
   1.3780857035582618E-009
   4.5574048459778914E-006
   8.4934215538746754E-004
   3.1043818786433124E-002
  0.36478600889802920     
   1.6780204333729245     
   2.9063630506255058     
  0.44184288280338707     
  -2.2174570497218671     
  0.98796972339544598     
  0.96739390005986625     
  -1.8785858460587321     
   1.3718046227006095     
  -2.6393946887456207E-002
  -1.2659611285153864     
   1.7864182629972980     
  -1.2659611285153864     
  -2.6393946887456207E-002
   1.3718046227006095     
  -1.8785858460587321     
  0.96739390005986625     
  0.98796972339544598     
  -2.2174570497218671     
  0.44184288280338707     
   2.9063630506255058     
   1.6780204333729245     
  0.36478600889802920     
   3.1043818786433124E-002
   8.4934215538746754E-004
   4.5574048459778914E-006
   1.3780857035582618E-009
   2.4382761336242149E-016
*****  m =   19  l =   32
   4.8852572611224058E-016
   2.7120736114890598E-009
   8.6744399747379917E-006
   1.5358409140818557E-003
   5.2144910292607052E-002
  0.55119483746466902     
   2.1547927402195359     
   2.6904961671586793     
 -0.89997114313801363     
  -1.5541558467722787     
   1.9875329320468968     
 -0.86460957706873387     
 -0.62561238812072595     
   1.6152411389497348     
  -1.7525437750038360     
   1.1038201549254747     
   0.0000000000000000     
  -1.1038201549254747     
   1.7525437750038360     
  -1.6152411389497348     
  0.62561238812072595     
  0.86460957706873387     
  -1.9875329320468968     
   1.5541558467722787     
  0.89997114313801363     
  -2.6904961671586793     
  -2.1547927402195359     
 -0.55119483746466902     
  -5.2144910292607052E-002
  -1.5358409140818557E-003
  -8.6744399747379917E-006
  -2.7120736114890598E-009
  -4.8852572611224058E-016
*****  m =   20  l =   20
   4.1590779398598320E-023
   6.3731048837920915E-016
   4.4878720135736969E-012
   1.8034405883749496E-009
   1.5741043021383342E-007
   5.2368821929914889E-006
   8.8706208044488281E-005
   9.0521907761784972E-004
   6.1873260644723016E-003
   3.0399321603593359E-002
  0.11273849512675055     
  0.32675069388545563     
  0.75885432606043490     
   1.4378300881140365     
   2.2509185745026010     
   2.9360498851518275     
   3.2063057222924791     
   2.9360498851518275     
   2.2509185745026010     
   1.4378300881140365     
  0.75885432606043490     
  0.32675069388545563     
  0.11273849512675055     
   3.0399321603593359E-002
   6.1873260644723016E-003
   9.0521907761784972E-004
   8.8706208044488281E-005
   5.2368821929914889E-006
   1.5741043021383342E-007
   1.8034405883749496E-009
   4.4878720135736969E-012
   6.3731048837920915E-016
   4.1590779398598320E-023
*****  m =   20  l =   21
   2.7202661857512087E-022
   4.1225211441480953E-015
   2.8452578073460932E-011
   1.1100953457818723E-008
   9.3137968631357159E-007
   2.9464508825993341E-005
   4.6893295810788136E-004
   4.4354992921489872E-003
   2.7659917832047604E-002
  0.12164673601038392     
  0.39432222249861215     
  0.96815534961354310     
   1.8229556509386977     
   2.6174324896912977     
   2.7518925576408679     
   1.8026757860736315     
   0.0000000000000000     
  -1.8026757860736315     
  -2.7518925576408679     
  -2.6174324896912977     
  -1.8229556509386977     
 -0.96815534961354310     
 -0.39432222249861215     
 -0.12164673601038392     
  -2.7659917832047604E-002
  -4.4354992921489872E-003
  -4.6893295810788136E-004
  -2.9464508825993341E-005
  -9.3137968631357159E-007
  -1.1100953457818723E-008
  -2.8452578073460932E-011
  -4.1225211441480953E-015
  -2.7202661857512087E-022
*****  m =   20  l =   22
   1.2718026540955464E-021
   1.9051806945228622E-014
   1.2874423357445227E-010
   4.8693296665984287E-008
   3.9183298053157365E-006
   1.1750370642689532E-004
   1.7494782023853143E-003
   1.5244801414809449E-002
   8.5974842474889249E-002
  0.33403998297924969     
  0.92696193524295212     
   1.8604605312612728     
   2.6498144143361899     
   2.4350824712458068     
  0.81495965420428318     
  -1.3388688422707673     
  -2.3467754912103969     
  -1.3388688422707673     
  0.81495965420428318     
   2.4350824712458068     
   2.6498144143361899     
   1.8604605312612728     
  0.92696193524295212     
  0.33403998297924969     
   8.5974842474889249E-002
   1.5244801414809449E-002
   1.7494782023853143E-003
   1.1750370642689532E-004
   3.9183298053157365E-006
   4.8693296665984287E-008
   1.2874423357445227E-010
   1.9051806945228622E-014
   1.2718026540955464E-021
*****  m =   20  l =   23
   4.9069220429743755E-021
   7.2620207997939632E-014
   4.8000137618541736E-010
   1.7571228364546952E-007
   1.3530202350449230E-005
   3.8337163271093543E-004
   5.3151140447158596E-003
   4.2383048393701585E-002
  0.21399089167699950     
  0.72276704994250829     
   1.6693458171642683     
   2.5871077391029629     
   2.3926770801627217     
  0.52902478616754578     
  -1.7063941771088893     
  -2.0284137112165976     
  -0.0000000000000000     
   2.0284137112165976     
   1.7063941771088893     
 -0.52902478616754578     
  -2.3926770801627217     
  -2.5871077391029629     
  -1.6693458171642683     
 -0.72276704994250829     
 -0.21399089167699950     
  -4.2383048393701585E-002
  -5.3151140447158596E-003
  -3.8337163271093543E-004
  -1.3530202350449230E-005
  -1.7571228364546952E-007
  -4.8000137618541736E-010
  -7.2620207997939632E-014
  -4.9069220429743755E-021
*****  m =   20  l =   24
   1.6568159299382975E-020
   2.4211451809168651E-013
   1.5637109478474569E-009
   5.5314530420907448E-007
   4.0662021188678251E-005
   1.0849049246855352E-003
   1.3936859737268518E-002
  0.10094194789072512     
  0.45090801134989994     
   1.2970592701554868     
   2.3928154016465171     
   2.5665521620562202     
  0.80346321869907666     
  -1.6441725972851537     
  -1.8788788765211515     
  0.50908588188107473     
   2.0965337030287161     
  0.50908588188107473     
  -1.8788788765211515     
  -1.6441725972851537     
  0.80346321869907666     
   2.5665521620562202     
   2.3928154016465171     
   1.2970592701554868     
  0.45090801134989994     
  0.10094194789072512     
   1.3936859737268518E-002
   1.0849049246855352E-003
   4.0662021188678251E-005
   5.5314530420907448E-007
   1.5637109478474569E-009
   2.4211451809168651E-013
   1.6568159299382975E-020
*****  m =   20  l =   25
   5.0553203676114194E-020
   7.2905324711908903E-013
   4.5962051395634906E-009
   1.5685513025172342E-006
   1.0981023587005036E-004
   2.7490419397938116E-003
   3.2546931547884995E-002
  0.21232519936610289     
  0.82730650598780864     
   1.9719883732419008     
   2.7155254322577647     
   1.4813790007465260     
  -1.2234367359529830     
  -2.0085439638678255     
  0.40467889810712920     
   2.0276339843049906     
   0.0000000000000000     
  -2.0276339843049906     
 -0.40467889810712920     
   2.0085439638678255     
   1.2234367359529830     
  -1.4813790007465260     
  -2.7155254322577647     
  -1.9719883732419008     
 -0.82730650598780864     
 -0.21232519936610289     
  -3.2546931547884995E-002
  -2.7490419397938116E-003
  -1.0981023587005036E-004
  -1.5685513025172342E-006
  -4.5962051395634906E-009
  -7.2905324711908903E-013
  -5.0553203676114194E-020
*****  m =   20  l =   26
   1.4223857276023417E-019
   2.0232850468731453E-012
   1.2438041410882665E-008
   4.0883600736624162E-006
   2.7189495051183868E-004
   6.3627041827348770E-003
   6.9023901028399851E-002
  0.40171923094883549     
   1.3416023455673252     
   2.5479858414885181     
   2.2858954891212839     
 -0.31531921576033650     
  -2.1570698970833817     
 -0.20103488532658936     
   2.0004231879637193     
  0.11608147722210048     
  -1.9686951036017775     
  0.11608147722210048     
   2.0004231879637193     
 -0.20103488532658936     
  -2.1570698970833817     
 -0.31531921576033650     
   2.2858954891212839     
   2.5479858414885181     
   1.3416023455673252     
  0.40171923094883549     
   6.9023901028399851E-002
   6.3627041827348770E-003
   2.7189495051183868E-004
   4.0883600736624162E-006
   1.2438041410882665E-008
   2.0232850468731453E-012
   1.4223857276023417E-019
*****  m =   20  l =   27
   3.7421370897678130E-019
   5.2475062915764583E-012
   3.1423107371541441E-008
   9.9314408108902536E-006
   6.2581977706735296E-004
   1.3635295679101603E-002
  0.13467436942448549     
  0.69155330043121299     
   1.9355434544180332     
   2.7526179533744575     
   1.0464020279420951     
  -1.8331239344434309     
  -1.1884895109448366     
   1.7443217356918048     
  0.72523373077723852     
  -1.8962488709714225     
  -0.0000000000000000     
   1.8962488709714225     
 -0.72523373077723852     
  -1.7443217356918048     
   1.1884895109448366     
   1.8331239344434309     
  -1.0464020279420951     
  -2.7526179533744575     
  -1.9355434544180332     
 -0.69155330043121299     
 -0.13467436942448549     
  -1.3635295679101603E-002
  -6.2581977706735296E-004
  -9.9314408108902536E-006
  -3.1423107371541441E-008
  -5.2475062915764583E-012
  -3.7421370897678130E-019
*****  m =   20  l =   28
   9.2994398404047419E-019
   1.2848352229827608E-011
   7.4866459239385938E-008
   2.2712795536657131E-005
   1.3524766725083507E-003
   2.7320319713102056E-002
  0.24395651843054567     
   1.0908843759254558     
   2.4824250566002939     
   2.3537156684009037     
 -0.59949620453695074     
  -2.0639996578012578     
  0.82656601717127920     
   1.5765851980461540     
  -1.5338929734925277     
 -0.61873231368469406     
   1.8897758337358344     
 -0.61873231368469406     
  -1.5338929734925277     
   1.5765851980461540     
  0.82656601717127920     
  -2.0639996578012578     
 -0.59949620453695074     
   2.3537156684009037     
   2.4824250566002939     
   1.0908843759254558     
  0.24395651843054567     
   2.7320319713102056E-002
   1.3524766725083507E-003
   2.2712795536657131E-005
   7.4866459239385938E-008
   1.2848352229827608E-011
   9.2994398404047419E-019
*****  m =   20  l =   29
   2.1997529747131159E-018
   2.9928503029309784E-011
   1.6951448122968343E-007
   4.9277590761166822E-005
   2.7651839983662114E-003
   5.1554273637223286E-002
  0.41293957964459449     
   1.5826406063552263     
   2.8027547181908479     
   1.3060976416114864     
  -1.8943520413785555     
 -0.80375009609111103     
   1.9848366763789773     
 -0.47720941495388286     
  -1.4906472439508767     
   1.6726981750746990     
   0.0000000000000000     
  -1.6726981750746990     
   1.4906472439508767     
  0.47720941495388286     
  -1.9848366763789773     
  0.80375009609111103     
   1.8943520413785555     
  -1.3060976416114864     
  -2.8027547181908479     
  -1.5826406063552263     
 -0.41293957964459449     
  -5.1554273637223286E-002
  -2.7651839983662114E-003
  -4.9277590761166822E-005
  -1.6951448122968343E-007
  -2.9928503029309784E-011
  -2.1997529747131159E-018
*****  m =   20  l =   30
   4.9830579302190143E-018
   6.6725183075969240E-011
   3.6696728961340561E-007
   1.0203578965430734E-004
   5.3800619931497207E-003
   9.2133113328020599E-002
  0.65611644102565136     
   2.1129603726038826     
   2.7145263411918821     
 -0.14835950135890727     
  -2.1284509141335359     
   1.0308992161804158     
   1.1477623659656677     
  -1.8871449785322107     
  0.74462091392721697     
   1.0213125411642514     
  -1.8359974480199333     
   1.0213125411642514     
  0.74462091392721697     
  -1.8871449785322107     
   1.1477623659656677     
   1.0308992161804158     
  -2.1284509141335359     
 -0.14835950135890727     
   2.7145263411918821     
   2.1129603726038826     
  0.65611644102565136     
   9.2133113328020599E-002
   5.3800619931497207E-003
   1.0203578965430734E-004
   3.6696728961340561E-007
   6.6725183075969240E-011
   4.9830579302190143E-018
*****  m =   20  l =   31
   1.0862617008714265E-017
   1.4307791650494242E-010
   7.6322944397923174E-007
   2.0261367906570759E-004
   1.0008178350531458E-002
  0.15660699207033782     
  0.98154435785817740     
   2.5884357516575265     
   2.1093075188638544     
  -1.5111166378939620     
  -1.1233794131873922     
   2.0032653689257822     
 -0.83580200991427533     
 -0.90563464807651184     
   1.8175463281695818     
  -1.3815107438778391     
  -0.0000000000000000     
   1.3815107438778391     
  -1.8175463281695818     
  0.90563464807651184     
  0.83580200991427533     
  -2.0032653689257822     
   1.1233794131873922     
   1.5111166378939620     
  -2.1093075188638544     
  -2.5884357516575265     
 -0.98154435785817740     
 -0.15660699207033782     
  -1.0008178350531458E-002
  -2.0261367906570759E-004
  -7.6322944397923174E-007
  -1.4307791650494242E-010
  -1.0862617008714265E-017
*****  m =   20  l =   32
   2.2878241548483480E-017
   2.9625509010853764E-010
   1.5311492196700877E-006
   3.8735320900489391E-004
   1.7868046710149941E-002
  0.25404431132897776     
   1.3848748807544677     
   2.8867023865337984     
   1.0268351241670652     
  -2.2170897424082421     
  0.54827381349594007     
   1.3098083740707707     
  -1.9077670140706859     
   1.2030292770613127     
  0.13926269234287328     
  -1.3309973672369415     
   1.7970202448758714     
  -1.3309973672369415     
  0.13926269234287328     
   1.2030292770613127     
  -1.9077670140706859     
   1.3098083740707707     
  0.54827381349594007     
  -2.2170897424082421     
   1.0268351241670652     
   2.8867023865337984     
   1.3848748807544677     
  0.25404431132897776     
   1.7868046710149941E-002
   3.8735320900489391E-004
   1.5311492196700877E-006
   2.9625509010853764E-010
   2.2878241548483480E-017
*****  m =   21  l =   21
   3.0182572188706451E-024
   1.0577376303675771E-016
   1.1599835283414390E-012
   6.2909504972400499E-010
   6.8658532599640858E-008
   2.7216719698587775E-006
   5.3108135118555064E-005
   6.0869638033392575E-004
   4.5802321373188733E-003
   2.4367805672475370E-002
   9.6490638706050055E-002
  0.29494204051545392     
  0.71445630154748152     
   1.3976623999702671     
   2.2376239939038447     
   2.9577464230092407     
   3.2442514895274166     
   2.9577464230092407     
   2.2376239939038447     
   1.3976623999702671     
  0.71445630154748152     
  0.29494204051545392     
   9.6490638706050055E-002
   2.4367805672475370E-002
   4.5802321373188733E-003
   6.0869638033392575E-004
   5.3108135118555064E-005
   2.7216719698587775E-006
   6.8658532599640858E-008
   6.2909504972400499E-010
   1.1599835283414390E-012
   1.0577376303675771E-016
   3.0182572188706451E-024
*****  m =   21  l =   22
   2.0194942510571502E-023
   6.9994160698038886E-016
   7.5232416546489335E-012
   3.9613821379018583E-009
   4.1558494086515939E-007
   1.5665137498429156E-005
   2.8720356296394302E-004
   3.0511359876402530E-003
   2.0946303937383941E-002
   9.9752782872123982E-002
  0.34525202124942167     
  0.89399942740308902     
   1.7557609641299194     
   2.6028085967241656     
   2.7985355498712390     
   1.8577495378116677     
   0.0000000000000000     
  -1.8577495378116677     
  -2.7985355498712390     
  -2.6028085967241656     
  -1.7557609641299194     
 -0.89399942740308902     
 -0.34525202124942167     
  -9.9752782872123982E-002
  -2.0946303937383941E-002
  -3.0511359876402530E-003
  -2.8720356296394302E-004
  -1.5665137498429156E-005
  -4.1558494086515939E-007
  -3.9613821379018583E-009
  -7.5232416546489335E-012
  -6.9994160698038886E-016
  -2.0194942510571502E-023
*****  m =   21  l =   23
   9.6544094072442668E-023
   3.3076567183164651E-015
   3.4810990051921639E-011
   1.7770169443688279E-008
   1.7881922635588260E-006
   6.3904105399580980E-005
   1.0962670248033288E-003
   1.0732277696535624E-002
   6.6658638789941840E-002
  0.28062076506006783     
  0.83229007458222126     
   1.7648175535124182     
   2.6311456385870788     
   2.5209032122840602     
  0.92260191141915782     
  -1.3088176209561950     
  -2.3709484177873654     
  -1.3088176209561950     
  0.92260191141915782     
   2.5209032122840602     
   2.6311456385870788     
   1.7648175535124182     
  0.83229007458222126     
  0.28062076506006783     
   6.6658638789941840E-002
   1.0732277696535624E-002
   1.0962670248033288E-003
   6.3904105399580980E-005
   1.7881922635588260E-006
   1.7770169443688279E-008
   3.4810990051921639E-011
   3.3076567183164651E-015
   9.6544094072442668E-023
*****  m =   21  l =   24
   3.8071367259813072E-022
   1.2886835144667934E-014
   1.3267087411661692E-010
   6.5558858833378934E-008
   6.3141540093499321E-006
   2.1326719489789982E-004
   3.4082522913134600E-003
   3.0552204002992259E-002
  0.17004679759546398     
  0.62325666553911940     
   1.5427064882227020     
   2.5404372513869613     
   2.5019329185421277     
  0.69763218716554354     
  -1.6472989064866881     
  -2.0712906777392450     
  -0.0000000000000000     
   2.0712906777392450     
   1.6472989064866881     
 -0.69763218716554354     
  -2.5019329185421277     
  -2.5404372513869613     
  -1.5427064882227020     
 -0.62325666553911940     
 -0.17004679759546398     
  -3.0552204002992259E-002
  -3.4082522913134600E-003
  -2.1326719489789982E-004
  -6.3141540093499321E-006
  -6.5558858833378934E-008
  -1.3267087411661692E-010
  -1.2886835144667934E-014
  -3.8071367259813072E-022
*****  m =   21  l =   25
   1.3132922722492546E-021
   4.3897450428832203E-014
   4.4165147506753534E-010
   2.1093737869604167E-007
   1.9401030568751441E-005
   6.1733846341326213E-004
   9.1476182071268276E-003
   7.4557921956453749E-002
  0.36774746753455911     
   1.1512743674605546     
   2.2898867354228272     
   2.6556708092183858     
   1.0301147474511168     
  -1.5355843549747412     
  -1.9550434369896854     
  0.45309404502784312     
   2.1155156254016014     
  0.45309404502784312     
  -1.9550434369896854     
  -1.5355843549747412     
   1.0301147474511168     
   2.6556708092183858     
   2.2898867354228272     
   1.1512743674605546     
  0.36774746753455911     
   7.4557921956453749E-002
   9.1476182071268276E-003
   6.1733846341326213E-004
   1.9401030568751441E-005
   2.1093737869604167E-007
   4.4165147506753534E-010
   4.3897450428832203E-014
   1.3132922722492546E-021
*****  m =   21  l =   26
   4.0921732701589574E-021
   1.3500147577209588E-013
   1.3260642907481085E-009
   6.1120041676770936E-007
   5.3560081253609685E-005
   1.6001432094029211E-003
   2.1873832845202751E-002
  0.16082964957221452     
  0.69377252168115877     
   1.8091410578614948     
   2.7226552065478402     
   1.7317692898660302     
  -1.0226044391680984     
  -2.0877702601248385     
  0.27977484514166590     
   2.0500239634034307     
   0.0000000000000000     
  -2.0500239634034307     
 -0.27977484514166590     
   2.0877702601248385     
   1.0226044391680984     
  -1.7317692898660302     
  -2.7226552065478402     
  -1.8091410578614948     
 -0.69377252168115877     
 -0.16082964957221452     
  -2.1873832845202751E-002
  -1.6001432094029211E-003
  -5.3560081253609685E-005
  -6.1120041676770936E-007
  -1.3260642907481085E-009
  -1.3500147577209588E-013
  -4.0921732701589574E-021
*****  m =   21  l =   27
   1.1753498454894782E-020
   3.8250239968716170E-013
   3.6645213244591691E-009
   1.6274124363775131E-006
   1.3555342096405244E-004
   3.7888088772065585E-003
   4.7519898480784598E-002
  0.31239438119975510     
   1.1597415554347603     
   2.4323774590510703     
   2.4721291831753858     
  -1.7249135617690532E-003
  -2.1581464502517536     
 -0.40342750355496731     
   1.9999089998813486     
  0.18563081379159249     
  -1.9844957875430485     
  0.18563081379159249     
   1.9999089998813486     
 -0.40342750355496731     
  -2.1581464502517536     
  -1.7249135617690532E-003
   2.4721291831753858     
   2.4323774590510703     
   1.1597415554347603     
  0.31239438119975510     
   4.7519898480784598E-002
   3.7888088772065585E-003
   1.3555342096405244E-004
   1.6274124363775131E-006
   3.6645213244591691E-009
   3.8250239968716170E-013
   1.1753498454894782E-020
*****  m =   21  l =   28
   3.1553377859314548E-020
   1.0124432644245194E-012
   9.4510210788722751E-009
   4.0376137678069782E-006
   3.1888139811494739E-004
   8.3074586202756141E-003
   9.5030185584931176E-002
  0.55288309567820226     
   1.7309942059311265     
   2.7683267699307943     
   1.3991948996099026     
  -1.6480110009857269     
  -1.4184561177406072     
   1.6453655286714874     
  0.86138517379108459     
  -1.8955374567173129     
  -0.0000000000000000     
   1.8955374567173129     
 -0.86138517379108459     
  -1.6453655286714874     
   1.4184561177406072     
   1.6480110009857269     
  -1.3991948996099026     
  -2.7683267699307943     
  -1.7309942059311265     
 -0.55288309567820226     
  -9.5030185584931176E-002
  -8.3074586202756141E-003
  -3.1888139811494739E-004
  -4.0376137678069782E-006
  -9.4510210788722751E-009
  -1.0124432644245194E-012
  -3.1553377859314548E-020
*****  m =   21  l =   29
   7.9982852230628704E-020
   2.5290315799471587E-012
   2.2980080995498272E-008
   9.4287701719576120E-006
   7.0429022465993366E-004
   1.7033950022975163E-002
  0.17655916787789216     
  0.89828617518617926     
   2.3094035409887179     
   2.5655058335398215     
 -0.20701132941123856     
  -2.1575206661857433     
  0.56314706917001300     
   1.7113569645247275     
  -1.4524438462537652     
 -0.69265657761692301     
   1.9033204191182695     
 -0.69265657761692301     
  -1.4524438462537652     
   1.7113569645247275     
  0.56314706917001300     
  -2.1575206661857433     
 -0.20701132941123856     
   2.5655058335398215     
   2.3094035409887179     
  0.89828617518617926     
  0.17655916787789216     
   1.7033950022975163E-002
   7.0429022465993366E-004
   9.4287701719576120E-006
   2.2980080995498272E-008
   2.5290315799471587E-012
   7.9982852230628704E-020
*****  m =   21  l =   30
   1.9291717492879169E-019
   6.0080680346161175E-012
   5.3086237330439493E-008
   2.0884365200180984E-005
   1.4715387566416808E-003
   3.2902646280722321E-002
  0.30679082434368621     
   1.3456198448645815     
   2.7369178579958642     
   1.7104648054833358     
  -1.6604188496433729     
  -1.1383020953342626     
   1.9475145556371112     
 -0.25863363810253576     
  -1.5901223979164172     
   1.6489552946979718     
   0.0000000000000000     
  -1.6489552946979718     
   1.5901223979164172     
  0.25863363810253576     
  -1.9475145556371112     
   1.1383020953342626     
   1.6604188496433729     
  -1.7104648054833358     
  -2.7369178579958642     
  -1.3456198448645815     
 -0.30679082434368621     
  -3.2902646280722321E-002
  -1.4715387566416808E-003
  -2.0884365200180984E-005
  -5.3086237330439493E-008
  -6.0080680346161175E-012
  -1.9291717492879169E-019
*****  m =   21  l =   31
   4.4544899054660476E-019
   1.3656578177967170E-011
   1.1721828292769531E-007
   4.4140231251656327E-005
   2.9258878791994457E-003
   6.0208847962009336E-002
  0.50094342576694495     
   1.8613512410832098     
   2.8302788582696676     
  0.34688933037776859     
  -2.2066890174468332     
  0.69636181937248343     
   1.3928080149191242     
  -1.8566462851838177     
  0.60415691398067328     
   1.0921833052934802     
  -1.8478250344522944     
   1.0921833052934802     
  0.60415691398067328     
  -1.8566462851838177     
   1.3928080149191242     
  0.69636181937248343     
  -2.2066890174468332     
  0.34688933037776859     
   2.8302788582696676     
   1.8613512410832098     
  0.50094342576694495     
   6.0208847962009336E-002
   2.9258878791994457E-003
   4.4140231251656327E-005
   1.1721828292769531E-007
   1.3656578177967170E-011
   4.4544899054660476E-019
*****  m =   21  l =   32
   9.8945216323952729E-019
   2.9846360029439001E-011
   2.4860140391974966E-007
   8.9452303270704539E-005
   5.5623597645963665E-003
  0.10483642910813679     
  0.77120618083994119     
   2.3743299879896127     
   2.4454880673546100     
  -1.1064987883782695     
  -1.5007151832348018     
   1.9436436516500686     
 -0.54634554463334195     
  -1.1138738304285292     
   1.8487314951797249     
  -1.3365388635193245     
  -0.0000000000000000     
   1.3365388635193245     
  -1.8487314951797249     
   1.1138738304285292     
  0.54634554463334195     
  -1.9436436516500686     
   1.5007151832348018     
   1.1064987883782695     
  -2.4454880673546100     
  -2.3743299879896127     
 -0.77120618083994119     
 -0.10483642910813679     
  -5.5623597645963665E-003
  -8.9452303270704539E-005
  -2.4860140391974966E-007
  -2.9846360029439001E-011
  -9.8945216323952729E-019
*****  m =   22  l =   22
   2.1892016818228894E-025
   1.7545881043928693E-017
   2.9966327226688204E-013
   2.1933151169251673E-010
   2.9931319629361333E-008
   1.4137385251803579E-006
   3.1778868096760748E-005
   4.0908925841294611E-004
   3.3887717028932532E-003
   1.9522673419400779E-002
   8.2540760306754987E-002
  0.26608915759131430     
  0.67230023636255265     
   1.3578985745185455     
   2.2232319328071259     
   2.9780280322641159     
   3.2809108620533292     
   2.9780280322641159     
   2.2232319328071259     
   1.3578985745185455     
  0.67230023636255265     
  0.26608915759131430     
   8.2540760306754987E-002
   1.9522673419400779E-002
   3.3887717028932532E-003
   4.0908925841294611E-004
   3.1778868096760748E-005
   1.4137385251803579E-006
   2.9931319629361333E-008
   2.1933151169251673E-010
   2.9966327226688204E-013
   1.7545881043928693E-017
   2.1892016818228894E-025
*****  m =   22  l =   23
   1.4969759335073481E-024
   1.1865927972028143E-016
   1.9862292784932791E-012
   1.4114782008199542E-009
   1.8515430813740346E-007
   8.3159179492558421E-006
   1.7563451601051495E-004
   2.0956637128416193E-003
   1.5838166178049423E-002
   8.1675266300102009E-002
  0.30182984847085986     
  0.82427174073076115     
   1.6884789629351658     
   2.5843418179076734     
   2.8416537678305347     
   1.9116028866336190     
   0.0000000000000000     
  -1.9116028866336190     
  -2.8416537678305347     
  -2.5843418179076734     
  -1.6884789629351658     
 -0.82427174073076115     
 -0.30182984847085986     
  -8.1675266300102009E-002
  -1.5838166178049423E-002
  -2.0956637128416193E-003
  -1.7563451601051495E-004
  -8.3159179492558421E-006
  -1.8515430813740346E-007
  -1.4114782008199542E-009
  -1.9862292784932791E-012
  -1.1865927972028143E-016
  -1.4969759335073481E-024
*****  m =   22  l =   24
   7.3107030621974674E-024
   5.7283720521638363E-016
   9.3892253724795230E-012
   6.4689840553622800E-009
   8.1403990264345257E-007
   3.4667201517796182E-005
   6.8521899999083842E-004
   7.5362703327093638E-003
   5.1548990630865647E-002
  0.23512334902688170     
  0.74525149281673597     
   1.6692581206595696     
   2.6041520090898898     
   2.5985277098119690     
   1.0281910491575248     
  -1.2778556589444996     
  -2.3944102209108964     
  -1.2778556589444996     
   1.0281910491575248     
   2.5985277098119690     
   2.6041520090898898     
   1.6692581206595696     
  0.74525149281673597     
  0.23512334902688170     
   5.1548990630865647E-002
   7.5362703327093638E-003
   6.8521899999083842E-004
   3.4667201517796182E-005
   8.1403990264345257E-007
   6.4689840553622800E-009
   9.3892253724795230E-012
   5.7283720521638363E-016
   7.3107030621974674E-024
*****  m =   22  l =   25
   2.9438586662343071E-023
   2.2790899078294446E-015
   3.6545160882925739E-011
   2.4376630719219988E-008
   2.9364810151726867E-006
   1.1822581942820107E-004
   2.1777639298643978E-003
   2.1944073714167265E-002
  0.13462063300702470     
  0.53532388850680312     
   1.4195124998407045     
   2.4817773210599641     
   2.5955291684293909     
  0.86237347830349897     
  -1.5840455987963422     
  -2.1121932963634649     
  -0.0000000000000000     
   2.1121932963634649     
   1.5840455987963422     
 -0.86237347830349897     
  -2.5955291684293909     
  -2.4817773210599641     
  -1.4195124998407045     
 -0.53532388850680312     
 -0.13462063300702470     
  -2.1944073714167265E-002
  -2.1777639298643978E-003
  -1.1822581942820107E-004
  -2.9364810151726867E-006
  -2.4376630719219988E-008
  -3.6545160882925739E-011
  -2.2790899078294446E-015
  -2.9438586662343071E-023
*****  m =   22  l =   26
   1.0365590182852509E-022
   7.9249720030847162E-015
   1.2420307627013184E-010
   8.0090458160032957E-008
   9.2161418770266654E-006
   3.4971003273429925E-004
   5.9765734881072931E-003
   5.4807265613059444E-002
  0.29840513699477350     
   1.0161669403002662     
   2.1766987916601548     
   2.7198284219013935     
   1.2466995297865562     
  -1.4176752285981262     
  -2.0244701945752324     
  0.39684919325119716     
   2.1340146397954007     
  0.39684919325119716     
  -2.0244701945752324     
  -1.4176752285981262     
   1.2466995297865562     
   2.7198284219013935     
   2.1766987916601548     
   1.0161669403002662     
  0.29840513699477350     
   5.4807265613059444E-002
   5.9765734881072931E-003
   3.4971003273429925E-004
   9.2161418770266654E-006
   8.0090458160032957E-008
   1.2420307627013184E-010
   7.9249720030847162E-015
   1.0365590182852509E-022
*****  m =   22  l =   27
   3.2956055113953603E-022
   2.4870493109295446E-014
   3.8060870257573092E-010
   2.3691333944553174E-007
   2.5984762814575324E-005
   9.2630419260776164E-004
   1.4617185854577526E-002
  0.12108968218425609     
  0.57794899105466468     
   1.6468341164406972     
   2.6998088935890867     
   1.9575518535678025     
 -0.81073995999929649     
  -2.1503133214590799     
  0.15431278564534998     
   2.0699372860258745     
   0.0000000000000000     
  -2.0699372860258745     
 -0.15431278564534998     
   2.1503133214590799     
  0.81073995999929649     
  -1.9575518535678025     
  -2.6998088935890867     
  -1.6468341164406972     
 -0.57794899105466468     
 -0.12108968218425609     
  -1.4617185854577526E-002
  -9.2630419260776164E-004
  -2.5984762814575324E-005
  -2.3691333944553174E-007
  -3.8060870257573092E-010
  -2.4870493109295446E-014
  -3.2956055113953603E-022
*****  m =   22  l =   28
   9.6546498940545971E-022
   7.1881467323546315E-014
   1.0731526448871654E-009
   6.4384662742332317E-007
   6.7157030567772008E-005
   2.2414952888800133E-003
   3.2491823524064600E-002
  0.24113181801529621     
  0.99402425943094475     
   2.2963765714839219     
   2.6152210629461332     
  0.31037717637938134     
  -2.1284937420400238     
 -0.60110333592771126     
   1.9902912735271281     
  0.25460233905313645     
  -1.9999507558899057     
  0.25460233905313645     
   1.9902912735271281     
 -0.60110333592771126     
  -2.1284937420400238     
  0.31037717637938134     
   2.6152210629461332     
   2.2963765714839219     
  0.99402425943094475     
  0.24113181801529621     
   3.2491823524064600E-002
   2.2414952888800133E-003
   6.7157030567772008E-005
   6.4384662742332317E-007
   1.0731526448871654E-009
   7.1881467323546315E-014
   9.6546498940545971E-022
*****  m =   22  l =   29
   2.6427015306837629E-021
   1.9401931370245580E-013
   2.8231062078211517E-009
   1.6300291537587480E-006
   1.6131464113822294E-004
   5.0233394852006877E-003
   6.6516165923997464E-002
  0.43804858389036144     
   1.5311555598594941     
   2.7374694529531620     
   1.7180395122743439     
  -1.4281528997799711     
  -1.6234785744237501     
   1.5294429991902199     
  0.99238235126134067     
  -1.8921314008048167     
  -0.0000000000000000     
   1.8921314008048167     
 -0.99238235126134067     
  -1.5294429991902199     
   1.6234785744237501     
   1.4281528997799711     
  -1.7180395122743439     
  -2.7374694529531620     
  -1.5311555598594941     
 -0.43804858389036144     
  -6.6516165923997464E-002
  -5.0233394852006877E-003
  -1.6131464113822294E-004
  -1.6300291537587480E-006
  -2.8231062078211517E-009
  -1.9401931370245580E-013
  -2.6427015306837629E-021
*****  m =   22  l =   30
   6.8278145768799445E-021
   4.9405996450009616E-013
   6.9997701374674628E-009
   3.8835145764391685E-006
   3.6377281671327839E-004
   1.0529272596350297E-002
  0.12658474095770228     
  0.73168307262731302     
   2.1176717226111550     
   2.7128698721656428     
  0.18914970071227816     
  -2.1955182110483040     
  0.29045848006543362     
   1.8249079469092808     
  -1.3631523978732050     
 -0.76508630950908552     
   1.9166121401715623     
 -0.76508630950908552     
  -1.3631523978732050     
   1.8249079469092808     
  0.29045848006543362     
  -2.1955182110483040     
  0.18914970071227816     
   2.7128698721656428     
   2.1176717226111550     
  0.73168307262731302     
  0.12658474095770228     
   1.0529272596350297E-002
   3.6377281671327839E-004
   3.8835145764391685E-006
   6.9997701374674628E-009
   4.9405996450009616E-013
   6.8278145768799445E-021
*****  m =   22  l =   31
   1.6780033319310547E-020
   1.1961232400915738E-012
   1.6484761298854649E-008
   8.7742609247936946E-006
   7.7600656658504893E-004
   2.0795292929291651E-002
  0.22546547472306247     
   1.1291425899535119     
   2.6201965641842908     
   2.0573351597700902     
  -1.3715557493209372     
  -1.4376543420107302     
   1.8686982489101753     
  -3.7954794963253671E-002
  -1.6790284055789062     
   1.6225931197810608     
   0.0000000000000000     
  -1.6225931197810608     
   1.6790284055789062     
   3.7954794963253671E-002
  -1.8686982489101753     
   1.4376543420107302     
   1.3715557493209372     
  -2.0573351597700902     
  -2.6201965641842908     
  -1.1291425899535119     
 -0.22546547472306247     
  -2.0795292929291651E-002
  -7.7600656658504893E-004
  -8.7742609247936946E-006
  -1.6484761298854649E-008
  -1.1961232400915738E-012
  -1.6780033319310547E-020
*****  m =   22  l =   32
   3.9465371467257582E-020
   2.7699245024931766E-012
   3.7098338134437676E-008
   1.8913414180336170E-005
   1.5752842034452690E-003
   3.8919253735988840E-002
  0.37772242889132679     
   1.6135834891643890     
   2.8644777657967091     
  0.82532043687029366     
  -2.1981076790493828     
  0.34118614292790161     
   1.6033813737105360     
  -1.7995118619206527     
  0.46047218475876500     
   1.1606435988457449     
  -1.8594662713440171     
   1.1606435988457449     
  0.46047218475876500     
  -1.7995118619206527     
   1.6033813737105360     
  0.34118614292790161     
  -2.1981076790493828     
  0.82532043687029366     
   2.8644777657967091     
   1.6135834891643890     
  0.37772242889132679     
   3.8919253735988840E-002
   1.5752842034452690E-003
   1.8913414180336170E-005
   3.7098338134437676E-008
   2.7699245024931766E-012
   3.9465371467257582E-020
*****  m =   23  l =   23
   1.5871040236723814E-026
   2.9091257906417155E-018
   7.7375827635350979E-014
   7.6432117311962446E-011
   1.3042093416622717E-008
   7.3399398302627662E-007
   1.9006663756364000E-005
   2.7480556786947706E-004
   2.5060355573226180E-003
   1.5633357183832051E-002
   7.0573530392816289E-002
  0.23994282686092205     
  0.63232587152757891     
   1.3186285586873472     
   2.2078650642807189     
   2.9969998388551753     
   3.3163811995147250     
   2.9969998388551753     
   2.2078650642807189     
   1.3186285586873472     
  0.63232587152757891     
  0.23994282686092205     
   7.0573530392816289E-002
   1.5633357183832051E-002
   2.5060355573226180E-003
   2.7480556786947706E-004
   1.9006663756364000E-005
   7.3399398302627662E-007
   1.3042093416622717E-008
   7.6432117311962446E-011
   7.7375827635350979E-014
   2.9091257906417155E-018
   1.5871040236723814E-026
*****  m =   23  l =   24
   1.1081117218841206E-025
   2.0088066561526358E-017
   5.2366105969856971E-013
   5.0222478885247062E-010
   8.2376697034064459E-008
   4.4084174571011359E-006
   1.0725719787118846E-004
   1.4374017063434924E-003
   1.1959111725731905E-002
   6.6780955928117752E-002
  0.26350246059662485     
  0.75892719323055802     
   1.6215205330122173     
   2.5624429855968507     
   2.8814297014392105     
   1.9642860249493197     
   0.0000000000000000     
  -1.9642860249493197     
  -2.8814297014392105     
  -2.5624429855968507     
  -1.6215205330122173     
 -0.75892719323055802     
 -0.26350246059662485     
  -6.6780955928117752E-002
  -1.1959111725731905E-002
  -1.4374017063434924E-003
  -1.0725719787118846E-004
  -4.4084174571011359E-006
  -8.2376697034064459E-008
  -5.0222478885247062E-010
  -5.2366105969856971E-013
  -2.0088066561526358E-017
  -1.1081117218841206E-025
*****  m =   23  l =   25
   5.5234388370273753E-025
   9.8982443584119869E-017
   2.5267240072912391E-012
   2.3495944307505937E-009
   3.6973120740176769E-007
   1.8763463204466621E-005
   4.2730698280898970E-004
   5.2796989261680799E-003
   3.9770244409960361E-002
  0.19652830737022164     
  0.66565661126919973     
   1.5747258417118282     
   2.5698903907510777     
   2.6682973976320556     
   1.1316544292030482     
  -1.2460543612631336     
  -2.4172074049174643     
  -1.2460543612631336     
   1.1316544292030482     
   2.6682973976320556     
   2.5698903907510777     
   1.5747258417118282     
  0.66565661126919973     
  0.19652830737022164     
   3.9770244409960361E-002
   5.2796989261680799E-003
   4.2730698280898970E-004
   1.8763463204466621E-005
   3.6973120740176769E-007
   2.3495944307505937E-009
   2.5267240072912391E-012
   9.8982443584119869E-017
   5.5234388370273753E-025
*****  m =   23  l =   26
   2.2692708796489381E-024
   4.0181405720368454E-016
   1.0035247363322739E-011
   9.0355119362004401E-009
   1.3613369625587963E-006
   6.5329934992983045E-005
   1.3870123498624773E-003
   1.5709107042159678E-002
  0.10621044285905294     
  0.45814403799123959     
   1.3010441732827536     
   2.4133027335349726     
   2.6742115893502971     
   1.0227489339369176     
  -1.5170022372332459     
  -2.1511924660824584     
  -0.0000000000000000     
   2.1511924660824584     
   1.5170022372332459     
  -1.0227489339369176     
  -2.6742115893502971     
  -2.4133027335349726     
  -1.3010441732827536     
 -0.45814403799123959     
 -0.10621044285905294     
  -1.5709107042159678E-002
  -1.3870123498624773E-003
  -6.5329934992983045E-005
  -1.3613369625587963E-006
  -9.0355119362004401E-009
  -1.0035247363322739E-011
  -4.0181405720368454E-016
  -2.2692708796489381E-024
*****  m =   23  l =   27
   8.1493781816623659E-024
   1.4251123992152575E-015
   3.4791148696015714E-011
   3.0288468181784226E-008
   4.3603515925823584E-006
   1.9729224302822098E-004
   3.8883784237573977E-003
   4.0113100860826180E-002
  0.24102225034602964     
  0.89238385862008451     
   2.0567219276544577     
   2.7610482540266523     
   1.4521104103690290     
  -1.2916601951258944     
  -2.0872819931833448     
  0.34041168399651606     
   2.1520573580164397     
  0.34041168399651606     
  -2.0872819931833448     
  -1.2916601951258944     
   1.4521104103690290     
   2.7610482540266523     
   2.0567219276544577     
  0.89238385862008451     
  0.24102225034602964     
   4.0113100860826180E-002
   3.8883784237573977E-003
   1.9729224302822098E-004
   4.3603515925823584E-006
   3.0288468181784226E-008
   3.4791148696015714E-011
   1.4251123992152575E-015
   8.1493781816623659E-024
*****  m =   23  l =   28
   2.6416393472560098E-023
   4.5601515159599407E-015
   1.0872424826367191E-010
   9.1391227535960922E-008
   1.2544950786032353E-005
   5.3354045182691908E-004
   9.7171947429449054E-003
   9.0669143228794727E-002
  0.47858216760114236     
   1.4886539294252479     
   2.6516159353716162     
   2.1579436305126465     
 -0.59083937635027139     
  -2.1965957893661416     
   2.8774737355707656E-002
   2.0874687232464666     
   0.0000000000000000     
  -2.0874687232464666     
  -2.8774737355707656E-002
   2.1965957893661416     
  0.59083937635027139     
  -2.1579436305126465     
  -2.6516159353716162     
  -1.4886539294252479     
 -0.47858216760114236     
  -9.0669143228794727E-002
  -9.7171947429449054E-003
  -5.3354045182691908E-004
  -1.2544950786032353E-005
  -9.1391227535960922E-008
  -1.0872424826367191E-010
  -4.5601515159599407E-015
  -2.6416393472560098E-023
*****  m =   23  l =   29
   7.8874057720852977E-023
   1.3434323471259475E-014
   3.1253490606029674E-010
   2.5329275389795354E-007
   3.3080479553084500E-005
   1.3182196417722343E-003
   2.2077855545282542E-002
  0.18487368494221185     
  0.84548403765153812     
   2.1469300151103057     
   2.7176500843073703     
  0.61595395540639819     
  -2.0703038238518574     
 -0.79258331044675101     
   1.9720361378383733     
  0.32294727416049690     
  -2.0150753783488327     
  0.32294727416049690     
   1.9720361378383733     
 -0.79258331044675101     
  -2.0703038238518574     
  0.61595395540639819     
   2.7176500843073703     
   2.1469300151103057     
  0.84548403765153812     
  0.18487368494221185     
   2.2077855545282542E-002
   1.3182196417722343E-003
   3.3080479553084500E-005
   2.5329275389795354E-007
   3.1253490606029674E-010
   1.3434323471259475E-014
   7.8874057720852977E-023
*****  m =   23  l =   30
   2.1996884693940962E-022
   3.6949872079223578E-014
   8.3798552990833728E-010
   6.5384349047023001E-007
   8.1067187864084588E-005
   3.0166100843342708E-003
   4.6216445375231729E-002
  0.34424703287334552     
   1.3412228163371096     
   2.6683516255045006     
   1.9993153873921454     
  -1.1803338225937505     
  -1.8017113428272671     
   1.3985543894321544     
   1.1178360739751798     
  -1.8861517832413481     
  -0.0000000000000000     
   1.8861517832413481     
  -1.1178360739751798     
  -1.3985543894321544     
   1.8017113428272671     
   1.1803338225937505     
  -1.9993153873921454     
  -2.6683516255045006     
  -1.3412228163371096     
 -0.34424703287334552     
  -4.6216445375231729E-002
  -3.0166100843342708E-003
  -8.1067187864084588E-005
  -6.5384349047023001E-007
  -8.3798552990833728E-010
  -3.6949872079223578E-014
  -2.1996884693940962E-022
*****  m =   23  l =   31
   5.7885622082456324E-022
   9.5848732108021151E-014
   2.1171571822815891E-009
   1.5880350091741745E-006
   1.8649296984455407E-004
   6.4574332251994358E-003
   8.9983145157506064E-002
  0.59017964956897817     
   1.9174977358796306     
   2.8007465186919500     
  0.57822294772331295     
  -2.1805599456231137     
   1.3926286495425140E-002
   1.9169810589297078     
  -1.2668474860316588     
 -0.83599029007111436     
   1.9296593441833665     
 -0.83599029007111436     
  -1.2668474860316588     
   1.9169810589297078     
   1.3926286495425140E-002
  -2.1805599456231137     
  0.57822294772331295     
   2.8007465186919500     
   1.9174977358796306     
  0.59017964956897817     
   8.9983145157506064E-002
   6.4574332251994358E-003
   1.8649296984455407E-004
   1.5880350091741745E-006
   2.1171571822815891E-009
   9.5848732108021151E-014
   5.7885622082456324E-022
*****  m =   23  l =   32
   1.4485136022997587E-021
   2.3631722757182707E-013
   5.0793069019026880E-009
   3.6570158273484518E-006
   4.0582405480929463E-004
   1.3026851208874817E-002
  0.16407657224598074     
  0.93644842926460226     
   2.4664729823869802     
   2.3426679793329290     
  -1.0409401561915621     
  -1.6956687780362767     
   1.7521395491349305     
  0.18196531534309965     
  -1.7573145336065723     
   1.5937588697212786     
   0.0000000000000000     
  -1.5937588697212786     
   1.7573145336065723     
 -0.18196531534309965     
  -1.7521395491349305     
   1.6956687780362767     
   1.0409401561915621     
  -2.3426679793329290     
  -2.4664729823869802     
 -0.93644842926460226     
 -0.16407657224598074     
  -1.3026851208874817E-002
  -4.0582405480929463E-004
  -3.6570158273484518E-006
  -5.0793069019026880E-009
  -2.3631722757182707E-013
  -1.4485136022997587E-021
*****  m =   24  l =   24
   1.1500915708080676E-027
   4.8212230992139349E-019
   1.9970296153439939E-014
   2.6623071426545444E-011
   5.6803638738085415E-009
   3.8091082488627605E-007
   1.1362679770348422E-005
   1.8451870055814798E-004
   1.8524203944049829E-003
   1.2513321992941147E-002
   6.0314624690158872E-002
  0.21626974684955064     
  0.59446466714761304     
   1.2799264990214705     
   2.1916322961681902     
   3.0147552902453385     
   3.3507487619816709     
   3.0147552902453385     
   2.1916322961681902     
   1.2799264990214705     
  0.59446466714761304     
  0.21626974684955064     
   6.0314624690158872E-002
   1.2513321992941147E-002
   1.8524203944049829E-003
   1.8451870055814798E-004
   1.1362679770348422E-005
   3.8091082488627605E-007
   5.6803638738085415E-009
   2.6623071426545444E-011
   1.9970296153439939E-014
   4.8212230992139349E-019
   1.1500915708080676E-027
*****  m =   24  l =   25
   8.1921448891057450E-027
   3.3964084670648634E-018
   1.3788484214457671E-013
   1.7847091888813512E-010
   3.6603302644122787E-008
   2.3339985213619368E-006
   6.5416660579096399E-005
   9.8464587045812087E-004
   9.0185827861875966E-003
   5.4533082733079941E-002
  0.22974840739122168     
  0.69787101854919531     
   1.5552298958210125     
   2.5374869204224102     
   2.9180332795349910     
   2.0158449322858525     
   0.0000000000000000     
  -2.0158449322858525     
  -2.9180332795349910     
  -2.5374869204224102     
  -1.5552298958210125     
 -0.69787101854919531     
 -0.22974840739122168     
  -5.4533082733079941E-002
  -9.0185827861875966E-003
  -9.8464587045812087E-004
  -6.5416660579096399E-005
  -2.3339985213619368E-006
  -3.6603302644122787E-008
  -1.7847091888813512E-010
  -1.3788484214457671E-013
  -3.3964084670648634E-018
  -8.1921448891057450E-027
*****  m =   24  l =   26
   4.1644310773534000E-026
   1.7067902038638195E-017
   6.7854637646545789E-013
   8.5161117596930573E-010
   1.6757729566633004E-007
   1.0134251940613852E-005
   2.6590666745670113E-004
   3.6908994314191288E-003
   3.0616437084030806E-002
  0.16390582359431202     
  0.59320894928755996     
   1.4819817801284696     
   2.5293324919529998     
   2.7305552007211653     
   1.2329320533972439     
  -1.2134787933088573     
  -2.4393819198597209     
  -1.2134787933088573     
   1.2329320533972439     
   2.7305552007211653     
   2.5293324919529998     
   1.4819817801284696     
  0.59320894928755996     
  0.16390582359431202     
   3.0616437084030806E-002
   3.6908994314191288E-003
   2.6590666745670113E-004
   1.0134251940613852E-005
   1.6757729566633004E-007
   8.5161117596930573E-010
   6.7854637646545789E-013
   1.7067902038638195E-017
   4.1644310773534000E-026
*****  m =   24  l =   27
   1.7442704564103762E-025
   7.0639036381569884E-017
   2.7477564806813066E-012
   3.3394699583500601E-009
   6.2927524270545418E-007
   3.5994463238981430E-005
   8.8075454391393112E-004
   1.1211500005077472E-002
   8.3533307230548068E-002
  0.39080281815187040     
   1.1882159002459429     
   2.3369753146112120     
   2.7387771746204059     
   1.1783396563782307     
  -1.4465125471474434     
  -2.1883542043676973     
  -0.0000000000000000     
   2.1883542043676973     
   1.4465125471474434     
  -1.1783396563782307     
  -2.7387771746204059     
  -2.3369753146112120     
  -1.1882159002459429     
 -0.39080281815187040     
  -8.3533307230548068E-002
  -1.1211500005077472E-002
  -8.8075454391393112E-004
  -3.5994463238981430E-005
  -6.2927524270545418E-007
  -3.3394699583500601E-009
  -2.7477564806813066E-012
  -7.0639036381569884E-017
  -1.7442704564103762E-025
*****  m =   24  l =   28
   6.3839123855460990E-025
   2.5534551965916941E-016
   9.7101254166431673E-012
   1.1412500250757039E-008
   2.0553327273629048E-006
   1.1088509535521345E-004
   2.5200350260538929E-003
   2.9241299483849813E-002
  0.19385430099383255     
  0.78008051126848776     
   1.9329020400571679     
   2.7814194054006212     
   1.6455042654346905     
  -1.1586839372916229     
  -2.1436114338832382     
  0.28383721448258364     
   2.1696682890313057     
  0.28383721448258364     
  -2.1436114338832382     
  -1.1586839372916229     
   1.6455042654346905     
   2.7814194054006212     
   1.9329020400571679     
  0.78008051126848776     
  0.19385430099383255     
   2.9241299483849813E-002
   2.5200350260538929E-003
   1.1088509535521345E-004
   2.0553327273629048E-006
   1.1412500250757039E-008
   9.7101254166431673E-012
   2.5534551965916941E-016
   6.3839123855460990E-025
*****  m =   24  l =   29
   2.1082825083269299E-024
   8.3249953379917444E-016
   3.0922200852625113E-011
   3.5098966411447741E-008
   6.0292325682318958E-006
   3.0589822963078247E-004
   6.4290032275016685E-003
   6.7550343194196255E-002
  0.39414240087563579     
   1.3372291565993553     
   2.5824749673372502     
   2.3327377565546246     
 -0.36565230605261684     
  -2.2271245343067547     
  -9.6398280403140732E-002
   2.1027075544239913     
   0.0000000000000000     
  -2.1027075544239913     
   9.6398280403140732E-002
   2.2271245343067547     
  0.36565230605261684     
  -2.3327377565546246     
  -2.5824749673372502     
  -1.3372291565993553     
 -0.39414240087563579     
  -6.7550343194196255E-002
  -6.4290032275016685E-003
  -3.0589822963078247E-004
  -6.0292325682318958E-006
  -3.5098966411447741E-008
  -3.0922200852625113E-011
  -8.3249953379917444E-016
  -2.1082825083269299E-024
*****  m =   24  l =   30
   6.4112745715854834E-024
   2.4981383778691836E-015
   9.0555929282417263E-011
   9.9131520084176728E-008
   1.6208825112088010E-005
   7.7101610077594154E-004
   1.4915990306047306E-002
  0.14087149943790775     
  0.71417554744772260     
   1.9899123681824038     
   2.7825438631603454     
  0.91078162106115346     
  -1.9859375139155229     
 -0.97657983757945743     
   1.9456063244364332     
  0.39062076241020111     
  -2.0298841996851507     
  0.39062076241020111     
   1.9456063244364332     
 -0.97657983757945743     
  -1.9859375139155229     
  0.91078162106115346     
   2.7825438631603454     
   1.9899123681824038     
  0.71417554744772260     
  0.14087149943790775     
   1.4915990306047306E-002
   7.7101610077594154E-004
   1.6208825112088010E-005
   9.9131520084176728E-008
   9.0555929282417263E-011
   2.4981383778691836E-015
   6.4112745715854834E-024
*****  m =   24  l =   31
   1.8205075086355054E-023
   6.9965527264088858E-015
   2.4729772746992917E-010
   2.6072344412122505E-007
   4.0492386750043860E-005
   1.8000912763098944E-003
   3.1896499782996100E-002
  0.26853511170345151     
   1.1646095949090007     
   2.5689230369890295     
   2.2410604860959307     
 -0.91111407594740823     
  -1.9519286546742767     
   1.2546701687892623     
   1.2374143105063953     
  -1.8777134110717422     
  -0.0000000000000000     
   1.8777134110717422     
  -1.2374143105063953     
  -1.2546701687892623     
   1.9519286546742767     
  0.91111407594740823     
  -2.2410604860959307     
  -2.5689230369890295     
  -1.1646095949090007     
 -0.26853511170345151     
  -3.1896499782996100E-002
  -1.8000912763098944E-003
  -4.0492386750043860E-005
  -2.6072344412122505E-007
  -2.4729772746992917E-010
  -6.9965527264088858E-015
  -1.8205075086355054E-023
*****  m =   24  l =   32
   4.8763324768664594E-023
   1.8475942417122875E-014
   6.3620507602123749E-010
   6.4507017170739721E-007
   9.4953078081892200E-005
   3.9317324348079417E-003
   6.3467946994278018E-002
  0.47185247978073563     
   1.7169702128466751     
   2.8353768397889634     
  0.95126697695781937     
  -2.1162324192517574     
 -0.26148264459116649     
   1.9875802705052916     
  -1.1643275956688761     
 -0.90534081753378692     
   1.9424702750714959     
 -0.90534081753378692     
  -1.1643275956688761     
   1.9875802705052916     
 -0.26148264459116649     
  -2.1162324192517574     
  0.95126697695781937     
   2.8353768397889634     
   1.7169702128466751     
  0.47185247978073563     
   6.3467946994278018E-002
   3.9317324348079417E-003
   9.4953078081892200E-005
   6.4507017170739721E-007
   6.3620507602123749E-010
   1.8475942417122875E-014
   4.8763324768664594E-023
*****  m =   25  l =   25
   8.3307118463049468E-029
   7.9868333245542814E-020
   5.1521247229199865E-015
   9.2696447100788621E-012
   2.4730202434476032E-009
   1.9759538378074510E-007
   6.7901334131474079E-006
   1.2384483868363761E-004
   1.3687197794045641E-003
   1.0011880422655189E-002
   5.1525958667151081E-002
  0.19485270411210173     
  0.55864228690598794     
   1.2418531645605329     
   2.1746307271879814     
   3.0313778770458577     
   3.3840903668844504     
   3.0313778770458577     
   2.1746307271879814     
   1.2418531645605329     
  0.55864228690598794     
  0.19485270411210173     
   5.1525958667151081E-002
   1.0011880422655189E-002
   1.3687197794045641E-003
   1.2384483868363761E-004
   6.7901334131474079E-006
   1.9759538378074510E-007
   2.4730202434476032E-009
   9.2696447100788621E-012
   5.1521247229199865E-015
   7.9868333245542814E-020
   8.3307118463049468E-029
*****  m =   25  l =   26
   6.0492309271967997E-028
   5.7357492143082332E-019
   3.6263626709919240E-014
   6.3346881195874400E-011
   1.6245183977733790E-008
   1.2342607057985635E-006
   3.9850957177226321E-005
   6.7370603055225500E-004
   6.7930706677309972E-003
   4.4479093705793803E-002
  0.20008236277890806     
  0.64097143450521765     
   1.4898934224547424     
   2.5098159609944672     
   2.9516232048827593     
   2.0663219011119347     
   0.0000000000000000     
  -2.0663219011119347     
  -2.9516232048827593     
  -2.5098159609944672     
  -1.4898934224547424     
 -0.64097143450521765     
 -0.20008236277890806     
  -4.4479093705793803E-002
  -6.7930706677309972E-003
  -6.7370603055225500E-004
  -3.9850957177226321E-005
  -1.2342607057985635E-006
  -1.6245183977733790E-008
  -6.3346881195874400E-011
  -3.6263626709919240E-014
  -5.7357492143082332E-019
  -6.0492309271967997E-028
*****  m =   25  l =   27
   3.1337704295762469E-027
   2.9374254656098670E-018
   1.8187157631806567E-013
   3.0807151466266999E-010
   7.5805961792988594E-008
   5.4629323511311783E-006
   1.6514625701782206E-004
   2.5751244663162155E-003
   2.3522492956813350E-002
  0.13642054007614979     
  0.52753948770808978     
   1.3916294310487751     
   2.4833688104191651     
   2.7856430596321897     
   1.3319750336209237     
  -1.1801884426770284     
  -2.4609717409573100     
  -1.1801884426770284     
   1.3319750336209237     
   2.7856430596321897     
   2.4833688104191651     
   1.3916294310487751     
  0.52753948770808978     
  0.13642054007614979     
   2.3522492956813350E-002
   2.5751244663162155E-003
   1.6514625701782206E-004
   5.4629323511311783E-006
   7.5805961792988594E-008
   3.0807151466266999E-010
   1.8187157631806567E-013
   2.9374254656098670E-018
   3.1337704295762469E-027
*****  m =   25  l =   28
   1.3371936341642066E-026
   1.2385556187506585E-017
   7.5037085095265493E-013
   1.2309611225210261E-009
   2.9010126101454584E-007
   1.9777968239116366E-005
   5.5774489771715462E-004
   7.9791803317467175E-003
   6.5508609877558507E-002
  0.33235432083741873     
   1.0816398359111834     
   2.2545496616851883     
   2.7900556016927367     
   1.3287988332643152     
  -1.3728980296838282     
  -2.2237401970672042     
  -0.0000000000000000     
   2.2237401970672042     
   1.3728980296838282     
  -1.3287988332643152     
  -2.7900556016927367     
  -2.2545496616851883     
  -1.0816398359111834     
 -0.33235432083741873     
  -6.5508609877558507E-002
  -7.9791803317467175E-003
  -5.5774489771715462E-004
  -1.9777968239116366E-005
  -2.9010126101454584E-007
  -1.2309611225210261E-009
  -7.5037085095265493E-013
  -1.2385556187506585E-017
  -1.3371936341642066E-026
*****  m =   25  l =   29
   4.9842553330660156E-026
   4.5598915132208874E-017
   2.7009771334365859E-012
   4.2856141787334319E-009
   9.6550616940017875E-007
   6.2104749335673576E-005
   1.6274153875300756E-003
   2.1237763771775428E-002
  0.15531475127683528     
  0.67905070838265158     
   1.8076985412776738     
   2.7830419725730895     
   1.8262706979440164     
  -1.0198217267845928     
  -2.1935992739676222     
  0.22717725946947276     
   2.1868700381172252     
  0.22717725946947276     
  -2.1935992739676222     
  -1.0198217267845928     
   1.8262706979440164     
   2.7830419725730895     
   1.8076985412776738     
  0.67905070838265158     
  0.15531475127683528     
   2.1237763771775428E-002
   1.6274153875300756E-003
   6.2104749335673576E-005
   9.6550616940017875E-007
   4.2856141787334319E-009
   2.7009771334365859E-012
   4.5598915132208874E-017
   4.9842553330660156E-026
*****  m =   25  l =   30
   1.6758796603315513E-025
   1.5137047235367350E-016
   8.7590061561011037E-012
   1.3424732686357185E-008
   2.8856818527317534E-006
   1.7463793790219406E-004
   4.2348379397144434E-003
   5.0094514885838243E-002
  0.32298585573935090     
   1.1943830377031850     
   2.4964737625587099     
   2.4822027944233964     
 -0.13767975760816731     
  -2.2424751122878295     
 -0.22080306865776772     
   2.1157381195436988     
   0.0000000000000000     
  -2.1157381195436988     
  0.22080306865776772     
   2.2424751122878295     
  0.13767975760816731     
  -2.4822027944233964     
  -2.4964737625587099     
  -1.1943830377031850     
 -0.32298585573935090     
  -5.0094514885838243E-002
  -4.2348379397144434E-003
  -1.7463793790219406E-004
  -2.8856818527317534E-006
  -1.3424732686357185E-008
  -8.7590061561011037E-012
  -1.5137047235367350E-016
  -1.6758796603315513E-025
*****  m =   25  l =   31
   5.1871717613328531E-025
   4.6236373830691310E-016
   2.6114621475173434E-011
   3.8611832965122179E-008
   7.9032839536145875E-006
   4.4869449519488718E-004
   1.0024436229239542E-002
  0.10673910244669073     
  0.59947235902021523     
   1.8301601795378091     
   2.8134438425600266     
   1.1914036036942333     
  -1.8778618707487880     
  -1.1519842356888752     
   1.9114596902765473     
  0.45758158122858661     
  -2.0443909584203839     
  0.45758158122858661     
   1.9114596902765473     
  -1.1519842356888752     
  -1.8778618707487880     
   1.1914036036942333     
   2.8134438425600266     
   1.8301601795378091     
  0.59947235902021523     
  0.10673910244669073     
   1.0024436229239542E-002
   4.4869449519488718E-004
   7.9032839536145875E-006
   3.8611832965122179E-008
   2.6114621475173434E-011
   4.6236373830691310E-016
   5.1871717613328531E-025
*****  m =   25  l =   32
   1.4987397931705457E-024
   1.3177846848829396E-015
   7.2588426820154425E-011
   1.0339726684423085E-007
   2.0112312168569152E-005
   1.0679119893624246E-003
   2.1877913408652087E-002
  0.20806315889549729     
   1.0032965967301053     
   2.4465246279761232     
   2.4427060385974260     
 -0.62670137620953548     
  -2.0734580526065467     
   1.0997144199060715     
   1.3508373123731270     
  -1.8669253763722631     
  -0.0000000000000000     
   1.8669253763722631     
  -1.3508373123731270     
  -1.0997144199060715     
   2.0734580526065467     
  0.62670137620953548     
  -2.4427060385974260     
  -2.4465246279761232     
  -1.0032965967301053     
 -0.20806315889549729     
  -2.1877913408652087E-002
  -1.0679119893624246E-003
  -2.0112312168569152E-005
  -1.0339726684423085E-007
  -7.2588426820154425E-011
  -1.3177846848829396E-015
  -1.4987397931705457E-024
*****  m =   26  l =   26
   6.0320923547036241E-030
   1.3225990033425411E-020
   1.3286922673713759E-015
   3.2262959067866269E-012
   1.0762554487324631E-009
   1.0246285459853702E-007
   4.0561314834669642E-006
   8.3090546073367791E-005
   1.0109407664824317E-003
   8.0074616065521683E-003
   4.4001320387304727E-002
  0.17549036594407461     
  0.52478056659357730     
   1.2044579518587073     
   2.1569472588894385     
   3.0469425437435413     
   3.4164747446288932     
   3.0469425437435413     
   2.1569472588894385     
   1.2044579518587073     
  0.52478056659357730     
  0.17549036594407461     
   4.4001320387304727E-002
   8.0074616065521683E-003
   1.0109407664824317E-003
   8.3090546073367791E-005
   4.0561314834669642E-006
   1.0246285459853702E-007
   1.0762554487324631E-009
   3.2262959067866269E-012
   1.3286922673713759E-015
   1.3225990033425411E-020
   6.0320923547036241E-030
*****  m =   26  l =   27
   4.4619987391978069E-029
   9.6758055955946075E-020
   9.5269236582840855E-015
   2.2460000221701099E-011
   7.2020434283274663E-009
   6.5198855102945847E-007
   2.4250231245395994E-005
   4.6045537421073642E-004
   5.1111745086195228E-003
   3.6239195726946255E-002
  0.17405714090558450     
  0.58806986843090647     
   1.4257472742883122     
   2.4797430494275092     
   2.9823480910175229     
   2.1157559786983384     
   0.0000000000000000     
  -2.1157559786983384     
  -2.9823480910175229     
  -2.4797430494275092     
  -1.4257472742883122     
 -0.58806986843090647     
 -0.17405714090558450     
  -3.6239195726946255E-002
  -5.1111745086195228E-003
  -4.6045537421073642E-004
  -2.4250231245395994E-005
  -6.5198855102945847E-007
  -7.2020434283274663E-009
  -2.2460000221701099E-011
  -9.5269236582840855E-015
  -9.6758055955946075E-020
  -4.4619987391978069E-029
*****  m =   26  l =   28
   2.3539971807463653E-028
   5.0463837549779515E-019
   4.8660412248418010E-014
   1.1124635066561875E-010
   3.4230500580085356E-008
   2.9395332456261875E-006
   1.0238164199052493E-004
   1.7933770059857619E-003
   1.8038896144397795E-002
  0.11333099646767693     
  0.46823360290414789     
   1.3041370130834746     
   2.4328128604431996     
   2.8338999130960008     
   1.4287442755237953     
  -1.1462378672172215     
  -2.4820113591660458     
  -1.1462378672172215     
   1.4287442755237953     
   2.8338999130960008     
   2.4328128604431996     
   1.3041370130834746     
  0.46823360290414789     
  0.11333099646767693     
   1.8038896144397795E-002
   1.7933770059857619E-003
   1.0238164199052493E-004
   2.9395332456261875E-006
   3.4230500580085356E-008
   1.1124635066561875E-010
   4.8660412248418010E-014
   5.0463837549779515E-019
   2.3539971807463653E-028
*****  m =   26  l =   29
   1.0226150157396001E-027
   2.1663168491851596E-018
   2.0441192533960160E-013
   4.5262524667954353E-010
   1.3340714071578816E-007
   1.0840216819533367E-005
   3.5229960315747929E-004
   5.6640569118455121E-003
   5.1236565866810267E-002
  0.28186208970916315     
  0.98168188976171777     
   2.1675821478801232     
   2.8288939304352523     
   1.4738439484608963     
  -1.2964597466736818     
  -2.2574082661998687     
  -0.0000000000000000     
   2.2574082661998687     
   1.2964597466736818     
  -1.4738439484608963     
  -2.8288939304352523     
  -2.1675821478801232     
 -0.98168188976171777     
 -0.28186208970916315     
  -5.1236565866810267E-002
  -5.6640569118455121E-003
  -3.5229960315747929E-004
  -1.0840216819533367E-005
  -1.3340714071578816E-007
  -4.5262524667954353E-010
  -2.0441192533960160E-013
  -2.1663168491851596E-018
  -1.0226150157396001E-027
*****  m =   26  l =   30
   3.8794522976646248E-027
   8.1177223762370749E-018
   7.4896934320557613E-013
   1.6042884169229618E-009
   4.5211659579256157E-007
   3.4671916055554370E-005
   1.0475167860413551E-003
   1.5372543093732836E-002
  0.12399444228999819     
  0.58883271372367219     
   1.6831284281097512     
   2.7679841973433819     
   1.9940032204376212     
 -0.87608074965795146     
  -2.2373930255086729     
  0.17047946036245970     
   2.2036834870955837     
  0.17047946036245970     
  -2.2373930255086729     
 -0.87608074965795146     
   1.9940032204376212     
   2.7679841973433819     
   1.6831284281097512     
  0.58883271372367219     
  0.12399444228999819     
   1.5372543093732836E-002
   1.0475167860413551E-003
   3.4671916055554370E-005
   4.5211659579256157E-007
   1.6042884169229618E-009
   7.4896934320557613E-013
   8.1177223762370749E-018
   3.8794522976646248E-027
*****  m =   26  l =   31
   1.3272168801637125E-026
   2.7420651838747346E-017
   2.4717700143473589E-012
   5.1152745137161382E-009
   1.3758208456192511E-006
   9.9309482989333784E-005
   2.7782168730081385E-003
   3.6991752788188094E-002
  0.26346681007283390     
   1.0612772021723607     
   2.3973400201475332     
   2.6069918700546157     
   9.0823549894952851E-002
  -2.2432781314925960     
 -0.34407139170605561     
   2.1266402941480891     
   0.0000000000000000     
  -2.1266402941480891     
  0.34407139170605561     
   2.2432781314925960     
  -9.0823549894952851E-002
  -2.6069918700546157     
  -2.3973400201475332     
  -1.0612772021723607     
 -0.26346681007283390     
  -3.6991752788188094E-002
  -2.7782168730081385E-003
  -9.9309482989333784E-005
  -1.3758208456192511E-006
  -5.1152745137161382E-009
  -2.4717700143473589E-012
  -2.7420651838747346E-017
  -1.3272168801637125E-026
*****  m =   26  l =   32
   4.1786763267353963E-026
   8.5204880958986148E-017
   7.4980431858334864E-012
   1.4972725656980250E-008
   3.8361631679686700E-006
   2.5990485551272136E-004
   6.7043586111918980E-003
   8.0458794442049703E-002
  0.50030491665713916     
   1.6715453561918272     
   2.8141124003984808     
   1.4550770287501815     
  -1.7485970986356694     
  -1.3178543756493823     
   1.8700479533866738     
  0.52379187369912572     
  -2.0586086164532080     
  0.52379187369912572     
   1.8700479533866738     
  -1.3178543756493823     
  -1.7485970986356694     
   1.4550770287501815     
   2.8141124003984808     
   1.6715453561918272     
  0.50030491665713916     
   8.0458794442049703E-002
   6.7043586111918980E-003
   2.5990485551272136E-004
   3.8361631679686700E-006
   1.4972725656980250E-008
   7.4980431858334864E-012
   8.5204880958986148E-017
   4.1786763267353963E-026
*****  m =   27  l =   27
   4.3661841976429154E-031
   2.1894244451739662E-021
   3.4253949176792203E-016
   1.1225185005431985E-012
   4.6822139740670864E-010
   5.3113425242406622E-008
   2.4221104516488463E-006
   5.5728007609184861E-005
   7.4642311226079264E-004
   6.4020974123741008E-003
   3.7562417799310230E-002
  0.15799681194034237     
  0.49279907405337481     
   1.1677805562466519     
   2.1386599349336874     
   3.0615168541545024     
   3.4479636567802689     
   3.0615168541545024     
   2.1386599349336874     
   1.1677805562466519     
  0.49279907405337481     
  0.15799681194034237     
   3.7562417799310230E-002
   6.4020974123741008E-003
   7.4642311226079264E-004
   5.5728007609184861E-005
   2.4221104516488463E-006
   5.3113425242406622E-008
   4.6822139740670864E-010
   1.1225185005431985E-012
   3.4253949176792203E-016
   2.1894244451739662E-021
   4.3661841976429154E-031
*****  m =   27  l =   28
   3.2879075510148761E-030
   1.6305908040456775E-020
   2.5003166313628280E-015
   7.9552741312161321E-012
   3.1896843866652942E-009
   3.4405978307450944E-007
   1.4741914445821523E-005
   3.1438768988798123E-004
   3.8418124598769382E-003
   2.9495926787754052E-002
  0.15126406196609973     
  0.53898918983320887     
   1.3629840452345083     
   2.4475544456325729     
   3.0103474375218631     
   2.1641833410691054     
   0.0000000000000000     
  -2.1641833410691054     
  -3.0103474375218631     
  -2.4475544456325729     
  -1.3629840452345083     
 -0.53898918983320887     
 -0.15126406196609973     
  -2.9495926787754052E-002
  -3.8418124598769382E-003
  -3.1438768988798123E-004
  -1.4741914445821523E-005
  -3.4405978307450944E-007
  -3.1896843866652942E-009
  -7.9552741312161321E-012
  -2.5003166313628280E-015
  -1.6305908040456775E-020
  -3.2879075510148761E-030
*****  m =   27  l =   29
   1.7653353040234180E-029
   8.6551719928728264E-020
   1.2997739055721701E-014
   4.0105102761757677E-011
   1.5431235010930887E-008
   1.5790851699176934E-006
   6.3364496015699934E-005
   1.2468371185308952E-003
   1.3809975476107766E-002
   9.3985577716675456E-002
  0.41485191302979740     
   1.2198572558630418     
   2.3784055503441599     
   2.8756600604923888     
   1.5232093402630977     
  -1.1116772491725837     
  -2.5025321985408526     
  -1.1116772491725837     
   1.5232093402630977     
   2.8756600604923888     
   2.3784055503441599     
   1.2198572558630418     
  0.41485191302979740     
   9.3985577716675456E-002
   1.3809975476107766E-002
   1.2468371185308952E-003
   6.3364496015699934E-005
   1.5790851699176934E-006
   1.5431235010930887E-008
   4.0105102761757677E-011
   1.2997739055721701E-014
   8.6551719928728264E-020
   1.7653353040234180E-029
*****  m =   27  l =   30
   7.8026624944568927E-029
   3.7804172709333164E-019
   5.5557792644053538E-014
   1.6604939748981453E-010
   6.1207726509247299E-008
   5.9276549245567297E-006
   2.2200586991984959E-004
   4.0110120567363999E-003
   3.9975179951278993E-002
  0.23842703879731142     
  0.88851029464641984     
   2.0774421227668971     
   2.8561440549904935     
   1.6132498215965754     
  -1.2174798975724606     
  -2.2894127705264848     
  -0.0000000000000000     
   2.2894127705264848     
   1.2174798975724606     
  -1.6132498215965754     
  -2.8561440549904935     
  -2.0774421227668971     
 -0.88851029464641984     
 -0.23842703879731142     
  -3.9975179951278993E-002
  -4.0110120567363999E-003
  -2.2200586991984959E-004
  -5.9276549245567297E-006
  -6.1207726509247299E-008
  -1.6604939748981453E-010
  -5.5557792644053538E-014
  -3.7804172709333164E-019
  -7.8026624944568927E-029
*****  m =   27  l =   31
   3.0108696899171976E-028
   1.4409944054782018E-018
   2.0708561159859232E-013
   5.9880537997276799E-010
   2.1108952338478982E-007
   1.9298917039306082E-005
   6.7219983442394992E-004
   1.1092177716376045E-002
   9.8664720777660017E-002
  0.50879405495362962     
   1.5608130461587477     
   2.7382497200224090     
   2.1484728632773029     
 -0.72840177746847323     
  -2.2751457262445904     
  0.11378797120657359     
   2.2201279566089993     
  0.11378797120657359     
  -2.2751457262445904     
 -0.72840177746847323     
   2.1484728632773029     
   2.7382497200224090     
   1.5608130461587477     
  0.50879405495362962     
   9.8664720777660017E-002
   1.1092177716376045E-002
   6.7219983442394992E-004
   1.9298917039306082E-005
   2.1108952338478982E-007
   5.9880537997276799E-010
   2.0708561159859232E-013
   1.4409944054782018E-018
   3.0108696899171976E-028
*****  m =   27  l =   32
   1.0474637714116609E-027
   4.9500254448885838E-018
   6.9509607431859108E-013
   1.9422306578558414E-009
   6.5361448733961660E-007
   5.6267385989756306E-005
   1.8157718722203069E-003
   2.7208917947589714E-002
  0.21401156935887392     
  0.93854235268229891     
   2.2884162750595083     
   2.7080618035545410     
  0.31784340082795437     
  -2.2302072997360294     
 -0.46586739555924744     
   2.1354899002694627     
   0.0000000000000000     
  -2.1354899002694627     
  0.46586739555924744     
   2.2302072997360294     
 -0.31784340082795437     
  -2.7080618035545410     
  -2.2884162750595083     
 -0.93854235268229891     
 -0.21401156935887392     
  -2.7208917947589714E-002
  -1.8157718722203069E-003
  -5.6267385989756306E-005
  -6.5361448733961660E-007
  -1.9422306578558414E-009
  -6.9509607431859108E-013
  -4.9500254448885838E-018
  -1.0474637714116609E-027
*****  m =   28  l =   28
   3.1593306025561058E-032
   3.6231864528317725E-022
   8.8278681893735587E-017
   3.9042872929098282E-013
   2.0363203429332987E-010
   2.7523338897140137E-008
   1.4458885290423726E-006
   3.7364086527992254E-005
   5.5093884782848369E-004
   5.1169201565396541E-003
   3.2055334891548527E-002
  0.14220089100156111     
  0.46261634354321379     
   1.1318523740018696     
   2.1198390622494689     
   3.0751619615237558     
   3.4786128253669624     
   3.0751619615237558     
   2.1198390622494689     
   1.1318523740018696     
  0.46261634354321379     
  0.14220089100156111     
   3.2055334891548527E-002
   5.1169201565396541E-003
   5.5093884782848369E-004
   3.7364086527992254E-005
   1.4458885290423726E-006
   2.7523338897140137E-008
   2.0363203429332987E-010
   3.9042872929098282E-013
   8.8278681893735587E-017
   3.6231864528317725E-022
   3.1593306025561058E-032
*****  m =   28  l =   29
   2.4204783161156844E-031
   2.7453283053605377E-021
   6.5558465347843862E-016
   2.8150880772415197E-012
   1.4113383206626672E-009
   1.8139248780651778E-007
   8.9533040464120459E-006
   2.1445440103426671E-004
   2.8849816602959898E-003
   2.3984848911165309E-002
  0.13133216874527814     
  0.49354030670613297     
   1.3017585494720922     
   2.4135121285625565     
   3.0357524724374731     
   2.2116376115613448     
   0.0000000000000000     
  -2.2116376115613448     
  -3.0357524724374731     
  -2.4135121285625565     
  -1.3017585494720922     
 -0.49354030670613297     
 -0.13133216874527814     
  -2.3984848911165309E-002
  -2.8849816602959898E-003
  -2.1445440103426671E-004
  -8.9533040464120459E-006
  -1.8139248780651778E-007
  -1.4113383206626672E-009
  -2.8150880772415197E-012
  -6.5558465347843862E-016
  -2.7453283053605377E-021
  -2.4204783161156844E-031
*****  m =   28  l =   30
   1.3218449163195979E-030
   1.4821860316881649E-020
   3.4664951032042622E-015
   1.4435869418924493E-011
   6.9456949349335034E-009
   8.4694985619703511E-007
   3.9155356727956636E-005
   8.6549382598955773E-004
   1.0555637126464009E-002
   7.7816357899415989E-002
  0.36694617068876706     
   1.1390448787600114     
   2.3208196104464753     
   2.9112518405221843     
   1.6153474554175868     
  -1.0765528713661292     
  -2.5225629729969055     
  -1.0765528713661292     
   1.6153474554175868     
   2.9112518405221843     
   2.3208196104464753     
   1.1390448787600114     
  0.36694617068876706     
   7.7816357899415989E-002
   1.0555637126464009E-002
   8.6549382598955773E-004
   3.9155356727956636E-005
   8.4694985619703511E-007
   6.9456949349335034E-009
   1.4435869418924493E-011
   3.4664951032042622E-015
   1.4821860316881649E-020
   1.3218449163195979E-030
*****  m =   28  l =   31
   5.9409228204259334E-030
   6.5831930744259235E-020
   1.5068162804679414E-014
   6.0786686386012884E-011
   2.8022078398345324E-008
   3.2343474438372984E-006
   1.3959312977553215E-004
   2.8340720784087998E-003
   3.1117610234049929E-002
  0.20120534346029745     
  0.80213724022369937     
   1.9853244786505246     
   2.8726524914829716     
   1.7468423721739137     
  -1.1362232211126626     
  -2.3198049506459109     
  -0.0000000000000000     
   2.3198049506459109     
   1.1362232211126626     
  -1.7468423721739137     
  -2.8726524914829716     
  -1.9853244786505246     
 -0.80213724022369937     
 -0.20120534346029745     
  -3.1117610234049929E-002
  -2.8340720784087998E-003
  -1.3959312977553215E-004
  -3.2343474438372984E-006
  -2.8022078398345324E-008
  -6.0786686386012884E-011
  -1.5068162804679414E-014
  -6.5831930744259235E-020
  -5.9409228204259334E-030
*****  m =   28  l =   32
   2.3305041140559557E-029
   2.5510800231472333E-019
   5.7103722154090210E-014
   2.2289975665398162E-010
   9.8286054540593998E-008
   1.0712239018399719E-005
   4.3013396173812482E-004
   7.9803078847468078E-003
   7.8270218036387632E-002
  0.43819798892051892     
   1.4420251067808254     
   2.6957532773467281     
   2.2896041170588548     
 -0.57766110470142740     
  -2.3070148597598621     
   5.7143766673544066E-002
   2.2362213517824570     
   5.7143766673544066E-002
  -2.3070148597598621     
 -0.57766110470142740     
   2.2896041170588548     
   2.6957532773467281     
   1.4420251067808254     
  0.43819798892051892     
   7.8270218036387632E-002
   7.9803078847468078E-003
   4.3013396173812482E-004
   1.0712239018399719E-005
   9.8286054540593998E-008
   2.2289975665398162E-010
   5.7103722154090210E-014
   2.5510800231472333E-019
   2.3305041140559557E-029
*****  m =   29  l =   29
   2.2853708821403096E-033
   5.9940450082964881E-023
   2.2744145537115185E-017
   1.3575587140812254E-013
   8.8533888180140937E-011
   1.4258259690998405E-008
   8.6286782580616233E-007
   2.5044007005338634E-005
   4.0652785561139261E-004
   4.0884961912163991E-003
   2.7347377942208699E-002
  0.12794546766393186     
  0.43415084928772346     
   1.0966976856938937     
   2.1005481561535864     
   3.0879334216560976     
   3.5084727106004880     
   3.0879334216560976     
   2.1005481561535864     
   1.0966976856938937     
  0.43415084928772346     
  0.12794546766393186     
   2.7347377942208699E-002
   4.0884961912163991E-003
   4.0652785561139261E-004
   2.5044007005338634E-005
   8.6286782580616233E-007
   1.4258259690998405E-008
   8.8533888180140937E-011
   1.3575587140812254E-013
   2.2744145537115185E-017
   5.9940450082964881E-023
   2.2853708821403096E-033
*****  m =   29  l =   30
   1.7803349742302579E-032
   4.6180913068306525E-022
   1.7174396141276698E-016
   9.9528567555315080E-013
   6.2392657381475821E-010
   9.5548442383605596E-008
   5.4328999579623656E-006
   1.4615824594830260E-004
   2.1645562742039770E-003
   1.9486366021872842E-002
  0.11392666960016440     
  0.45152741775790456     
   1.2421928741321751     
   2.3778559313088423     
   3.0586868845363568     
   2.2581501338492878     
   0.0000000000000000     
  -2.2581501338492878     
  -3.0586868845363568     
  -2.3778559313088423     
  -1.2421928741321751     
 -0.45152741775790456     
 -0.11392666960016440     
  -1.9486366021872842E-002
  -2.1645562742039770E-003
  -1.4615824594830260E-004
  -5.4328999579623656E-006
  -9.5548442383605596E-008
  -6.2392657381475821E-010
  -9.9528567555315080E-013
  -1.7174396141276698E-016
  -4.6180913068306525E-022
  -1.7803349742302579E-032
*****  m =   29  l =   31
   9.8834915863823732E-032
   2.5345795228597731E-021
   9.2318514344207624E-016
   5.1887235034749633E-012
   3.1217873456006927E-009
   4.5360734587313136E-007
   2.4160356080138556E-005
   5.9990228359956899E-004
   8.0562237828645782E-003
   6.4331823420908554E-002
  0.32407115382866447     
   1.0618719602481907     
   2.2606639963162092     
   2.9409965739869151     
   1.7051426516586856     
  -1.0409075283363294     
  -2.5421299926518066     
  -1.0409075283363294     
   1.7051426516586856     
   2.9409965739869151     
   2.2606639963162092     
   1.0618719602481907     
  0.32407115382866447     
   6.4331823420908554E-002
   8.0562237828645782E-003
   5.9990228359956899E-004
   2.4160356080138556E-005
   4.5360734587313136E-007
   3.1217873456006927E-009
   5.1887235034749633E-012
   9.2318514344207624E-016
   2.5345795228597731E-021
   9.8834915863823732E-032
*****  m =   29  l =   32
   4.5144655395171938E-031
   1.1441252867650594E-020
   4.0786223164088247E-015
   2.2208230927401886E-011
   1.2803350422830443E-008
   1.7612148371735815E-006
   8.7594167121523965E-005
   1.9983169962995242E-003
   2.4171081847808987E-002
  0.16941882364003424     
  0.72245417068001427     
   1.8922629463719314     
   2.8792521471836938     
   1.8744930207672990     
  -1.0529382480773184     
  -2.3486332279770021     
  -0.0000000000000000     
   2.3486332279770021     
   1.0529382480773184     
  -1.8744930207672990     
  -2.8792521471836938     
  -1.8922629463719314     
 -0.72245417068001427     
 -0.16941882364003424     
  -2.4171081847808987E-002
  -1.9983169962995242E-003
  -8.7594167121523965E-005
  -1.7612148371735815E-006
  -1.2803350422830443E-008
  -2.2208230927401886E-011
  -4.0786223164088247E-015
  -1.1441252867650594E-020
  -4.5144655395171938E-031
*****  m =   30  l =   30
   1.6527059419207309E-034
   9.9134905917846833E-024
   5.8581527908719879E-018
   4.7190302317179685E-014
   3.8481346394864424E-011
   7.3842978592413064E-009
   5.1479109064213600E-007
   1.6781491114322926E-005
   2.9988483557503727E-004
   3.2658470231132250E-003
   2.3324285574256840E-002
  0.11508660474132475     
  0.40732176919538660     
   1.0623346601716916     
   2.0808447422377099     
   3.0998818788904985     
   3.5375891659498100     
   3.0998818788904985     
   2.0808447422377099     
   1.0623346601716916     
  0.40732176919538660     
  0.11508660474132475     
   2.3324285574256840E-002
   3.2658470231132250E-003
   2.9988483557503727E-004
   1.6781491114322926E-005
   5.1479109064213600E-007
   7.3842978592413064E-009
   3.8481346394864424E-011
   4.7190302317179685E-014
   5.8581527908719879E-018
   9.9134905917846833E-024
   1.6527059419207309E-034
*****  m =   30  l =   31
   1.3084164014214173E-033
   7.7620148925697018E-023
   4.4954989670744561E-017
   3.5159869027591063E-013
   2.7560022100210854E-010
   5.0288844274362347E-008
   3.2940016450504938E-006
   9.9530322281480465E-005
   1.6227007403162724E-003
   1.5818614903089442E-002
   9.8746887737451841E-002
  0.41275216101270268     
   1.1843807969858622     
   2.3408054482163068     
   3.0792674636108499     
   2.3037502072625102     
   0.0000000000000000     
  -2.3037502072625102     
  -3.0792674636108499     
  -2.3408054482163068     
  -1.1843807969858622     
 -0.41275216101270268     
  -9.8746887737451841E-002
  -1.5818614903089442E-002
  -1.6227007403162724E-003
  -9.9530322281480465E-005
  -3.2940016450504938E-006
  -5.0288844274362347E-008
  -2.7560022100210854E-010
  -3.5159869027591063E-013
  -4.4954989670744561E-017
  -7.7620148925697018E-023
  -1.3084164014214173E-033
*****  m =   30  l =   32
   7.3800129890502327E-033
   4.3283822044377010E-022
   2.4552901267527005E-016
   1.8624853002710359E-012
   1.4012129795526969E-009
   2.4261271475709703E-007
   1.4887562722839452E-005
   4.1524172188377439E-004
   6.1401137706460201E-003
   5.3109157958197199E-002
  0.28579334823428404     
  0.98844139450372992     
   2.1984882110452171     
   2.9652077277903244     
   1.7925850060360449     
  -1.0047808829072065     
  -2.5612574280154181     
  -1.0047808829072065     
   1.7925850060360449     
   2.9652077277903244     
   2.1984882110452171     
  0.98844139450372992     
  0.28579334823428404     
   5.3109157958197199E-002
   6.1401137706460201E-003
   4.1524172188377439E-004
   1.4887562722839452E-005
   2.4261271475709703E-007
   1.4012129795526969E-009
   1.8624853002710359E-012
   2.4552901267527005E-016
   4.3283822044377010E-022
   7.3800129890502327E-033
*****  m =   31  l =   31
   1.1948671596623939E-035
   1.6391486317747188E-024
   1.5084707773476306E-018
   1.6399553918910469E-014
   1.6721534052545064E-011
   3.8232881444714422E-009
   3.0704561980290732E-007
   1.1241969836438873E-005
   2.2115860341774622E-004
   2.6080338026750736E-003
   1.9887772588016394E-002
  0.10349271665234788     
  0.38204957916606763     
   1.0287762104710547     
   2.0607810408229184     
   3.1110536482868687     
   3.5660039932310443     
   3.1110536482868687     
   2.0607810408229184     
   1.0287762104710547     
  0.38204957916606763     
  0.10349271665234788     
   1.9887772588016394E-002
   2.6080338026750736E-003
   2.2115860341774622E-004
   1.1241969836438873E-005
   3.0704561980290732E-007
   3.8232881444714422E-009
   1.6721534052545064E-011
   1.6399553918910469E-014
   1.5084707773476306E-018
   1.6391486317747188E-024
   1.1948671596623939E-035
*****  m =   31  l =   32
   9.6085182536850811E-035
   1.3036247945484581E-023
   1.1758191050012941E-017
   1.2411175811355383E-013
   1.2164431687603216E-010
   2.6447576509794442E-008
   1.9956395372938520E-006
   6.7725728037185544E-005
   1.2155537613837799E-003
   1.2831346566234188E-002
   8.5523923296704760E-002
  0.37701685710709643     
   1.1283916535008902     
   2.3025617453587470     
   3.0976046634155612     
   2.3484652906710850     
   0.0000000000000000     
  -2.3484652906710850     
  -3.0976046634155612     
  -2.3025617453587470     
  -1.1283916535008902     
 -0.37701685710709643     
  -8.5523923296704760E-002
  -1.2831346566234188E-002
  -1.2155537613837799E-003
  -6.7725728037185544E-005
  -1.9956395372938520E-006
  -2.6447576509794442E-008
  -1.2164431687603216E-010
  -1.2411175811355383E-013
  -1.1758191050012941E-017
  -1.3036247945484581E-023
  -9.6085182536850811E-035
*****  m =   32  l =   32
   8.6364631177533780E-037
   2.7095822187278784E-025
   3.8833395801528501E-019
   5.6977523885712793E-015
   7.2643078013981377E-012
   1.9790515881832512E-009
   1.8309102324729377E-007
   7.5291603315192482E-006
   1.6305924749800783E-004
   2.0822019813409726E-003
   1.6953376298719056E-002
   9.3043718341709936E-002
  0.35825651026604999     
  0.99603072664418102     
   2.0404045544525808     
   3.1214912125012724     
   3.5937554156113189     
   3.1214912125012724     
   2.0404045544525808     
  0.99603072664418102     
  0.35825651026604999     
   9.3043718341709936E-002
   1.6953376298719056E-002
   2.0822019813409726E-003
   1.6305924749800783E-004
   7.5291603315192482E-006
   1.8309102324729377E-007
   1.9790515881832512E-009
   7.2643078013981377E-012
   5.6977523885712793E-015
   3.8833395801528501E-019
   2.7095822187278784E-025
   8.6364631177533780E-037
=========================================================
End of file
