=========================================================
Data file for INCIVAT containing RNB CVT data (B-matrix)
Generated by genCVT_ALP_Data and SHTools library
INVICAT ylat          =   32
L                     =   32
SHtools_Normalization =    1
SHtools_ApplyCSphase  =    1
SHtools_CRnorm        =    0
ALPsize               =  561
=========================================================
Cosine of Gaussian co-latitudes
  0.99742469424645519     
  0.98645572623064248     
  0.96682290968999274     
  0.93869437261116839     
  0.90231676774343361     
  0.85800965267650409     
  0.80616235627416666     
  0.74723049644956219     
  0.68173195996974278     
  0.61024234583637904     
  0.53338990478634762     
  0.45185001727245067     
  0.36633925774807330     
  0.27760909715249704     
  0.18643929882799157     
   9.3631065854733381E-002
  -1.2325951644078309E-032
  -9.3631065854733381E-002
 -0.18643929882799157     
 -0.27760909715249704     
 -0.36633925774807330     
 -0.45185001727245067     
 -0.53338990478634762     
 -0.61024234583637904     
 -0.68173195996974278     
 -0.74723049644956219     
 -0.80616235627416666     
 -0.85800965267650409     
 -0.90231676774343361     
 -0.93869437261116839     
 -0.96682290968999274     
 -0.98645572623064248     
 -0.99742469424645519     
=========================================================
Gaussian weights
   6.6062278475869608E-003
   1.5321701512934664E-002
   2.3915548101749541E-002
   3.2300358632328961E-002
   4.0401541331669608E-002
   4.8147742818711814E-002
   5.5470846631663184E-002
   6.2306482530317397E-002
   6.8594572818656621E-002
   7.4279854843954191E-002
   7.9312364794886750E-002
   8.3647876067038648E-002
   8.7248287618844234E-002
   9.0081958660638575E-002
   9.2123986643316835E-002
   9.3356426065596132E-002
   9.3768446160209989E-002
   9.3356426065596132E-002
   9.2123986643316835E-002
   9.0081958660638575E-002
   8.7248287618844234E-002
   8.3647876067038648E-002
   7.9312364794886750E-002
   7.4279854843954191E-002
   6.8594572818656621E-002
   6.2306482530317397E-002
   5.5470846631663184E-002
   4.8147742818711814E-002
   4.0401541331669608E-002
   3.2300358632328961E-002
   2.3915548101749541E-002
   1.5321701512934664E-002
   6.6062278475869608E-003
=========================================================
Associated Legendre polynomial array mapping
           1           2           4           7          11          16          22          29          37          46          56          67          79          92         106         121         137         154         172         191         211         232         254         277         301         326         352         379         407         436         466         497         529          -1           3           5           8          12          17          23          30          38          47          57          68          80          93         107         122         138         155         173         192         212         233         255         278         302         327         353         380         408         437         467         498         530          -1          -1           6           9          13          18          24          31          39          48          58          69          81          94         108         123         139         156         174         193         213         234         256         279         303         328         354         381         409         438         468         499         531          -1          -1          -1          10          14          19          25          32          40          49          59          70          82          95         109         124         140         157         175         194         214         235         257         280         304         329         355         382         410         439         469         500         532          -1          -1          -1          -1          15          20          26          33          41          50          60          71          83          96         110         125         141         158         176         195         215         236         258         281         305         330         356         383         411         440         470         501         533          -1          -1          -1          -1          -1          21          27          34          42          51          61          72          84          97         111         126         142         159         177         196         216         237         259         282         306         331         357         384         412         441         471         502         534          -1          -1          -1          -1          -1          -1          28          35          43          52          62          73          85          98         112         127         143         160         178         197         217         238         260         283         307         332         358         385         413         442         472         503         535          -1          -1          -1          -1          -1          -1          -1          36          44          53          63          74          86          99         113         128         144         161         179         198         218         239         261         284         308         333         359         386         414         443         473         504         536          -1          -1          -1          -1          -1          -1          -1          -1          45          54          64          75          87         100         114         129         145         162         180         199         219         240         262         285         309         334         360         387         415         444         474         505         537          -1          -1          -1          -1          -1          -1          -1          -1          -1          55          65          76          88         101         115         130         146         163         181         200         220         241         263         286         310         335         361         388         416         445         475         506         538          -1          -1          -1          -1          -1          -1          -1          -1          -1          -1          66          77          89         102         116         131         147         164         182         201         221         242         264         287         311         336         362         389         417         446         476         507         539          -1          -1          -1          -1          -1          -1          -1          -1          -1          -1          -1          78          90         103         117         132         148         165         183         202         222         243         265         288         312         337         363         390         418         447         477         508         540          -1          -1          -1          -1          -1          -1          -1          -1          -1          -1          -1          -1          91         104         118         133         149         166         184         203         223         244         266         289         313         338         364         391         419         448         478         509         541          -1          -1          -1          -1          -1          -1          -1          -1          -1          -1          -1          -1          -1         105         119         134         150         167         185         204         224         245         267         290         314         339         365         392         420         449         479         510         542          -1          -1          -1          -1          -1          -1          -1          -1          -1          -1          -1          -1          -1          -1         120         135         151         168         186         205         225         246         268         291         315         340         366         393         421         450         480         511         543          -1          -1          -1          -1          -1          -1          -1          -1          -1          -1          -1          -1          -1          -1          -1         136         152         169         187         206         226         247         269         292         316         341         367         394         422         451         481         512         544          -1          -1          -1          -1          -1          -1          -1          -1          -1          -1          -1          -1          -1          -1          -1          -1         153         170         188         207         227         248         270         293         317         342         368         395         423         452         482         513         545          -1          -1          -1          -1          -1          -1          -1          -1          -1          -1          -1          -1          -1          -1          -1          -1          -1         171         189         208         228         249         271         294         318         343         369         396         424         453         483         514         546          -1          -1          -1          -1          -1          -1          -1          -1          -1          -1          -1          -1          -1          -1          -1          -1          -1          -1         190         209         229         250         272         295         319         344         370         397         425         454         484         515         547          -1          -1          -1          -1          -1          -1          -1          -1          -1          -1          -1          -1          -1          -1          -1          -1          -1          -1          -1         210         230         251         273         296         320         345         371         398         426         455         485         516         548          -1          -1          -1          -1          -1          -1          -1          -1          -1          -1          -1          -1          -1          -1          -1          -1          -1          -1          -1          -1         231         252         274         297         321         346         372         399         427         456         486         517         549          -1          -1          -1          -1          -1          -1          -1          -1          -1          -1          -1          -1          -1          -1          -1          -1          -1          -1          -1          -1          -1         253         275         298         322         347         373         400         428         457         487         518         550          -1          -1          -1          -1          -1          -1          -1          -1          -1          -1          -1          -1          -1          -1          -1          -1          -1          -1          -1          -1          -1          -1         276         299         323         348         374         401         429         458         488         519         551          -1          -1          -1          -1          -1          -1          -1          -1          -1          -1          -1          -1          -1          -1          -1          -1          -1          -1          -1          -1          -1          -1          -1         300         324         349         375         402         430         459         489         520         552          -1          -1          -1          -1          -1          -1          -1          -1          -1          -1          -1          -1          -1          -1          -1          -1          -1          -1          -1          -1          -1          -1          -1          -1         325         350         376         403         431         460         490         521         553          -1          -1          -1          -1          -1          -1          -1          -1          -1          -1          -1          -1          -1          -1          -1          -1          -1          -1          -1          -1          -1          -1          -1          -1          -1         351         377         404         432         461         491         522         554          -1          -1          -1          -1          -1          -1          -1          -1          -1          -1          -1          -1          -1          -1          -1          -1          -1          -1          -1          -1          -1          -1          -1          -1          -1          -1         378         405         433         462         492         523         555          -1          -1          -1          -1          -1          -1          -1          -1          -1          -1          -1          -1          -1          -1          -1          -1          -1          -1          -1          -1          -1          -1          -1          -1          -1          -1          -1         406         434         463         493         524         556          -1          -1          -1          -1          -1          -1          -1          -1          -1          -1          -1          -1          -1          -1          -1          -1          -1          -1          -1          -1          -1          -1          -1          -1          -1          -1          -1          -1         435         464         494         525         557          -1          -1          -1          -1          -1          -1          -1          -1          -1          -1          -1          -1          -1          -1          -1          -1          -1          -1          -1          -1          -1          -1          -1          -1          -1          -1          -1          -1          -1         465         495         526         558          -1          -1          -1          -1          -1          -1          -1          -1          -1          -1          -1          -1          -1          -1          -1          -1          -1          -1          -1          -1          -1          -1          -1          -1          -1          -1          -1          -1          -1          -1         496         527         559          -1          -1          -1          -1          -1          -1          -1          -1          -1          -1          -1          -1          -1          -1          -1          -1          -1          -1          -1          -1          -1          -1          -1          -1          -1          -1          -1          -1          -1          -1          -1         528         560          -1          -1          -1          -1          -1          -1          -1          -1          -1          -1          -1          -1          -1          -1          -1          -1          -1          -1          -1          -1          -1          -1          -1          -1          -1          -1          -1          -1          -1          -1          -1          -1         561
=========================================================
Associated Legendre polynomials
*****  m =    0  l =    0
   1.0000000000000000     
   1.0000000000000000     
   1.0000000000000000     
   1.0000000000000000     
   1.0000000000000000     
   1.0000000000000000     
   1.0000000000000000     
   1.0000000000000000     
   1.0000000000000000     
   1.0000000000000000     
   1.0000000000000000     
   1.0000000000000000     
   1.0000000000000000     
   1.0000000000000000     
   1.0000000000000000     
   1.0000000000000000     
   1.0000000000000000     
   1.0000000000000000     
   1.0000000000000000     
   1.0000000000000000     
   1.0000000000000000     
   1.0000000000000000     
   1.0000000000000000     
   1.0000000000000000     
   1.0000000000000000     
   1.0000000000000000     
   1.0000000000000000     
   1.0000000000000000     
   1.0000000000000000     
   1.0000000000000000     
   1.0000000000000000     
   1.0000000000000000     
   1.0000000000000000     
*****  m =    0  l =    1
   1.7275902471587132     
   1.7085914372487276     
   1.6745864015046434     
   1.6258663461415348     
   1.5628584862529531     
   1.4861163118202307     
   1.3963141602162992     
   1.2942411848155573     
   1.1807943918111063     
   1.0569707479186263     
  0.92385841533427993     
  0.78262718731675929     
  0.63451820722673336     
  0.48083306091144939     
  0.32292233809759802     
  0.16217376322722568     
  -2.1349174499180765E-032
 -0.16217376322722568     
 -0.32292233809759802     
 -0.48083306091144939     
 -0.63451820722673336     
 -0.78262718731675929     
 -0.92385841533427993     
  -1.0569707479186263     
  -1.1807943918111063     
  -1.2942411848155573     
  -1.3963141602162992     
  -1.4861163118202307     
  -1.5628584862529531     
  -1.6258663461415348     
  -1.6745864015046434     
  -1.7085914372487276     
  -1.7275902471587132     
*****  m =    0  l =    2
   2.2188145463906079     
   2.1458255280611804     
   2.0172012146536376     
   1.8374233163443483     
   1.6127938222005684     
   1.3511906887659446     
   1.0617893145207820     
  0.75474029777437868     
  0.44081329335681807     
  0.13101923011156691     
 -0.16377591143251236     
 -0.43323222904198877     
 -0.66789857319736656     
 -0.85954404703982079     
  -1.0014467052999789     
  -1.0886293264767388     
  -1.1180339887498949     
  -1.0886293264767388     
  -1.0014467052999789     
 -0.85954404703982079     
 -0.66789857319736656     
 -0.43323222904198877     
 -0.16377591143251236     
  0.13101923011156691     
  0.44081329335681807     
  0.75474029777437868     
   1.0617893145207820     
   1.3511906887659446     
   1.6127938222005684     
   1.8374233163443483     
   2.0172012146536376     
   2.1458255280611804     
   2.2188145463906079     
*****  m =    0  l =    3
   2.6050010902817604     
   2.4343663666189208     
   2.1406815036030076     
   1.7456086690732711     
   1.2782563125669240     
  0.77285199295645279     
  0.26606788660919167     
 -0.20583679643574637     
 -0.60983560058133879     
 -0.91869593090301049     
  -1.1130805390320144     
  -1.1830245357016107     
  -1.1286721873838548     
 -0.96021597852190987     
 -0.69704316877630457     
 -0.36615740921984768     
   4.8917104083658407E-032
  0.36615740921984768     
  0.69704316877630457     
  0.96021597852190987     
   1.1286721873838548     
   1.1830245357016107     
   1.1130805390320144     
  0.91869593090301049     
  0.60983560058133879     
  0.20583679643574637     
 -0.26606788660919167     
 -0.77285199295645279     
  -1.2782563125669240     
  -1.7456086690732711     
  -2.1406815036030076     
  -2.4343663666189208     
  -2.6050010902817604     
*****  m =    0  l =    4
   2.9231876047554004     
   2.6059244801591595     
   2.0770845170465710     
   1.4026107044238201     
  0.66584902503897969     
  -4.3782419906051029E-002
 -0.64278172184819304     
  -1.0646451337953304     
  -1.2685270769103689     
  -1.2442955898608514     
  -1.0133023356268307     
 -0.62478257027864648     
 -0.14840787465959904     
  0.33595160321396433     
  0.74981239044686354     
   1.0273825043099973     
   1.1250000000000000     
   1.0273825043099973     
  0.74981239044686354     
  0.33595160321396433     
 -0.14840787465959904     
 -0.62478257027864648     
  -1.0133023356268307     
  -1.2442955898608514     
  -1.2685270769103689     
  -1.0646451337953304     
 -0.64278172184819304     
  -4.3782419906051029E-002
  0.66584902503897969     
   1.4026107044238201     
   2.0770845170465710     
   2.6059244801591595     
   2.9231876047554004     
*****  m =    0  l =    5
   3.1896558043752949     
   2.6741755796263513     
   1.8494245831272620     
  0.86945722371381629     
  -8.6312953927261349E-002
 -0.84981187252675827     
  -1.2980049684653348     
  -1.3766712183575789     
  -1.1093457116901844     
 -0.58971438486914918     
   4.0704198732452346E-002
  0.62461393389801390     
   1.0237021523948053     
   1.1485470116413510     
  0.97721941895773079     
  0.55862755465691016     
  -7.6651043976510049E-032
 -0.55862755465691016     
 -0.97721941895773079     
  -1.1485470116413510     
  -1.0237021523948053     
 -0.62461393389801390     
  -4.0704198732452346E-002
  0.58971438486914918     
   1.1093457116901844     
   1.3766712183575789     
   1.2980049684653348     
  0.84981187252675827     
   8.6312953927261349E-002
 -0.86945722371381629     
  -1.8494245831272620     
  -2.6741755796263513     
  -3.1896558043752949     
*****  m =    0  l =    6
   3.4130558757702412     
   2.6476177040393432     
   1.4834059304283205     
  0.22185803227922585     
 -0.82209724253421768     
  -1.4093713049975563     
  -1.4417532374390525     
 -0.98393846594912127     
 -0.23680861103433259     
  0.52898038249906865     
   1.0581362514892250     
   1.1882462740218358     
  0.89607243744582743     
  0.29900647675383180     
 -0.38785183749473584     
 -0.92472082418131740     
  -1.1267347735824966     
 -0.92472082418131740     
 -0.38785183749473584     
  0.29900647675383180     
  0.89607243744582743     
   1.1882462740218358     
   1.0581362514892250     
  0.52898038249906865     
 -0.23680861103433259     
 -0.98393846594912127     
  -1.4417532374390525     
  -1.4093713049975563     
 -0.82209724253421768     
  0.22185803227922585     
   1.4834059304283205     
   2.6476177040393432     
   3.4130558757702412     
*****  m =    0  l =    7
   3.5985282132022092     
   2.5335178434317864     
   1.0099156230977679     
 -0.45481351759559308     
  -1.3934017753827845     
  -1.5617309840477520     
  -1.0194282575285145     
  -8.8754005307775996E-002
  0.78831904215655579     
   1.2342245586294258     
   1.0851731785634757     
  0.44588227912000211     
 -0.36979529090729890     
 -0.98402217056273600     
  -1.1223777551105780     
 -0.73186840183837154     
   1.0442732440803520E-031
  0.73186840183837154     
   1.1223777551105780     
  0.98402217056273600     
  0.36979529090729890     
 -0.44588227912000211     
  -1.0851731785634757     
  -1.2342245586294258     
 -0.78831904215655579     
   8.8754005307775996E-002
   1.0194282575285145     
   1.5617309840477520     
   1.3934017753827845     
  0.45481351759559308     
  -1.0099156230977679     
  -2.5335178434317864     
  -3.5985282132022092     
*****  m =    0  l =    8
   3.7493811612984915     
   2.3394259608785659     
  0.46470415805160270     
  -1.0741837689059974     
  -1.6870723354704236     
  -1.2645030702817868     
 -0.19781656296160821     
  0.85214951346787271     
   1.3096940926259442     
  0.97410902312929948     
   9.6605647456142529E-002
 -0.78680408857461426     
  -1.1670221460245624     
 -0.84446499875696768     
  -2.9607588420505759E-002
  0.78849308200169366     
   1.1274116945048289     
  0.78849308200169366     
  -2.9607588420505759E-002
 -0.84446499875696768     
  -1.1670221460245624     
 -0.78680408857461426     
   9.6605647456142529E-002
  0.97410902312929948     
   1.3096940926259442     
  0.85214951346787271     
 -0.19781656296160821     
  -1.2645030702817868     
  -1.6870723354704236     
  -1.0741837689059974     
  0.46470415805160270     
   2.3394259608785659     
   3.7493811612984915     
*****  m =    0  l =    9
   3.8678906502829959     
   2.0737918823621824     
 -0.11314564703700913     
  -1.5585453374108915     
  -1.6458702331904624     
 -0.60418692382195638     
  0.70139573475387618     
   1.3603279270339752     
  0.99431938352984350     
  -4.7683331913936033E-002
 -0.98272186725555910     
  -1.1560024900298118     
 -0.48378407026073211     
  0.51628881504758373     
   1.1118165581703661     
  0.87959637709412952     
  -1.3222021049878524E-031
 -0.87959637709412952     
  -1.1118165581703661     
 -0.51628881504758373     
  0.48378407026073211     
   1.1560024900298118     
  0.98272186725555910     
   4.7683331913936033E-002
 -0.99431938352984350     
  -1.3603279270339752     
 -0.70139573475387618     
  0.60418692382195638     
   1.6458702331904624     
   1.5585453374108915     
  0.11314564703700913     
  -2.0737918823621824     
  -3.8678906502829959     
*****  m =    0  l =   10
   3.9557246804487045     
   1.7461763684449481     
 -0.68335077237765085     
  -1.8478360333728436     
  -1.2789090934673064     
  0.22937530949517204     
   1.3273379304699515     
   1.1780141291560056     
   4.3943655462992615E-002
  -1.0325194688177506     
  -1.1436706482633054     
 -0.25633735611304342     
  0.81335049296118500     
   1.1310077375239229     
  0.44367035427662710     
 -0.62421588772932390     
  -1.1277432374305385     
 -0.62421588772932390     
  0.44367035427662710     
   1.1310077375239229     
  0.81335049296118500     
 -0.25633735611304342     
  -1.1436706482633054     
  -1.0325194688177506     
   4.3943655462992615E-002
   1.1780141291560056     
   1.3273379304699515     
  0.22937530949517204     
  -1.2789090934673064     
  -1.8478360333728436     
 -0.68335077237765085     
   1.7461763684449481     
   3.9557246804487045     
*****  m =    0  l =   11
   4.0141870374659003     
   1.3672477240304981     
  -1.2068223667934967     
  -1.9066366691069339     
 -0.65934859980380267     
  0.99752393622390967     
   1.4363394953791848     
  0.39805278337937477     
 -0.93468194996848952     
  -1.2111779983222140     
 -0.23584815572629436     
  0.92484123305728372     
   1.0791977640490737     
  0.11090593503542601     
 -0.94679414922078919     
 -0.99655883522215216     
   1.6002124571290158E-031
  0.99655883522215216     
  0.94679414922078919     
 -0.11090593503542601     
  -1.0791977640490737     
 -0.92484123305728372     
  0.23584815572629436     
   1.2111779983222140     
  0.93468194996848952     
 -0.39805278337937477     
  -1.4363394953791848     
 -0.99752393622390967     
  0.65934859980380267     
   1.9066366691069339     
   1.2068223667934967     
  -1.3672477240304981     
  -4.0141870374659003     
*****  m =    0  l =   12
   4.0443657287690371     
  0.94865106769116059     
  -1.6480767275750361     
  -1.7282481341427325     
   9.0271273929893425E-002
   1.4808705427058686     
  0.98627712845828985     
 -0.58385114096004942     
  -1.3172493010763262     
 -0.44425029217091416     
  0.89248017692193593     
   1.0914329728809837     
  -2.3466622756658118E-002
  -1.0696712097966989     
 -0.79647639020638505     
  0.43786342256957267     
   1.1279296874999998     
  0.43786342256957267     
 -0.79647639020638505     
  -1.0696712097966989     
  -2.3466622756658118E-002
   1.0914329728809837     
  0.89248017692193593     
 -0.44425029217091416     
  -1.3172493010763262     
 -0.58385114096004942     
  0.98627712845828985     
   1.4808705427058686     
   9.0271273929893425E-002
  -1.7282481341427325     
  -1.6480767275750361     
  0.94865106769116059     
   4.0443657287690371     
*****  m =    0  l =   13
   4.0472275455183606     
  0.50279613347038543     
  -1.9774611087202949     
  -1.3353109490217994     
  0.82221943954370103     
   1.5416699134056719     
  0.15249812419077013     
  -1.2700011282855508     
 -0.85989081135008349     
  0.66953429042483770     
   1.1872538633471859     
   6.0638021394280761E-002
  -1.0965173450873058     
 -0.70438167958419862     
  0.65014667949121119     
   1.0786215863330673     
  -1.8782686822570267E-031
  -1.0786215863330673     
 -0.65014667949121119     
  0.70438167958419862     
   1.0965173450873058     
  -6.0638021394280761E-002
  -1.1872538633471859     
 -0.66953429042483770     
  0.85989081135008349     
   1.2700011282855508     
 -0.15249812419077013     
  -1.5416699134056719     
 -0.82221943954370103     
   1.3353109490217994     
   1.9774611087202949     
 -0.50279613347038543     
  -4.0472275455183606     
*****  m =    0  l =   14
   4.0236803676459676     
   4.2591548869308382E-002
  -2.1730251474828073     
 -0.77687397309804140     
   1.3925776833024666     
   1.1628259476384031     
 -0.74065812862082292     
  -1.3128456081333160     
  0.14570157290995933     
   1.2609306616139009     
  0.37315920948057146     
  -1.0367807151086996     
 -0.77941315086995622     
  0.67894432648417080     
   1.0388287836686501     
 -0.23605198071974698     
  -1.1280447764944832     
 -0.23605198071974698     
   1.0388287836686501     
  0.67894432648417080     
 -0.77941315086995622     
  -1.0367807151086996     
  0.37315920948057146     
   1.2609306616139009     
  0.14570157290995933     
  -1.3128456081333160     
 -0.74065812862082292     
   1.1628259476384031     
   1.3925776833024666     
 -0.77687397309804140     
  -2.1730251474828073     
   4.2591548869308382E-002
   4.0236803676459676     
*****  m =    0  l =   15
   3.9746152021626768     
 -0.41885485557248758     
  -2.2219021198003199     
 -0.12226310701740051     
   1.6894087284410104     
  0.45252609899935892     
  -1.3460284607821744     
 -0.69080059919845604     
   1.0585100223900648     
  0.86850196796003321     
 -0.78949408156881939     
 -0.99706111382427887     
  0.52586566270288526     
   1.0811924123097414     
 -0.26305842540009811     
  -1.1228893908438022     
   2.1563532389282390E-031
   1.1228893908438022     
  0.26305842540009811     
  -1.0811924123097414     
 -0.52586566270288526     
  0.99706111382427887     
  0.78949408156881939     
 -0.86850196796003321     
  -1.0585100223900648     
  0.69080059919845604     
   1.3460284607821744     
 -0.45252609899935892     
  -1.6894087284410104     
  0.12226310701740051     
   2.2219021198003199     
  0.41885485557248758     
  -3.9746152021626768     
*****  m =    0  l =   16
   3.9009349457485332     
 -0.86855436237346884     
  -2.1211019009144279     
  0.54750301725714057     
   1.6546031596952420     
 -0.38674000252555718     
  -1.4284669976115811     
  0.28106368706675577     
   1.2968239596957898     
 -0.20153992606846427     
  -1.2149893476808871     
  0.13624644647402773     
   1.1645679389392909     
  -7.8985538107473663E-002
  -1.1369396956522033     
   2.5895915331739683E-002
   1.1281207467795473     
   2.5895915331739683E-002
  -1.1369396956522033     
  -7.8985538107473663E-002
   1.1645679389392909     
  0.13624644647402773     
  -1.2149893476808871     
 -0.20153992606846427     
   1.2968239596957898     
  0.28106368706675577     
  -1.4284669976115811     
 -0.38674000252555718     
   1.6546031596952420     
  0.54750301725714057     
  -2.1211019009144279     
 -0.86855436237346884     
   3.9009349457485332     
*****  m =    0  l =   17
   3.8035741236056215     
  -1.2939612889420904     
  -1.8776593313018495     
   1.1497012536458469     
   1.2951575572284861     
  -1.1159175547877616     
 -0.95605267222698620     
   1.1106961514549345     
  0.70883863754769738     
  -1.1144204178637258     
 -0.50602723363741975     
   1.1201894097612117     
  0.32698976404877955     
  -1.1250879874159250     
 -0.16068396817410324     
   1.1277992837228799     
  -2.4344565037919388E-031
  -1.1277992837228799     
  0.16068396817410324     
   1.1250879874159250     
 -0.32698976404877955     
  -1.1201894097612117     
  0.50602723363741975     
   1.1144204178637258     
 -0.70883863754769738     
  -1.1106961514549345     
  0.95605267222698620     
   1.1159175547877616     
  -1.2951575572284861     
  -1.1497012536458469     
   1.8776593313018495     
   1.2939612889420904     
  -3.8035741236056215     
*****  m =    0  l =   18
   3.6835122866867525     
  -1.6832909735358430     
  -1.5081260123420730     
   1.6100746831985906     
  0.68170232362787608     
  -1.5274390499799195     
 -0.11233873646825376     
   1.3781747288687798     
 -0.33078163626075396     
  -1.1580588654864765     
  0.67543483203606336     
  0.87567176147864834     
 -0.92513647030575819     
 -0.54543904363827256     
   1.0771003695173786     
  0.18521547678402717     
  -1.1281735009120917     
  0.18521547678402717     
   1.0771003695173786     
 -0.54543904363827256     
 -0.92513647030575819     
  0.87567176147864834     
  0.67543483203606336     
  -1.1580588654864765     
 -0.33078163626075396     
   1.3781747288687798     
 -0.11233873646825376     
  -1.5274390499799195     
  0.68170232362787608     
   1.6100746831985906     
  -1.5081260123420730     
  -1.6832909735358430     
   3.6835122866867525     
*****  m =    0  l =   19
   3.5417828145280716     
  -2.0258214217745429     
  -1.0374379921028363     
   1.8719425047322018     
  -6.5411985773288439E-002
  -1.5042454383786825     
  0.77502671180060134     
  0.94817497872334289     
  -1.1597193204741751     
 -0.29843911305143433     
   1.2263379618072339     
 -0.32916319535550331     
  -1.0045955738263597     
  0.82239970715102451     
  0.56217891021382427     
  -1.0931720795209634     
   2.7125727627495188E-031
   1.0931720795209634     
 -0.56217891021382427     
 -0.82239970715102451     
   1.0045955738263597     
  0.32916319535550331     
  -1.2263379618072339     
  0.29843911305143433     
   1.1597193204741751     
 -0.94817497872334289     
 -0.77502671180060134     
   1.5042454383786825     
   6.5411985773288439E-002
  -1.8719425047322018     
   1.0374379921028363     
   2.0258214217745429     
  -3.5417828145280716     
*****  m =    0  l =   20
   3.3794782955487368     
  -2.3121692584675779     
 -0.49723368986801875     
   1.9031363030549335     
 -0.79973312214909775     
  -1.0530167736966647     
   1.3615466925683728     
   3.8346347106473555E-002
  -1.2499484262847531     
  0.79397146246628447     
  0.63236604039459632     
  -1.1730731632216971     
  0.18935218088220795     
   1.0019260373955134     
 -0.86757779164634419     
 -0.38986748610374844     
   1.1282116142379219     
 -0.38986748610374844     
 -0.86757779164634419     
   1.0019260373955134     
  0.18935218088220795     
  -1.1730731632216971     
  0.63236604039459632     
  0.79397146246628447     
  -1.2499484262847531     
   3.8346347106473555E-002
   1.3615466925683728     
  -1.0530167736966647     
 -0.79973312214909775     
   1.9031363030549335     
 -0.49723368986801875     
  -2.3121692584675779     
   3.3794782955487368     
*****  m =    0  l =   21
   3.1977532923469107     
  -2.5345317119161446     
   7.6266871065501562E-002
   1.6999168740535617     
  -1.3774021888692392     
 -0.30219568417375609     
   1.4195838109570358     
 -0.89091166899808560     
 -0.54402341105325358     
   1.2672030972407713     
 -0.55196952750219419     
 -0.73063296742596173     
   1.1433197239055495     
 -0.26629375008616452     
 -0.88560473529542416     
   1.0202171392786197     
  -2.9906984111023268E-031
  -1.0202171392786197     
  0.88560473529542416     
  0.26629375008616452     
  -1.1433197239055495     
  0.73063296742596173     
  0.55196952750219419     
  -1.2672030972407713     
  0.54402341105325358     
  0.89091166899808560     
  -1.4195838109570358     
  0.30219568417375609     
   1.3774021888692392     
  -1.6999168740535617     
  -7.6266871065501562E-002
   2.5345317119161446     
  -3.1977532923469107     
*****  m =    0  l =   22
   2.9978250630222658     
  -2.6868875305401438     
  0.64468124268351557     
   1.2873962193644526     
  -1.6853108569970847     
  0.53460362413623697     
  0.92665786172856834     
  -1.3694361445497858     
  0.50841522171578513     
  0.75221102995746114     
  -1.2210598275715963     
  0.51300022941087986     
  0.64811247379111470     
  -1.1497642275913196     
  0.53746189544386369     
  0.58087599830518877     
  -1.1282400409009206     
  0.58087599830518877     
  0.53746189544386369     
  -1.1497642275913196     
  0.64811247379111470     
  0.51300022941087986     
  -1.2210598275715963     
  0.75221102995746114     
  0.50841522171578513     
  -1.3694361445497858     
  0.92665786172856834     
  0.53460362413623697     
  -1.6853108569970847     
   1.2873962193644526     
  0.64468124268351557     
  -2.6868875305401438     
   2.9978250630222658     
*****  m =    0  l =   23
   2.7809726526698189     
  -2.7651510126480003     
   1.1700220457568165     
  0.71641775466889523     
  -1.6632172803733725     
   1.2193756661444399     
   7.4105272536475475E-002
  -1.1551539975199447     
   1.2370773598624010     
 -0.34938586326690280     
 -0.75031247559519143     
   1.1941377934111848     
 -0.66859898947948448     
 -0.37191955351302380     
   1.0859848783627406     
 -0.91148919291201991     
   3.2688310633344211E-031
  0.91148919291201991     
  -1.0859848783627406     
  0.37191955351302380     
  0.66859898947948448     
  -1.1941377934111848     
  0.75031247559519143     
  0.34938586326690280     
  -1.2370773598624010     
   1.1551539975199447     
  -7.4105272536475475E-002
  -1.2193756661444399     
   1.6632172803733725     
 -0.71641775466889523     
  -1.1700220457568165     
   2.7651510126480003     
  -2.7809726526698189     
*****  m =    0  l =   24
   2.5485346631162114     
  -2.7672747145595289     
   1.6172235315202546     
   5.7281662142664835E-002
  -1.3155028770476378     
   1.5574041021656950     
 -0.80721990667601329     
 -0.35649535038919877     
   1.1779192380346437     
  -1.1785530885382771     
  0.42083890262201684     
  0.56589802570590197     
  -1.1378867711918432     
  0.94333472101575777     
 -0.13261963178478764     
 -0.75153756710307074     
   1.1282618045806883     
 -0.75153756710307074     
 -0.13261963178478764     
  0.94333472101575777     
  -1.1378867711918432     
  0.56589802570590197     
  0.42083890262201684     
  -1.1785530885382771     
   1.1779192380346437     
 -0.35649535038919877     
 -0.80721990667601329     
   1.5574041021656950     
  -1.3155028770476378     
   5.7281662142664835E-002
   1.6172235315202546     
  -2.7672747145595289     
   2.5485346631162114     
*****  m =    0  l =   25
   2.3019059360366136     
  -2.6932978710044746     
   1.9564700698114772     
 -0.60891151123640030     
 -0.71028017012471589     
   1.4526045236914988     
  -1.3753468117307590     
  0.62251182857830978     
  0.36863072313996992     
  -1.0887264827004555     
   1.1991778936930539     
 -0.68285834425172576     
 -0.16492806281307659     
  0.89557772263500079     
  -1.1354444941823008     
  0.77079833033480982     
  -3.5469690782753624E-031
 -0.77079833033480982     
   1.1354444941823008     
 -0.89557772263500079     
  0.16492806281307659     
  0.68285834425172576     
  -1.1991778936930539     
   1.0887264827004555     
 -0.36863072313996992     
 -0.62251182857830978     
   1.3753468117307590     
  -1.4526045236914988     
  0.71028017012471589     
  0.60891151123640030     
  -1.9564700698114772     
   2.6932978710044746     
  -2.3019059360366136     
*****  m =    0  l =   26
   2.0425333336918849     
  -2.5453390866004479     
   2.1651726220985488     
  -1.2002347414703016     
   3.3964359846666792E-002
  0.93480882461534298     
  -1.4098634818313183     
   1.2866483345321014     
 -0.67541527526904976     
 -0.14995739915944228     
  0.85817693882427137     
  -1.1828915579308203     
   1.0170870456063767     
 -0.44619986829377173     
 -0.29068302156398640     
  0.89586355697541187     
  -1.1282788353331528     
  0.89586355697541187     
 -0.29068302156398640     
 -0.44619986829377173     
   1.0170870456063767     
  -1.1828915579308203     
  0.85817693882427137     
 -0.14995739915944228     
 -0.67541527526904976     
   1.2866483345321014     
  -1.4098634818313183     
  0.93480882461534298     
   3.3964359846666792E-002
  -1.2002347414703016     
   2.1651726220985488     
  -2.5453390866004479     
   2.0425333336918849     
*****  m =    0  l =   27
   1.7719107655270561     
  -2.3275334044873643     
   2.2294626661289723     
  -1.6440010924854118     
  0.77157243430689226     
  0.15125084741382455     
 -0.89740261848763558     
   1.2999958128615430     
  -1.2893821204731131     
  0.90575179905368519     
 -0.28386517906145270     
 -0.38592830300666447     
  0.91000031916869417     
  -1.1432855690889419     
   1.0270888735023214     
 -0.60307614503442530     
   3.8251112899934352E-031
  0.60307614503442530     
  -1.0270888735023214     
   1.1432855690889419     
 -0.91000031916869417     
  0.38592830300666447     
  0.28386517906145270     
 -0.90575179905368519     
   1.2893821204731131     
  -1.2999958128615430     
  0.89740261848763558     
 -0.15125084741382455     
 -0.77157243430689226     
   1.6440010924854118     
  -2.2294626661289723     
   2.3275334044873643     
  -1.7719107655270561     
*****  m =    0  l =   28
   1.4915735830987824     
  -2.0459153909323842     
   2.1451050941554128     
  -1.8856878284991303     
   1.3582187003390553     
 -0.67531208463063985     
  -3.6793261051912163E-002
  0.65581943518743757     
  -1.0823222778487260     
   1.2552391421665918     
  -1.1609606216062156     
  0.83419798180287563     
 -0.35046791362430840     
 -0.18846649631742940     
  0.67360491154027313     
  -1.0087896540555272     
   1.1282924119605962     
  -1.0087896540555272     
  0.67360491154027313     
 -0.18846649631742940     
 -0.35046791362430840     
  0.83419798180287563     
  -1.1609606216062156     
   1.2552391421665918     
  -1.0823222778487260     
  0.65581943518743757     
  -3.6793261051912163E-002
 -0.67531208463063985     
   1.3582187003390553     
  -1.8856878284991303     
   2.1451050941554128     
  -2.0459153909323842     
   1.4915735830987824     
*****  m =    0  l =   29
   1.2030924471320976     
  -1.7082513547712663     
   1.9177701767878768     
  -1.8956240191953526     
   1.6791419020076817     
  -1.3099288012808152     
  0.83809845292614549     
 -0.32005898611126626     
 -0.18609196293852226     
  0.62601084548805908     
 -0.95443700976258117     
   1.1396851625130262     
  -1.1667522978197631     
   1.0386734538310636     
 -0.77596445636054856     
  0.41420264295709464     
  -4.1032568474943041E-031
 -0.41420264295709464     
  0.77596445636054856     
  -1.0386734538310636     
   1.1667522978197631     
  -1.1396851625130262     
  0.95443700976258117     
 -0.62601084548805908     
  0.18609196293852226     
  0.32005898611126626     
 -0.83809845292614549     
   1.3099288012808152     
  -1.6791419020076817     
   1.8956240191953526     
  -1.9177701767878768     
   1.7082513547712663     
  -1.2030924471320976     
*****  m =    0  l =   30
  0.90806675682954308     
  -1.3238252101550327     
   1.5626472075557061     
  -1.6726226760475791     
   1.6715829536182658     
  -1.5722322201543706     
   1.3878927750964634     
  -1.1340750599827167     
  0.82863839217053459     
 -0.49132084623941841     
  0.14293922832862171     
  0.19558435212798564     
 -0.50426427402811191     
  0.76507863127070685     
 -0.96291182619992954     
   1.0863531825540329     
  -1.1283034089090709     
   1.0863531825540329     
 -0.96291182619992954     
  0.76507863127070685     
 -0.50426427402811191     
  0.19558435212798564     
  0.14293922832862171     
 -0.49132084623941841     
  0.82863839217053459     
  -1.1340750599827167     
   1.3878927750964634     
  -1.5722322201543706     
   1.6715829536182658     
  -1.6726226760475791     
   1.5626472075557061     
  -1.3238252101550327     
  0.90806675682954308     
*****  m =    0  l =   31
  0.60811772141111042     
 -0.90318375422493236     
   1.1034260970188201     
  -1.2441137748498843     
   1.3370455434378834     
  -1.3876895325899250     
   1.3993368886651267     
  -1.3745486658113693     
   1.3157651861166790     
  -1.2255879342771951     
   1.1069102737969287     
 -0.96296861882130513     
  0.79734704737002704     
 -0.61395229383520955     
  0.41696879334001941     
 -0.21079994563662713     
   4.3814051151686869E-031
  0.21079994563662713     
 -0.41696879334001941     
  0.61395229383520955     
 -0.79734704737002704     
  0.96296861882130513     
  -1.1069102737969287     
   1.2255879342771951     
  -1.3157651861166790     
   1.3745486658113693     
  -1.3993368886651267     
   1.3876895325899250     
  -1.3370455434378834     
   1.2441137748498843     
  -1.1034260970188201     
  0.90318375422493236     
 -0.60811772141111042     
*****  m =    0  l =   32
  0.30488114623332374     
 -0.45784823500973437     
  0.57071507418543321     
 -0.66276399876551961     
  0.74098633356927834     
 -0.80876651852288495     
  0.86800613210749322     
 -0.91987445283501912     
  0.96513432600266902     
  -1.0043039277280652     
   1.0377450055694251     
  -1.0657144554774103     
   1.0883960437395737     
  -1.1059206258143168     
   1.1183792923334832     
  -1.1258319065365672     
   1.1283124405024136     
  -1.1258319065365672     
   1.1183792923334832     
  -1.1059206258143168     
   1.0883960437395737     
  -1.0657144554774103     
   1.0377450055694251     
  -1.0043039277280652     
  0.96513432600266902     
 -0.91987445283501912     
  0.86800613210749322     
 -0.80876651852288495     
  0.74098633356927834     
 -0.66276399876551961     
  0.57071507418543321     
 -0.45784823500973437     
  0.30488114623332374     
*****  m =    1  l =    1
  0.12422535136636213     
  0.28410438321209897     
  0.44244817085815646     
  0.59712530048924806     
  0.74664138108406986     
  0.88963942568988819     
   1.0248447521353907     
   1.1510602744979177     
   1.2671718921549036     
   1.3721562731862353     
   1.4650889489775127     
   1.5451519943593437     
   1.6116409788466450     
   1.6639710236463032     
   1.7016818632040420     
   1.7244418431830975     
   1.7320508075688770     
   1.7244418431830975     
   1.7016818632040420     
   1.6639710236463032     
   1.6116409788466450     
   1.5451519943593437     
   1.4650889489775127     
   1.3721562731862353     
   1.2671718921549036     
   1.1510602744979177     
   1.0248447521353907     
  0.88963942568988819     
  0.74664138108406986     
  0.59712530048924806     
  0.44244817085815646     
  0.28410438321209897     
  0.12422535136636213     
*****  m =    1  l =    2
  0.27706097120266077     
  0.62667235184004200     
  0.95652062513412150     
   1.2533567068469473     
   1.5064547330903642     
   1.7068336524746313     
   1.8474198202159950     
   1.9232584809835671     
   1.9316755714717786     
   1.8723667424894965     
   1.7474058545224149     
   1.5611711324636970     
   1.3201909912578089     
   1.0329146926894133     
  0.70941576149847108     
  0.36103850465733350     
  -4.7738205443689120E-032
 -0.36103850465733350     
 -0.70941576149847108     
  -1.0329146926894133     
  -1.3201909912578089     
  -1.5611711324636970     
  -1.7474058545224149     
  -1.8723667424894965     
  -1.9316755714717786     
  -1.9232584809835671     
  -1.8474198202159950     
  -1.7068336524746313     
  -1.5064547330903642     
  -1.2533567068469473     
 -0.95652062513412150     
 -0.62667235184004200     
 -0.27706097120266077     
*****  m =    1  l =    3
  0.46181999562326315     
   1.0272703970476320     
   1.5204564444445829     
   1.9023062364244714     
   2.1447595483454407     
   2.2309976826713953     
   2.1564824519958159     
   1.9292283885014312     
   1.5691317742465580     
   1.1063794167752066     
  0.57905438257853137     
   3.0124413156451691E-002
 -0.49595108234993662     
 -0.95672900030872265     
  -1.3151297634169539     
  -1.5423606228047544     
  -1.6201851746019647     
  -1.5423606228047544     
  -1.3151297634169539     
 -0.95672900030872265     
 -0.49595108234993662     
   3.0124413156451691E-002
  0.57905438257853137     
   1.1063794167752066     
   1.5691317742465580     
   1.9292283885014312     
   2.1564824519958159     
   2.2309976826713953     
   2.1447595483454407     
   1.9023062364244714     
   1.5204564444445829     
   1.0272703970476320     
  0.46181999562326315     
*****  m =    1  l =    4
  0.67254875228230959     
   1.4627523778313498     
   2.0754333873212700     
   2.4315297734125876     
   2.4900692574316028     
   2.2506299817930788     
   1.7527191347602642     
   1.0699555766616282     
  0.29964075456205641     
 -0.45087187620179897     
  -1.0791228331336153     
  -1.5017333523011502     
  -1.6658639361430685     
  -1.5563567863716268     
  -1.1975764584503401     
 -0.64970235737937099     
   8.7700683429885776E-032
  0.64970235737937099     
   1.1975764584503401     
   1.5563567863716268     
   1.6658639361430685     
   1.5017333523011502     
   1.0791228331336153     
  0.45087187620179897     
 -0.29964075456205641     
  -1.0699555766616282     
  -1.7527191347602642     
  -2.2506299817930788     
  -2.4900692574316028     
  -2.4315297734125876     
  -2.0754333873212700     
  -1.4627523778313498     
 -0.67254875228230959     
*****  m =    1  l =    5
  0.90475719799530296     
   1.9125689029532664     
   2.5685564428774779     
   2.7504600580346730     
   2.4378121802522039     
   1.7110176374611121     
  0.73262679164038380     
 -0.28812638607252927     
  -1.1401747251489389     
  -1.6552707699180333     
  -1.7428963316030002     
  -1.4080125363635931     
 -0.74796398642954420     
   7.0632722067441506E-002
  0.84986033049912968     
   1.4049764781475371     
   1.6056540723331405     
   1.4049764781475371     
  0.84986033049912968     
   7.0632722067441506E-002
 -0.74796398642954420     
  -1.4080125363635931     
  -1.7428963316030002     
  -1.6552707699180333     
  -1.1401747251489389     
 -0.28812638607252927     
  0.73262679164038380     
   1.7110176374611121     
   2.4378121802522039     
   2.7504600580346730     
   2.5685564428774779     
   1.9125689029532664     
  0.90475719799530296     
*****  m =    1  l =    6
   1.1547510912263599     
   2.3577731003756668     
   2.9540840487491300     
   2.7987913185572868     
   1.9680603263390735     
  0.72754412986757555     
 -0.55053162795375521     
  -1.5000310554424416     
  -1.8693655840856227     
  -1.5930435228436541     
 -0.80513009443222205     
  0.20858333560596351     
   1.1040546399314364     
   1.5885623560943318     
   1.5121321025021168     
  0.91250400040960866     
  -1.2728634045414284E-031
 -0.91250400040960866     
  -1.5121321025021168     
  -1.5885623560943318     
  -1.1040546399314364     
 -0.20858333560596351     
  0.80513009443222205     
   1.5930435228436541     
   1.8693655840856227     
   1.5000310554424416     
  0.55053162795375521     
 -0.72754412986757555     
  -1.9680603263390735     
  -2.7987913185572868     
  -2.9540840487491300     
  -2.3577731003756668     
  -1.1547510912263599     
*****  m =    1  l =    7
   1.4192980691937436     
   2.7807501946922377     
   3.1953564753818622     
   2.5526752408836431     
   1.1483904955068225     
 -0.44795415282780926     
  -1.6250860248376597     
  -1.9718769155530784     
  -1.4317169649252495     
 -0.30885448793397685     
  0.87235721895720864     
   1.5939704933125143     
   1.5610483461909794     
  0.81843085462021870     
 -0.27921287810655221     
  -1.2287721319920071     
  -1.6010860571811871     
  -1.2287721319920071     
 -0.27921287810655221     
  0.81843085462021870     
   1.5610483461909794     
   1.5939704933125143     
  0.87235721895720864     
 -0.30885448793397685     
  -1.4317169649252495     
  -1.9718769155530784     
  -1.6250860248376597     
 -0.44795415282780926     
   1.1483904955068225     
   2.5526752408836431     
   3.1953564753818622     
   2.7807501946922377     
   1.4192980691937436     
*****  m =    1  l =    8
   1.6954546943466224     
   3.1652822140601389     
   3.2666881069317166     
   2.0271447207519868     
  0.12027084687299953     
  -1.4994704289828853     
  -2.0861940398695658     
  -1.4671010413046464     
  -9.7740960530410745E-002
   1.2109338849462463     
   1.7397901869722161     
   1.2408190910002725     
   4.8503751340350156E-002
  -1.1285457254512643     
  -1.6140904792210062     
  -1.1422993086173798     
   1.6675706435324999E-031
   1.1422993086173798     
   1.6140904792210062     
   1.1285457254512643     
  -4.8503751340350156E-002
  -1.2408190910002725     
  -1.7397901869722161     
  -1.2109338849462463     
   9.7740960530410745E-002
   1.4671010413046464     
   2.0861940398695658     
   1.4994704289828853     
 -0.12027084687299953     
  -2.0271447207519868     
  -3.2666881069317166     
  -3.1652822140601389     
  -1.6954546943466224     
*****  m =    1  l =    9
   1.9804708928651178     
   3.4967537616149116     
   3.1547980938062365     
   1.2740540674528074     
 -0.92889428137183228     
  -2.1377597077594732     
  -1.7562990069786795     
 -0.23336823861722591     
   1.2960366972348272     
   1.7933060655058783     
  0.99338653264330956     
 -0.46540456361894439     
  -1.5233919639782318     
  -1.4469265803942608     
 -0.32581078715241624     
   1.0123254408627353     
   1.5990834471952207     
   1.0123254408627353     
 -0.32581078715241624     
  -1.4469265803942608     
  -1.5233919639782318     
 -0.46540456361894439     
  0.99338653264330956     
   1.7933060655058783     
   1.2960366972348272     
 -0.23336823861722591     
  -1.7562990069786795     
  -2.1377597077594732     
 -0.92889428137183228     
   1.2740540674528074     
   3.1547980938062365     
   3.4967537616149116     
   1.9804708928651178     
*****  m =    1  l =   10
   2.2717349224326879     
   3.7624081521391513     
   2.8595502786929488     
  0.37560068915173350     
  -1.8028150696958374     
  -2.1841728984632440     
 -0.75809642414933898     
   1.1157145847973182     
   1.8714340125796560     
  0.98712335815298180     
 -0.67450764920499529     
  -1.6618889419155392     
  -1.1688369536541365     
  0.32114219100333774     
   1.4907040717858882     
   1.3315676966448897     
  -2.0617786186900474E-031
  -1.3315676966448897     
  -1.4907040717858882     
 -0.32114219100333774     
   1.1688369536541365     
   1.6618889419155392     
  0.67450764920499529     
 -0.98712335815298180     
  -1.8714340125796560     
  -1.1157145847973182     
  0.75809642414933898     
   2.1841728984632440     
   1.8028150696958374     
 -0.37560068915173350     
  -2.8595502786929488     
  -3.7624081521391513     
  -2.2717349224326879     
*****  m =    1  l =   11
   2.5667412175179964     
   3.9516060485774860     
   2.3938878833778605     
 -0.56586693488030904     
  -2.3352886702716185     
  -1.6234245507561260     
  0.52903183729382464     
   1.9058090660830427     
   1.2644104258480360     
 -0.58359788450407191     
  -1.7145290101438975     
  -1.0414367865977949     
  0.66333565411129736     
   1.6248346611227376     
  0.88318234191807621     
 -0.76152900077786778     
  -1.5980310723216453     
 -0.76152900077786778     
  0.88318234191807621     
   1.6248346611227376     
  0.66333565411129736     
  -1.0414367865977949     
  -1.7145290101438975     
 -0.58359788450407191     
   1.2644104258480360     
   1.9058090660830427     
  0.52903183729382464     
  -1.6234245507561260     
  -2.3352886702716185     
 -0.56586693488030904     
   2.3938878833778605     
   3.9516060485774860     
   2.5667412175179964     
*****  m =    1  l =   12
   2.8630719432443730     
   4.0560582332089750     
   1.7829326539523689     
  -1.4405474897749146     
  -2.4234630504769306     
 -0.61004217830758634     
   1.6129226521013758     
   1.7404593400194628     
 -0.14200599210779127     
  -1.7007678546672607     
  -1.1596444043476972     
  0.71744734630295393     
   1.6555375951277802     
  0.58351867841660643     
  -1.1597770136975827     
  -1.4738814322926364     
   2.4557252981019413E-031
   1.4738814322926364     
   1.1597770136975827     
 -0.58351867841660643     
  -1.6555375951277802     
 -0.71744734630295393     
   1.1596444043476972     
   1.7007678546672607     
  0.14200599210779127     
  -1.7404593400194628     
  -1.6129226521013758     
  0.61004217830758634     
   2.4234630504769306     
   1.4405474897749146     
  -1.7829326539523689     
  -4.0560582332089750     
  -2.8630719432443730     
*****  m =    1  l =   13
   3.1583871548868707     
   4.0700142581394116     
   1.0622887514093851     
  -2.1448504565550963     
  -2.0488320772814230     
  0.57361595835777157     
   2.0775269697183507     
  0.70177895032173088     
  -1.4579712409619514     
  -1.4970180778625122     
  0.47401979006127865     
   1.6908352295293232     
  0.55260325199558669     
  -1.2995012281272329     
  -1.3162596801991866     
  0.48461574962724885     
   1.5974105981874727     
  0.48461574962724885     
  -1.3162596801991866     
  -1.2995012281272329     
  0.55260325199558669     
   1.6908352295293232     
  0.47401979006127865     
  -1.4970180778625122     
  -1.4579712409619514     
  0.70177895032173088     
   2.0775269697183507     
  0.57361595835777157     
  -2.0488320772814230     
  -2.1448504565550963     
   1.0622887514093851     
   4.0700142581394116     
   3.1583871548868707     
*****  m =    1  l =   14
   3.4504205531049688     
   3.9903947791305159     
  0.27565261078334219     
  -2.5943501882387303     
  -1.2817773641373695     
   1.5960816398381497     
   1.7436572313479091     
 -0.68912751330344457     
  -1.8497480910068769     
 -0.13035344432366355     
   1.6659337953189086     
  0.81371695264163235     
  -1.2493697210502681     
  -1.3062320133009828     
  0.66767209053134990     
   1.5643523909460091     
  -2.8495182555760029E-031
  -1.5643523909460091     
 -0.66767209053134990     
   1.3062320133009828     
   1.2493697210502681     
 -0.81371695264163235     
  -1.6659337953189086     
  0.13035344432366355     
   1.8497480910068769     
  0.68912751330344457     
  -1.7436572313479091     
  -1.5960816398381497     
   1.2817773641373695     
   2.5943501882387303     
 -0.27565261078334219     
  -3.9903947791305159     
  -3.4504205531049688     
*****  m =    1  l =   15
   3.7369789691086517     
   3.8168595769517770     
 -0.52811915807724097     
  -2.7344325097783111     
 -0.26868375049392229     
   2.1700146239837075     
  0.73903255230215248     
  -1.7332017431434454     
  -1.0686738653246255     
   1.3372862457853412     
   1.3062550369727366     
 -0.95382974927516717     
  -1.4693837073699281     
  0.57272199025685278     
   1.5653102577076654     
 -0.19106156908712402     
  -1.5970143658613505     
 -0.19106156908712402     
   1.5653102577076654     
  0.57272199025685278     
  -1.4693837073699281     
 -0.95382974927516717     
   1.3062550369727366     
   1.3372862457853412     
  -1.0686738653246255     
  -1.7332017431434454     
  0.73903255230215248     
   2.1700146239837075     
 -0.26868375049392229     
  -2.7344325097783111     
 -0.52811915807724097     
   3.8168595769517770     
   3.7369789691086517     
*****  m =    1  l =   16
   4.0159443717715719     
   3.5518065635679483     
  -1.2982927492849803     
  -2.5473127792531702     
  0.79592910679706863     
   2.1335012661278907     
 -0.54999205679239371     
  -1.9050210057462280     
  0.39013337465525694     
   1.7648628319284081     
 -0.27006160357322745     
  -1.6767945401519282     
  0.17094834798269548     
   1.6244199825555956     
  -8.3008243508136195E-002
  -1.5998662195667197     
   3.2432131756489200E-031
   1.5998662195667197     
   8.3008243508136195E-002
  -1.6244199825555956     
 -0.17094834798269548     
   1.6767945401519282     
  0.27006160357322745     
  -1.7648628319284081     
 -0.39013337465525694     
   1.9050210057462280     
  0.54999205679239371     
  -2.1335012661278907     
 -0.79592910679706863     
   2.5473127792531702     
   1.2982927492849803     
  -3.5518065635679483     
  -4.0159443717715719     
*****  m =    1  l =   17
   4.2852775836242696     
   3.2002998825938929     
  -1.9856746006338015     
  -2.0545461848461439     
   1.7068680077859868     
   1.4962433490879166     
  -1.6268280535317214     
  -1.1177736559825564     
   1.6011192523140942     
  0.81972936921217032     
  -1.5945067011158349     
 -0.56362159080537133     
   1.5945499763280471     
  0.33045536598771735     
  -1.5960395199658461     
 -0.10895473591612204     
   1.5967460277319492     
 -0.10895473591612204     
  -1.5960395199658461     
  0.33045536598771735     
   1.5945499763280471     
 -0.56362159080537133     
  -1.5945067011158349     
  0.81972936921217032     
   1.6011192523140942     
  -1.1177736559825564     
  -1.6268280535317214     
   1.4962433490879166     
   1.7068680077859868     
  -2.0545461848461439     
  -1.9856746006338015     
   3.2002998825938929     
   4.2852775836242696     
*****  m =    1  l =   18
   4.5430231388153075     
   2.7699277318966673     
  -2.5459365027237206     
  -1.3147031592648479     
   2.2880282493896873     
  0.43736067794210021     
  -2.0761039046881575     
  0.23234549822298675     
   1.7955229157104260     
 -0.76298644608433264     
  -1.4329376445105282     
   1.1666227018637341     
  0.99872381044800485     
  -1.4405036474352990     
 -0.51282295534651678     
   1.5792142905362174     
  -3.6368417589569020E-031
  -1.5792142905362174     
  0.51282295534651678     
   1.4405036474352990     
 -0.99872381044800485     
  -1.1666227018637341     
   1.4329376445105282     
  0.76298644608433264     
  -1.7955229157104260     
 -0.23234549822298675     
   2.0761039046881575     
 -0.43736067794210021     
  -2.2880282493896873     
   1.3147031592648479     
   2.5459365027237206     
  -2.7699277318966673     
  -4.5430231388153075     
*****  m =    1  l =   19
   4.7873148747472021     
   2.2705928342130357     
  -2.9426266720366825     
 -0.41647704631470212     
   2.4266865704125360     
 -0.74476446327706114     
  -1.7242042718838184     
   1.4652333748035558     
  0.84975089080876054     
  -1.7518145631134705     
   6.4096426699896833E-002
   1.6189290987741527     
 -0.86185482261241686     
  -1.1310425428526241     
   1.4044297149166907     
  0.40497668753289601     
  -1.5965559276029664     
  0.40497668753289601     
   1.4044297149166907     
  -1.1310425428526241     
 -0.86185482261241686     
   1.6189290987741527     
   6.4096426699896833E-002
  -1.7518145631134705     
  0.84975089080876054     
   1.4652333748035558     
  -1.7242042718838184     
 -0.74476446327706114     
   2.4266865704125360     
 -0.41647704631470212     
  -2.9426266720366825     
   2.2705928342130357     
   4.7873148747472021     
*****  m =    1  l =   20
   5.0163819544399235     
   1.7142405760383448     
  -3.1496651851862940     
  0.53194573881029616     
   2.0955981357464566     
  -1.7165470266942784     
 -0.70669574020117876     
   1.9594692892496210     
 -0.63564738818030597     
  -1.3771624524648085     
   1.5012330505447262     
  0.29789650092183312     
  -1.6306780427754834     
  0.81179195342398691     
   1.0369445807952722     
  -1.5031457862163164     
   4.0304233744498299E-031
   1.5031457862163164     
  -1.0369445807952722     
 -0.81179195342398691     
   1.6306780427754834     
 -0.29789650092183312     
  -1.5012330505447262     
   1.3771624524648085     
  0.63564738818030597     
  -1.9594692892496210     
  0.70669574020117876     
   1.7165470266942784     
  -2.0955981357464566     
 -0.53194573881029616     
   3.1496651851862940     
  -1.7142405760383448     
  -5.0163819544399235     
*****  m =    1  l =   21
   5.2285550886379601     
   1.1145317149373875     
  -3.1531558976226166     
   1.4159603584102327     
   1.3585339758080510     
  -2.2034378870853151     
  0.58365985627567940     
   1.4657398207753705     
  -1.7170972233982134     
   6.9423839668933382E-002
   1.5387586051051170     
  -1.3493491577673340     
 -0.33400111544613031     
   1.5820493079322195     
  -1.0173231088537429     
 -0.68666336765351776     
   1.5964163624182419     
 -0.68666336765351776     
  -1.0173231088537429     
   1.5820493079322195     
 -0.33400111544613031     
  -1.3493491577673340     
   1.5387586051051170     
   6.9423839668933382E-002
  -1.7170972233982134     
   1.4657398207753705     
  0.58365985627567940     
  -2.2034378870853151     
   1.3585339758080510     
   1.4159603584102327     
  -3.1531558976226166     
   1.1145317149373875     
   5.2285550886379601     
*****  m =    1  l =   22
   5.4222727771827550     
  0.48646819728533652     
  -2.9523920447577026     
   2.1284656992655977     
  0.35811929674919529     
  -2.0676594828346984     
   1.6484217635834739     
  0.23287015848110729     
  -1.7074178694524293     
   1.4618546265965804     
  0.14167125309735615     
  -1.5182271932892513     
   1.3856491563958648     
   6.7333808531509831E-002
  -1.4164984503550582     
   1.3743460833193042     
  -4.4239705221832034E-031
  -1.3743460833193042     
   1.4164984503550582     
  -6.7333808531509831E-002
  -1.3856491563958648     
   1.5182271932892513     
 -0.14167125309735615     
  -1.4618546265965804     
   1.7074178694524293     
 -0.23287015848110729     
  -1.6484217635834739     
   2.0676594828346984     
 -0.35811929674919529     
  -2.1284656992655977     
   2.9523920447577026     
 -0.48646819728533652     
  -5.4222727771827550     
*****  m =    1  l =   23
   5.5960874255763207     
 -0.15401799542962899     
  -2.5599861292159027     
   2.5829277731719706     
 -0.71171128646843895     
  -1.3473703772323891     
   2.0760568180710370     
  -1.1173805290309937     
 -0.61267171044073643     
   1.7160186577365311     
  -1.3874176071744611     
  -2.3736062158323298E-002
   1.3499352069274433     
  -1.5445332842127062     
  0.48869894262166858     
  0.94416369852806803     
  -1.5963108874511671     
  0.94416369852806803     
  0.48869894262166858     
  -1.5445332842127062     
   1.3499352069274433     
  -2.3736062158323298E-002
  -1.3874176071744611     
   1.7160186577365311     
 -0.61267171044073643     
  -1.1173805290309937     
   2.0760568180710370     
  -1.3473703772323891     
 -0.71171128646843895     
   2.5829277731719706     
  -2.5599861292159027     
 -0.15401799542962899     
   5.5960874255763207     
*****  m =    1  l =   24
   5.7486712196166652     
 -0.79050196998919253     
  -2.0011128680749461     
   2.7239786894721378     
  -1.6433139556511709     
 -0.24608137252314621     
   1.7011338081163563     
  -1.9038269715647105     
  0.87141849417657558     
  0.63397007475180078     
  -1.6226970787085229     
   1.4966749126205254     
 -0.39585546866688731     
 -0.92544197754402857     
   1.5987605124322877     
  -1.1973450311495291     
   4.8174916293497668E-031
   1.1973450311495291     
  -1.5987605124322877     
  0.92544197754402857     
  0.39585546866688731     
  -1.4966749126205254     
   1.6226970787085229     
 -0.63397007475180078     
 -0.87141849417657558     
   1.9038269715647105     
  -1.7011338081163563     
  0.24608137252314621     
   1.6433139556511709     
  -2.7239786894721378     
   2.0011128680749461     
  0.79050196998919253     
  -5.7486712196166652     
*****  m =    1  l =   25
   5.8788216615003517     
  -1.4065172442915594     
  -1.3119130262039060     
   2.5342436441240208     
  -2.2556862531176103     
  0.92476737931959230     
  0.66847725447279571     
  -1.7295811072140208     
   1.8015018667478926     
 -0.94171526255118432     
 -0.34475382401924409     
   1.3770926019022427     
  -1.6400752063802646     
   1.0303233676426984     
  0.10782778248871187     
  -1.1684674958988142     
   1.5962292409847327     
  -1.1684674958988142     
  0.10782778248871187     
   1.0303233676426984     
  -1.6400752063802646     
   1.3770926019022427     
 -0.34475382401924409     
 -0.94171526255118432     
   1.8015018667478926     
  -1.7295811072140208     
  0.66847725447279571     
  0.92476737931959230     
  -2.2556862531176103     
   2.5342436441240208     
  -1.3119130262039060     
  -1.4065172442915594     
   5.8788216615003517     
*****  m =    1  l =   26
   5.9854666868467108     
  -1.9860090625960762     
 -0.53716195417151569     
   2.0365478113678410     
  -2.4297084956278763     
   1.8338702647179468     
 -0.62265564740403567     
 -0.68248646715009664     
   1.5862680465554602     
  -1.7839287344671850     
   1.2546428030902228     
 -0.25143721768227562     
 -0.80647774869399624     
   1.4977720058696025     
  -1.5584590014807582     
  0.97835948723685662     
  -5.2109925837075873E-031
 -0.97835948723685662     
   1.5584590014807582     
  -1.4977720058696025     
  0.80647774869399624     
  0.25143721768227562     
  -1.2546428030902228     
   1.7839287344671850     
  -1.5862680465554602     
  0.68248646715009664     
  0.62265564740403567     
  -1.8338702647179468     
   2.4297084956278763     
  -2.0365478113678410     
  0.53716195417151569     
   1.9860090625960762     
  -5.9854666868467108     
*****  m =    1  l =   27
   6.0676692950341442     
  -2.5137773998587702     
  0.27264415870671244     
   1.2912196435397787     
  -2.1313963510026004     
   2.2238473717944185     
  -1.6728903322352986     
  0.70903657526776576     
  0.36250396842050442     
  -1.2367017339712014     
   1.6838567658011208     
  -1.6043778025824385     
   1.0488157306632551     
 -0.19826322225672088     
 -0.68923869459718856     
   1.3517243199361295     
  -1.5961647507824568     
   1.3517243199361295     
 -0.68923869459718856     
 -0.19826322225672088     
   1.0488157306632551     
  -1.6043778025824385     
   1.6838567658011208     
  -1.2367017339712014     
  0.36250396842050442     
  0.70903657526776576     
  -1.6728903322352986     
   2.2238473717944185     
  -2.1313963510026004     
   1.2912196435397787     
  0.27264415870671244     
  -2.5137773998587702     
   6.0676692950341442     
*****  m =    1  l =   28
   6.1246316359586688     
  -2.9758975969167212     
   1.0645922041875253     
  0.38880772800982871     
  -1.4186103608686524     
   1.9841882724931701     
  -2.0759007568002610     
   1.7425966651717502     
  -1.0917129689517584     
  0.27376600993691730     
  0.54256704045665460     
  -1.1991423653990860     
   1.5752612912466097     
  -1.6078499228834353     
   1.3012772554101419     
 -0.72507614543619936     
   5.6044776228779653E-031
  0.72507614543619936     
  -1.3012772554101419     
   1.6078499228834353     
  -1.5752612912466097     
   1.1991423653990860     
 -0.54256704045665460     
 -0.27376600993691730     
   1.0917129689517584     
  -1.7425966651717502     
   2.0759007568002610     
  -1.9841882724931701     
   1.4186103608686524     
 -0.38880772800982871     
  -1.0645922041875253     
   2.9758975969167212     
  -6.1246316359586688     
*****  m =    1  l =   29
   6.1556985054545779     
  -3.3601071467206638     
   1.7868277464264006     
 -0.56090867270471390     
 -0.42988731652865608     
   1.1826499211680899     
  -1.6756839489510438     
   1.8963915372014228     
  -1.8516678084012392     
   1.5709379355527116     
  -1.1047441951292505     
  0.52017704343465909     
  0.10589356182420633     
 -0.69484918709194232     
   1.1746513215572703     
  -1.4875203389532095     
   1.5961129264102685     
  -1.4875203389532095     
   1.1746513215572703     
 -0.69484918709194232     
  0.10589356182420633     
  0.52017704343465909     
  -1.1047441951292505     
   1.5709379355527116     
  -1.8516678084012392     
   1.8963915372014228     
  -1.6756839489510438     
   1.1826499211680899     
 -0.42988731652865608     
 -0.56090867270471390     
   1.7868277464264006     
  -3.3601071467206638     
   6.1556985054545779     
*****  m =    1  l =   30
   6.1603602095931445     
  -3.6561480470673042     
   2.3919718837136843     
  -1.4422791404497988     
  0.64245622885619025     
   4.6166274617841542E-002
 -0.62703339679073999     
   1.0927194600503631     
  -1.4340541384427283     
   1.6443473051197126     
  -1.7215614533818948     
   1.6693873206948631     
  -1.4975968847007202     
   1.2218490534692705     
 -0.86305416008069269     
  0.44638252087576036     
  -5.9979498744708457E-031
 -0.44638252087576036     
  0.86305416008069269     
  -1.2218490534692705     
   1.4975968847007202     
  -1.6693873206948631     
   1.7215614533818948     
  -1.6443473051197126     
   1.4340541384427283     
  -1.0927194600503631     
  0.62703339679073999     
  -4.6166274617841542E-002
 -0.64245622885619025     
   1.4422791404497988     
  -2.3919718837136843     
   3.6561480470673042     
  -6.1603602095931445     
*****  m =    1  l =   31
   6.1382547652041470     
  -3.8560553224494858     
   2.8402523842041125     
  -2.1478823039005901     
   1.5897267887715276     
  -1.1033654419376242     
  0.66426329237751058     
 -0.26267692859798814     
 -0.10442593962024196     
  0.43678817445607604     
 -0.73252931495924900     
  0.98905130373839545     
  -1.2035763520552394     
   1.3734885557626690     
  -1.4965603219235366     
   1.5711041329524944     
  -1.5960706559107465     
   1.5711041329524944     
  -1.4965603219235366     
   1.3734885557626690     
  -1.2035763520552394     
  0.98905130373839545     
 -0.73252931495924900     
  0.43678817445607604     
 -0.10442593962024196     
 -0.26267692859798814     
  0.66426329237751058     
  -1.1033654419376242     
   1.5897267887715276     
  -2.1478823039005901     
   2.8402523842041125     
  -3.8560553224494858     
   6.1382547652041470     
*****  m =    1  l =   32
   6.0891694104629916     
  -3.9543837640771353     
   3.1021406053136360     
  -2.5916434772347752     
   2.2274849369768304     
  -1.9402554972157520     
   1.6984189727093699     
  -1.4853974913104464     
   1.2915864833659665     
  -1.1110191189162584     
  0.93978618619401988     
 -0.77521391392872285     
  0.61540315726046235     
 -0.45895435828190295     
  0.30479357926708994     
 -0.15205565397828105     
   6.3914116971254829E-031
  0.15205565397828105     
 -0.30479357926708994     
  0.45895435828190295     
 -0.61540315726046235     
  0.77521391392872285     
 -0.93978618619401988     
   1.1110191189162584     
  -1.2915864833659665     
   1.4853974913104464     
  -1.6984189727093699     
   1.9402554972157520     
  -2.2274849369768304     
   2.5916434772347752     
  -3.1021406053136360     
   3.9543837640771353     
  -6.0891694104629916     
*****  m =    2  l =    2
   9.9612730953308366E-003
   5.2101502475712241E-002
  0.12636278444588780     
  0.23015760242910127     
  0.35984750134094173     
  0.51088414085027145     
  0.67797010217456377     
  0.85524493464750961     
   1.0364907751538810     
   1.2153504609618744     
   1.3855505152881431     
   1.5411211927948190     
   1.6766058697626720     
   1.7872524356745869     
   1.8691799736198120     
   1.9195148834248714     
   1.9364916731037083     
   1.9195148834248714     
   1.8691799736198120     
   1.7872524356745869     
   1.6766058697626720     
   1.5411211927948190     
   1.3855505152881431     
   1.2153504609618744     
   1.0364907751538810     
  0.85524493464750961     
  0.67797010217456377     
  0.51088414085027145     
  0.35984750134094173     
  0.23015760242910127     
  0.12636278444588780     
   5.2101502475712241E-002
   9.9612730953308366E-003
*****  m =    2  l =    3
   2.6287179036462622E-002
  0.13598057260035554     
  0.32323258840129154     
  0.57160834322278109     
  0.85906601672211302     
   1.1597479539781359     
   1.4460458960626725     
   1.6908073185149086     
   1.8695113908734033     
   1.9622434627409886     
   1.9553124968128301     
   1.8423838411031788     
   1.6250377845695712     
   1.3127094488563498     
  0.92201418003774638     
  0.47551089399533952     
  -6.3151709820210394E-032
 -0.47551089399533952     
 -0.92201418003774638     
  -1.3127094488563498     
  -1.6250377845695712     
  -1.8423838411031788     
  -1.9553124968128301     
  -1.9622434627409886     
  -1.8695113908734033     
  -1.6908073185149086     
  -1.4460458960626725     
  -1.1597479539781359     
 -0.85906601672211302     
 -0.57160834322278109     
 -0.32323258840129154     
 -0.13598057260035554     
  -2.6287179036462622E-002
*****  m =    2  l =    4
   5.1449663803422328E-002
  0.26222941081446749     
  0.60661394010221492     
   1.0301037594200968     
   1.4644539446048801     
   1.8375644711176518     
   2.0839243599195085     
   2.1542014497066240     
   2.0226319989650525     
   1.6911646348243499     
   1.1897628457558063     
  0.57280388577800678     
  -8.7944939243355447E-002
 -0.71281470031444727     
  -1.2248856999643412     
  -1.5603345783892304     
  -1.6770509831248421     
  -1.5603345783892304     
  -1.2248856999643412     
 -0.71281470031444727     
  -8.7944939243355447E-002
  0.57280388577800678     
   1.1897628457558063     
   1.6911646348243499     
   2.0226319989650525     
   2.1542014497066240     
   2.0839243599195085     
   1.8375644711176518     
   1.4644539446048801     
   1.0301037594200968     
  0.60661394010221492     
  0.26222941081446749     
   5.1449663803422328E-002
*****  m =    2  l =    5
   8.6511995147221674E-002
  0.43279537753113734     
  0.96710961576957288     
   1.5578266269844629     
   2.0550232086518911     
   2.3242968798677999     
   2.2773604182241831     
   1.8927924642295764     
   1.2223459526794584     
  0.38132850819707381     
 -0.47498242602854518     
  -1.1838923480581223     
  -1.6098496575486922     
  -1.6735862094883129     
  -1.3695465013373600     
 -0.76780660021377756     
   1.0472526317153602E-031
  0.76780660021377756     
   1.3695465013373600     
   1.6735862094883129     
   1.6098496575486922     
   1.1838923480581223     
  0.47498242602854518     
 -0.38132850819707381     
  -1.2223459526794584     
  -1.8927924642295764     
  -2.2773604182241831     
  -2.3242968798677999     
  -2.0550232086518911     
  -1.5578266269844629     
 -0.96710961576957288     
 -0.43279537753113734     
  -8.6511995147221674E-002
*****  m =    2  l =    6
  0.13231843539840918     
  0.64720332435289285     
   1.3859802959087657     
   2.0883464789692452     
   2.4940368634686676     
   2.4266975999917362     
   1.8521029481204434     
  0.89250603615488522     
 -0.20768126328906164     
  -1.1546148171539112     
  -1.6939340632497546     
  -1.6885234535201572     
  -1.1610754887584598     
 -0.28813958865608175     
  0.65279294068887528     
   1.3671850962948886     
   1.6327938097016410     
   1.3671850962948886     
  0.65279294068887528     
 -0.28813958865608175     
  -1.1610754887584598     
  -1.6885234535201572     
  -1.6939340632497546     
  -1.1546148171539112     
 -0.20768126328906164     
  0.89250603615488522     
   1.8521029481204434     
   2.4266975999917362     
   2.4940368634686676     
   2.0883464789692452     
   1.3859802959087657     
  0.64720332435289285     
  0.13231843539840918     
*****  m =    2  l =    7
  0.18954231491238505     
  0.90282605464992538     
   1.8370835238836136     
   2.5466879757024827     
   2.6609576830507184     
   2.0454898070708833     
  0.86553698916379052     
 -0.47561402913319212     
  -1.4984115093056072     
  -1.8422375091462375     
  -1.4131117596957610     
 -0.42240994702761431     
  0.69983885993761463     
   1.4815209550783779     
   1.6019879460173896     
   1.0225598152831998     
  -1.4502137385364673E-031
  -1.0225598152831998     
  -1.6019879460173896     
  -1.4815209550783779     
 -0.69983885993761463     
  0.42240994702761431     
   1.4131117596957610     
   1.8422375091462375     
   1.4984115093056072     
  0.47561402913319212     
 -0.86553698916379052     
  -2.0454898070708833     
  -2.6609576830507184     
  -2.5466879757024827     
  -1.8370835238836136     
 -0.90282605464992538     
 -0.18954231491238505     
*****  m =    2  l =    8
  0.25870522146030528     
   1.1950646650721237     
   2.2890060785009854     
   2.8601003931536217     
   2.4799040967383092     
   1.2148775653890020     
 -0.39573184055532401     
  -1.6165446591160340     
  -1.9002325186885287     
  -1.1741621916435658     
  0.12369328357766037     
   1.2787286153382942     
   1.6783948166388662     
   1.1332386237659575     
  -3.0754401214045896E-002
  -1.1565952644057180     
  -1.6170176541244066     
  -1.1565952644057180     
  -3.0754401214045896E-002
   1.1332386237659575     
   1.6783948166388662     
   1.2787286153382942     
  0.12369328357766037     
  -1.1741621916435658     
  -1.9002325186885287     
  -1.6165446591160340     
 -0.39573184055532401     
   1.2148775653890020     
   2.4799040967383092     
   2.8601003931536217     
   2.2890060785009854     
   1.1950646650721237     
  0.25870522146030528     
*****  m =    2  l =    9
  0.34018789851003034     
   1.5175427830373385     
   2.7075094442241823     
   2.9686202801272499     
   1.9393772590881175     
  0.10275098116432739     
  -1.5132986704475404     
  -2.0014759138917482     
  -1.1645887843636178     
  0.36270805348768037     
   1.5390341761421362     
   1.6030499433782657     
  0.56403282731879600     
 -0.82753538114598435     
  -1.6032950147340446     
  -1.2376959381037325     
   1.8489830223742019E-031
   1.2376959381037325     
   1.6032950147340446     
  0.82753538114598435     
 -0.56403282731879600     
  -1.6030499433782657     
  -1.5390341761421362     
 -0.36270805348768037     
   1.1645887843636178     
   2.0014759138917482     
   1.5132986704475404     
 -0.10275098116432739     
  -1.9393772590881175     
  -2.9686202801272499     
  -2.7075094442241823     
  -1.5175427830373385     
 -0.34018789851003034     
*****  m =    2  l =   10
  0.43423744541731202     
   1.8623335303977622     
   3.0581755342182202     
   2.8341379725340157     
   1.0990859939918407     
  -1.0295481205030736     
  -2.0932181761603990     
  -1.4398899733981549     
  0.27288879366493224     
   1.6199966583309586     
   1.5504464907189170     
  0.20386116365753537     
  -1.2494150029049953     
  -1.5963693199918489     
 -0.57878625570954734     
  0.91501071593702965     
   1.6095693526457819     
  0.91501071593702965     
 -0.57878625570954734     
  -1.5963693199918489     
  -1.2494150029049953     
  0.20386116365753537     
   1.5504464907189170     
   1.6199966583309586     
  0.27288879366493224     
  -1.4398899733981549     
  -2.0932181761603990     
  -1.0295481205030736     
   1.0990859939918407     
   2.8341379725340157     
   3.0581755342182202     
   1.8623335303977622     
  0.43423744541731202     
*****  m =    2  l =   11
  0.54097261665576202     
   2.2202222698201353     
   3.3090880647783902     
   2.4467873730602960     
   8.2159690002299529E-002
  -1.8972177718936489     
  -1.9204220871927431     
 -0.19136047907434306     
   1.5386427433907484     
   1.6471345441980532     
  0.14644916566813987     
  -1.4104739397531962     
  -1.4921006732609345     
  -7.5686623396741565E-002
   1.3786282960046203     
   1.4075842512067640     
  -2.2458324637104304E-031
  -1.4075842512067640     
  -1.3786282960046203     
   7.5686623396741565E-002
   1.4921006732609345     
   1.4104739397531962     
 -0.14644916566813987     
  -1.6471345441980532     
  -1.5386427433907484     
  0.19136047907434306     
   1.9204220871927431     
   1.8972177718936489     
  -8.2159690002299529E-002
  -2.4467873730602960     
  -3.3090880647783902     
  -2.2202222698201353     
 -0.54097261665576202     
*****  m =    2  l =   12
  0.66038812543724879     
   2.5810024275013821     
   3.4333695108858309     
   1.8277867896184141     
 -0.94603787418548069     
  -2.2720584441363987     
  -1.0496673415170985     
   1.1464265264659035     
   1.8536030977933688     
  0.42118954374988182     
  -1.3881786730510286     
  -1.4949441259350547     
  0.13844881708232862     
   1.5497100678308133     
   1.0982081072031320     
 -0.64557943471355050     
  -1.6054580576742485     
 -0.64557943471355050     
   1.0982081072031320     
   1.5497100678308133     
  0.13844881708232862     
  -1.4949441259350547     
  -1.3881786730510286     
  0.42118954374988182     
   1.8536030977933688     
   1.1464265264659035     
  -1.0496673415170985     
  -2.2720584441363987     
 -0.94603787418548069     
   1.8277867896184141     
   3.4333695108858309     
   2.5810024275013821     
  0.66038812543724879     
*****  m =    2  l =   13
  0.79235846991890346     
   2.9337986716053948     
   3.4113971441711759     
   1.0282941720771983     
  -1.8085404236026548     
  -2.0494882578612756     
  0.20509461144706642     
   1.9236314673311010     
   1.0202802142535710     
  -1.1240120043099049     
  -1.6437740839360728     
   4.1436816452823468E-002
   1.5917336456773266     
  0.94568677268768941     
 -0.96177549132132578     
  -1.5270583522600176     
   2.6416378196624947E-031
   1.5270583522600176     
  0.96177549132132578     
 -0.94568677268768941     
  -1.5917336456773266     
  -4.1436816452823468E-002
   1.6437740839360728     
   1.1240120043099049     
  -1.0202802142535710     
  -1.9236314673311010     
 -0.20509461144706642     
   2.0494882578612756     
   1.8085404236026548     
  -1.0282941720771983     
  -3.4113971441711759     
  -2.9337986716053948     
 -0.79235846991890346     
*****  m =    2  l =   14
  0.93664160075598379     
   3.2674098645154035     
   3.2325399440521556     
  0.12434071796457594     
  -2.3509126239424512     
  -1.2826350841533907     
   1.3819187357136973     
   1.7580967435493091     
 -0.44606989994148072     
  -1.8057024509448325     
 -0.38457871168941188     
   1.5304168201118802     
   1.0393306049509212     
  -1.0171214807176718     
  -1.4586015773191572     
  0.35583064925080576     
   1.6029475666033024     
  0.35583064925080576     
  -1.4586015773191572     
  -1.0171214807176718     
   1.0393306049509212     
   1.5304168201118802     
 -0.38457871168941188     
  -1.8057024509448325     
 -0.44606989994148072     
   1.7580967435493091     
   1.3819187357136973     
  -1.2826350841533907     
  -2.3509126239424512     
  0.12434071796457594     
   3.2325399440521556     
   3.2674098645154035     
  0.93664160075598379     
*****  m =    2  l =   15
   1.0928826345920042     
   3.5706630088699187     
   2.8962886602679627     
 -0.79159284101838046     
  -2.4721129002971840     
 -0.17271127460258714     
   2.0420891258897793     
  0.72839247767945980     
  -1.6323355821814047     
  -1.0998528893141246     
   1.2279798200247227     
   1.3533375910671639     
 -0.82180303842279734     
  -1.5139927899352745     
  0.41208958441198595     
   1.5923343231961355     
  -3.0368109798311178E-031
  -1.5923343231961355     
 -0.41208958441198595     
   1.5139927899352745     
  0.82180303842279734     
  -1.3533375910671639     
  -1.2279798200247227     
   1.0998528893141246     
   1.6323355821814047     
 -0.72839247767945980     
  -2.0420891258897793     
  0.17271127460258714     
   2.4721129002971840     
  0.79159284101838046     
  -2.8962886602679627     
  -3.5706630088699187     
  -1.0928826345920042     
*****  m =    2  l =   16
   1.2606177477607123     
   3.8327686876995450     
   2.4126914251891991     
  -1.6213571984231423     
  -2.1458304398838055     
  0.98274515893467063     
   1.9364183629568614     
 -0.65966793308423255     
  -1.7965173960125420     
  0.45154387442443383     
   1.7038788167866781     
 -0.29676797860789123     
  -1.6448443472351366     
  0.16924941701794391     
   1.6119023489642081     
  -5.5070925308613676E-002
  -1.6013016604637351     
  -5.5070925308613676E-002
   1.6119023489642081     
  0.16924941701794391     
  -1.6448443472351366     
 -0.29676797860789123     
   1.7038788167866781     
  0.45154387442443383     
  -1.7965173960125420     
 -0.65966793308423255     
   1.9364183629568614     
  0.98274515893467063     
  -2.1458304398838055     
  -1.6213571984231423     
   2.4126914251891991     
   3.8327686876995450     
   1.2606177477607123     
*****  m =    2  l =   17
   1.4392783386652936     
   4.0436681766146574     
   1.8020541189511488     
  -2.2729575113954970     
  -1.4278174376542421     
   1.8700328058310318     
   1.1022535500746660     
  -1.7200865257697449     
 -0.83459972098452140     
   1.6536350427051654     
  0.60264580296476311     
  -1.6221361288536551     
 -0.39193965407678433     
   1.6072935822397969     
  0.19324558663774014     
  -1.6013623458887463     
   3.4315718444667783E-031
   1.6013623458887463     
 -0.19324558663774014     
  -1.6072935822397969     
  0.39193965407678433     
   1.6221361288536551     
 -0.60264580296476311     
  -1.6536350427051654     
  0.83459972098452140     
   1.7200865257697449     
  -1.1022535500746660     
  -1.8700328058310318     
   1.4278174376542421     
   2.2729575113954970     
  -1.8020541189511488     
  -4.0436681766146574     
  -1.4392783386652936     
*****  m =    2  l =   18
   1.6281955160407902     
   4.1943624382169347     
   1.0939148821780555     
  -2.6719500380851011     
 -0.44743516181001641     
   2.2457134990530947     
 -0.14746904245737877     
  -1.9264212164758432     
  0.65064616440422285     
   1.5788043528125255     
  -1.0560219065720491     
  -1.1779317280262285     
   1.3548322438189122     
  0.72848314005392867     
  -1.5382790017006649     
 -0.24659468755384978     
   1.6001639681990021     
 -0.24659468755384978     
  -1.5382790017006649     
  0.72848314005392867     
   1.3548322438189122     
  -1.1779317280262285     
  -1.0560219065720491     
   1.5788043528125255     
  0.65064616440422285     
  -1.9264212164758432     
 -0.14746904245737877     
   2.2457134990530947     
 -0.44743516181001641     
  -2.6719500380851011     
   1.0939148821780555     
   4.1943624382169347     
   1.6281955160407902     
*****  m =    2  l =   19
   1.8266049481013344     
   4.2772135666622377     
  0.32535226234598491     
  -2.7709733780779833     
  0.61527388465886856     
   2.0049648012797885     
  -1.3406052352677695     
  -1.1749887082388315     
   1.7258783181183621     
  0.28435824688963651     
  -1.7347280706770556     
  0.55108898194845379     
   1.3895607150386886     
  -1.1997426843187367     
 -0.76972556459718933     
   1.5539811113579731     
  -3.8260487213401454E-031
  -1.5539811113579731     
  0.76972556459718933     
   1.1997426843187367     
  -1.3895607150386886     
 -0.55108898194845379     
   1.7347280706770556     
 -0.28435824688963651     
  -1.7258783181183621     
   1.1749887082388315     
   1.3406052352677695     
  -2.0049648012797885     
 -0.61527388465886856     
   2.7709733780779833     
 -0.32535226234598491     
  -4.2772135666622377     
  -1.8266049481013344     
*****  m =    2  l =   20
   2.0336520912302793     
   4.2862099075385682     
 -0.46126699831991108     
  -2.5561858137644968     
   1.5627948801911247     
   1.2122467638368077     
  -2.0243076304502226     
  0.16116540074726024     
   1.7139754509411236     
  -1.2293017269607953     
 -0.80383320053760565     
   1.6777002401626091     
 -0.33122808216889438     
  -1.3973756594419449     
   1.2491214370251751     
  0.53884484790375131     
  -1.5993446737066068     
  0.53884484790375131     
   1.2491214370251751     
  -1.3973756594419449     
 -0.33122808216889438     
   1.6777002401626091     
 -0.80383320053760565     
  -1.2293017269607953     
   1.7139754509411236     
  0.16116540074726024     
  -2.0243076304502226     
   1.2122467638368077     
   1.5627948801911247     
  -2.5561858137644968     
 -0.46126699831991108     
   4.2862099075385682     
   2.0336520912302793     
*****  m =    2  l =   21
   2.2483978044545476     
   4.2171870071259558     
  -1.2209548011708495     
  -2.0497472670028372     
   2.2173438449472078     
   8.5062997784010871E-002
  -1.9378000451493758     
   1.4163581407077861     
  0.62183054514705949     
  -1.7910006741046738     
  0.87278008251469252     
  0.97178262222126721     
  -1.6326718239109568     
  0.42004445691262454     
   1.2371515866290443     
  -1.4519598548172510     
   4.2203215925746158E-031
   1.4519598548172510     
  -1.2371515866290443     
 -0.42004445691262454     
   1.6326718239109568     
 -0.97178262222126721     
 -0.87278008251469252     
   1.7910006741046738     
 -0.62183054514705949     
  -1.4163581407077861     
   1.9378000451493758     
  -8.5062997784010871E-002
  -2.2173438449472078     
   2.0497472670028372     
   1.2209548011708495     
  -4.2171870071259558     
  -2.2483978044545476     
*****  m =    2  l =   22
   2.4698243462442666     
   4.0679977140301808     
  -1.9090072704399663     
  -1.3079636562639747     
   2.4548942949329158     
  -1.0652458601290609     
  -1.1130076743235822     
   1.9638402657610714     
 -0.86217317660698289     
 -0.96557776810900098     
   1.7382208670667318     
 -0.79543696692520249     
 -0.86978539767198038     
   1.6309685752547538     
 -0.78553948442276811     
 -0.81159658556250358     
   1.5987350511673235     
 -0.81159658556250358     
 -0.78553948442276811     
   1.6309685752547538     
 -0.86978539767198038     
 -0.79543696692520249     
   1.7382208670667318     
 -0.96557776810900098     
 -0.86217317660698289     
   1.9638402657610714     
  -1.1130076743235822     
  -1.0652458601290609     
   2.4548942949329158     
  -1.3079636562639747     
  -1.9090072704399663     
   4.0679977140301808     
   2.4698243462442666     
*****  m =    2  l =   23
   2.6968417424168760     
   3.8386261289873396     
  -2.4839547398490569     
 -0.41524431172978654     
   2.2293714417404593     
  -1.9195340860733316     
  0.13622874130351381     
   1.5294582348452717     
  -1.8013568355717975     
  0.60773133111742328     
  0.98841956371691397     
  -1.6928588364858985     
  0.99258431845053463     
  0.48886687230418663     
  -1.5306956146775896     
   1.2989542647125694     
  -4.6144429399614084E-031
  -1.2989542647125694     
   1.5306956146775896     
 -0.48886687230418663     
 -0.99258431845053463     
   1.6928588364858985     
 -0.98841956371691397     
 -0.60773133111742328     
   1.8013568355717975     
  -1.5294582348452717     
 -0.13622874130351381     
   1.9195340860733316     
  -2.2293714417404593     
  0.41524431172978654     
   2.4839547398490569     
  -3.8386261289873396     
  -2.6968417424168760     
*****  m =    2  l =   24
   2.9282945075896252     
   3.5312416348021345     
  -2.9103564162160289     
  0.52545624467216301     
   1.5821859594340990     
  -2.2398019819391952     
   1.3330471041444212     
  0.32992797640686122     
  -1.6022009539387219     
   1.7094505555863524     
 -0.67983755210485630     
 -0.73963799579500100     
   1.5991571267456008     
  -1.3581772207816678     
  0.21267903924972650     
   1.0554010640569298     
  -1.5982691513902243     
   1.0554010640569298     
  0.21267903924972650     
  -1.3581772207816678     
   1.5991571267456008     
 -0.73963799579500100     
 -0.67983755210485630     
   1.7094505555863524     
  -1.6022009539387219     
  0.32992797640686122     
   1.3330471041444212     
  -2.2398019819391952     
   1.5821859594340990     
  0.52545624467216301     
  -2.9103564162160289     
   3.5312416348021345     
   2.9282945075896252     
*****  m =    2  l =   25
   3.1629686973726954     
   3.1501908936147238     
  -3.1612481126380607     
   1.4045972715619317     
  0.63507533736492894     
  -1.9360901040207834     
   2.0195907374672335     
  -1.0345141972736824     
 -0.39023521588537730     
   1.4850729975780961     
  -1.7155889468489567     
   1.0219977836907104     
  0.18287116270749343     
  -1.2450993380795179     
   1.6098447752297500     
  -1.1003879537612102     
   5.0084486430190606E-031
   1.1003879537612102     
  -1.6098447752297500     
   1.2450993380795179     
 -0.18287116270749343     
  -1.0219977836907104     
   1.7155889468489567     
  -1.4850729975780961     
  0.39023521588537730     
   1.0345141972736824     
  -2.0195907374672335     
   1.9360901040207834     
 -0.63507533736492894     
  -1.4045972715619317     
   3.1612481126380607     
  -3.1501908936147238     
  -3.1629686973726954     
*****  m =    2  l =   26
   3.3995992640933790     
   2.7019274258265891     
  -3.2200726392833010     
   2.1189859565924527     
 -0.43255397880816943     
  -1.0923333340231891     
   1.9325654536573744     
  -1.8802016641647137     
   1.0682818328973454     
  0.10849789705094547     
  -1.1555723188556175     
   1.6656223083817288     
  -1.4644337495952651     
  0.66463985569176287     
  0.38931861930729100     
  -1.2617957893384948     
   1.5979050726704065     
  -1.2617957893384948     
  0.38931861930729100     
  0.66463985569176287     
  -1.4644337495952651     
   1.6656223083817288     
  -1.1555723188556175     
  0.10849789705094547     
   1.0682818328973454     
  -1.8802016641647137     
   1.9325654536573744     
  -1.0923333340231891     
 -0.43255397880816943     
   2.1189859565924527     
  -3.2200726392833010     
   2.7019274258265891     
   3.3995992640933790     
*****  m =    2  l =   27
   3.6368776851283644     
   2.1948801351327414     
  -3.0819553726439946     
   2.5841231279255026     
  -1.4175641148183760     
   5.6390757021269146E-002
   1.1047900250743643     
  -1.7828412896451966     
   1.8504819047684293     
  -1.3520096888728566     
  0.47931569175419114     
  0.48732027384546622     
  -1.2585645264653669     
   1.6148200288782106     
  -1.4639746690155209     
  0.86326786160645586     
  -5.4023640698050741E-031
 -0.86326786160645586     
   1.4639746690155209     
  -1.6148200288782106     
   1.2585645264653669     
 -0.48732027384546622     
 -0.47931569175419114     
   1.3520096888728566     
  -1.8504819047684293     
   1.7828412896451966     
  -1.1047900250743643     
  -5.6390757021269146E-002
   1.4175641148183760     
  -2.5841231279255026     
   3.0819553726439946     
  -2.1948801351327414     
  -3.6368776851283644     
*****  m =    2  l =   28
   3.8734598297833407     
   1.6392638677508005     
  -2.7542300569084963     
   2.7444502311383059     
  -2.1318503502325155     
   1.1891351056285255     
 -0.14665776218199025     
 -0.79092333757121791     
   1.4610350951208029     
  -1.7625471871314085     
   1.6679146267231058     
  -1.2238713878387073     
  0.53983087113707817     
  0.23421084639757997     
 -0.93644345310371813     
   1.4236123641350062     
  -1.5976151506735232     
   1.4236123641350062     
 -0.93644345310371813     
  0.23421084639757997     
  0.53983087113707817     
  -1.2238713878387073     
   1.6679146267231058     
  -1.7625471871314085     
   1.4610350951208029     
 -0.79092333757121791     
 -0.14665776218199025     
   1.1891351056285255     
  -2.1318503502325155     
   2.7444502311383059     
  -2.7542300569084963     
   1.6392638677508005     
   3.8734598297833407     
*****  m =    2  l =   29
   4.1079740280170043     
   1.0468367424083340     
  -2.2561692248270333     
   2.5802271017556802     
  -2.4384841548929268     
   1.9887633092553969     
  -1.3415990649773823     
  0.59790183053580448     
  0.14634576955059858     
 -0.80418598359338178     
   1.3040414796960269     
  -1.5957283467677699     
   1.6547669831846628     
  -1.4842278200329908     
   1.1137750794979540     
 -0.59594199145998039     
   5.7962076671763326E-031
  0.59594199145998039     
  -1.1137750794979540     
   1.4842278200329908     
  -1.6547669831846628     
   1.5957283467677699     
  -1.3040414796960269     
  0.80418598359338178     
 -0.14634576955059858     
 -0.59790183053580448     
   1.3415990649773823     
  -1.9887633092553969     
   2.4384841548929268     
  -2.5802271017556802     
   2.2561692248270333     
  -1.0468367424083340     
  -4.1079740280170043     
*****  m =    2  l =   30
   4.3390293021030892     
  0.43061051430332359     
  -1.6179264848567372     
   2.1101684674429269     
  -2.2782321873423115     
   2.2309299585831122     
  -2.0209789392598116     
   1.6862160458387341     
  -1.2608662252664395     
  0.77873988448606057     
 -0.27363647554410592     
 -0.22138266711323415     
  0.67519511222511464     
  -1.0599694166974891     
   1.3524769841086954     
  -1.5352339454609565     
   1.5973805212571113     
  -1.5352339454609565     
   1.3524769841086954     
  -1.0599694166974891     
  0.67519511222511464     
 -0.22138266711323415     
 -0.27363647554410592     
  0.77873988448606057     
  -1.2608662252664395     
   1.6862160458387341     
  -2.0209789392598116     
   2.2309299585831122     
  -2.2782321873423115     
   2.1101684674429269     
  -1.6179264848567372     
  0.43061051430332359     
   4.3390293021030892     
*****  m =    2  l =   31
   4.5652237205178867     
 -0.19547840224218493     
 -0.87875077343178287     
   1.3894763643072001     
  -1.6812613028325218     
   1.8473130455661997     
  -1.9234313554765561     
   1.9270941460730679     
  -1.8688368739561614     
   1.7563795909111621     
  -1.5963494837245038     
   1.3950612568649583     
  -1.1588779187714866     
  0.89436443295416601     
 -0.60833030374916297     
  0.30780893000911358     
  -6.1899931724181425E-031
 -0.30780893000911358     
  0.60833030374916297     
 -0.89436443295416601     
   1.1588779187714866     
  -1.3950612568649583     
   1.5963494837245038     
  -1.7563795909111621     
   1.8688368739561614     
  -1.9270941460730679     
   1.9234313554765561     
  -1.8473130455661997     
   1.6812613028325218     
  -1.3894763643072001     
  0.87875077343178287     
  0.19547840224218493     
  -4.5652237205178867     
*****  m =    2  l =   32
   4.7851528319016401     
 -0.81692847019128190     
  -8.4581961599999214E-002
  0.50346399369330741     
 -0.76167517671051588     
  0.94518572864294714     
  -1.0861560893307098     
   1.1992434539831831     
  -1.2920571133851162     
   1.3689252832397951     
  -1.4324774659344761     
   1.4843882542240376     
  -1.5257580584385289     
   1.5573210160691651     
  -1.5795638877801963     
   1.5927956940010399     
  -1.5971879613719853     
   1.5927956940010399     
  -1.5795638877801963     
   1.5573210160691651     
  -1.5257580584385289     
   1.4843882542240376     
  -1.4324774659344761     
   1.3689252832397951     
  -1.2920571133851162     
   1.1992434539831831     
  -1.0861560893307098     
  0.94518572864294714     
 -0.76167517671051588     
  0.50346399369330741     
  -8.4581961599999214E-002
 -0.81692847019128190     
   4.7851528319016401     
*****  m =    3  l =    3
   7.7168107221550525E-004
   9.2308341701963226E-003
   3.4865376440021870E-002
   8.5704488067518944E-002
  0.16754956901488169     
  0.28343221436814120     
  0.43329271910538358     
  0.61390524504166299     
  0.81905627078244203     
   1.0399629635754615     
   1.2658991964024524     
   1.4849805553278677     
   1.6850471257692738     
   1.8545750988953629     
   1.9835459102441959     
   2.0642048954952341     
   2.0916500663351889     
   2.0642048954952341     
   1.9835459102441959     
   1.8545750988953629     
   1.6850471257692738     
   1.4849805553278677     
   1.2658991964024524     
   1.0399629635754615     
  0.81905627078244203     
  0.61390524504166299     
  0.43329271910538358     
  0.28343221436814120     
  0.16754956901488169     
   8.5704488067518944E-002
   3.4865376440021870E-002
   9.2308341701963226E-003
   7.7168107221550525E-004
*****  m =    3  l =    4
   2.3090812725309814E-003
   2.7317427675226932E-002
  0.10112593409153661     
  0.24135096196950320     
  0.45354835665094023     
  0.72956272742202388     
   1.0479128381713101     
   1.3761861630764158     
   1.6751305104180678     
   1.9038883154257273     
   2.0256535555146544     
   2.0129654687224514     
   1.8518967399745201     
   1.5445407564175337     
   1.1094327260971746     
  0.57982111352333199     
  -7.7344732721928457E-032
 -0.57982111352333199     
  -1.1094327260971746     
  -1.5445407564175337     
  -1.8518967399745201     
  -2.0129654687224514     
  -2.0256535555146544     
  -1.9038883154257273     
  -1.6751305104180678     
  -1.3761861630764158     
  -1.0479128381713101     
 -0.72956272742202388     
 -0.45354835665094023     
 -0.24135096196950320     
 -0.10112593409153661     
  -2.7317427675226932E-002
  -2.3090812725309814E-003
*****  m =    3  l =    5
   5.0891310434048893E-003
   5.9377089772895138E-002
  0.21429312506665463     
  0.49248551678831232     
  0.87905754759880239     
   1.3220757704391304     
   1.7421159825738506     
   2.0489109356288568     
   2.1615386902651652     
   2.0277320371617109     
   1.6379900047229454     
   1.0312173260404687     
  0.29038733697251229     
 -0.47115922369206853     
  -1.1301567553799805     
  -1.5765054309689923     
  -1.7343046156889506     
  -1.5765054309689923     
  -1.1301567553799805     
 -0.47115922369206853     
  0.29038733697251229     
   1.0312173260404687     
   1.6379900047229454     
   2.0277320371617109     
   2.1615386902651652     
   2.0489109356288568     
   1.7421159825738506     
   1.3220757704391304     
  0.87905754759880239     
  0.49248551678831232     
  0.21429312506665463     
   5.9377089772895138E-002
   5.0891310434048893E-003
*****  m =    3  l =    6
   9.5454761364867496E-003
  0.10952407857285693     
  0.38324537031805422     
  0.84061309903664372     
   1.4058025153735207     
   1.9355854626746571     
   2.2625937796983258     
   2.2501884102870737     
   1.8414679746732963     
   1.0862828084997245     
  0.13657231861569430     
 -0.79002983819037520     
  -1.4685266659701597     
  -1.7300003451211163     
  -1.5113416688397778     
 -0.87614644758674098     
   1.2075442525879830E-031
  0.87614644758674098     
   1.5113416688397778     
   1.7300003451211163     
   1.4685266659701597     
  0.79002983819037520     
 -0.13657231861569430     
  -1.0862828084997245     
  -1.8414679746732963     
  -2.2501884102870737     
  -2.2625937796983258     
  -1.9355854626746571     
  -1.4058025153735207     
 -0.84061309903664372     
 -0.38324537031805422     
 -0.10952407857285693     
  -9.5454761364867496E-003
*****  m =    3  l =    7
   1.6139035186123727E-002
  0.18158073469034353     
  0.61251546559755166     
   1.2697465924144766     
   1.9573555544027768     
   2.3984351899308178     
   2.3559308598807425     
   1.7467196847425339     
  0.69803351934590130     
 -0.48177842460960396     
  -1.4106526241382351     
  -1.7775326768890511     
  -1.4664239480613646     
 -0.60836215536002958     
  0.46213703355710095     
   1.3313770639821876     
   1.6638974389967667     
   1.3313770639821876     
  0.46213703355710095     
 -0.60836215536002958     
  -1.4664239480613646     
  -1.7775326768890511     
  -1.4106526241382351     
 -0.48177842460960396     
  0.69803351934590130     
   1.7467196847425339     
   2.3559308598807425     
   2.3984351899308178     
   1.9573555544027768     
   1.2697465924144766     
  0.61251546559755166     
  0.18158073469034353     
   1.6139035186123727E-002
*****  m =    3  l =    8
   2.5352512044238069E-002
  0.27887820173906602     
  0.90137738268134371     
   1.7466529918639697     
   2.4319596288463474     
   2.5434564222570710     
   1.8830130012472983     
  0.61596686013090263     
 -0.77117419307648227     
  -1.6924124943098930     
  -1.7533317053267539     
 -0.95896982224834648     
  0.27540339829380578     
   1.3234755468839190     
   1.6594093393948866     
   1.1228501039647218     
  -1.6192249564761268E-031
  -1.1228501039647218     
  -1.6594093393948866     
  -1.3234755468839190     
 -0.27540339829380578     
  0.95896982224834648     
   1.7533317053267539     
   1.6924124943098930     
  0.77117419307648227     
 -0.61596686013090263     
  -1.8830130012472983     
  -2.5434564222570710     
  -2.4319596288463474     
  -1.7466529918639697     
 -0.90137738268134371     
 -0.27887820173906602     
  -2.5352512044238069E-002
*****  m =    3  l =    9
   3.7684082994213483E-002
  0.40406184539745343     
   1.2433081280451665     
   2.2236861985975369     
   2.7224538573418622     
   2.2629777347801010     
  0.89777947161117388     
 -0.74331271017397993     
  -1.8001576711859741     
  -1.7135698736362230     
 -0.59320831140318886     
  0.83072200602903989     
   1.6561585092275224     
   1.3766114252504731     
  0.20069159927256738     
  -1.0869484316201978     
  -1.6367140885971807     
  -1.0869484316201978     
  0.20069159927256738     
   1.3766114252504731     
   1.6561585092275224     
  0.83072200602903989     
 -0.59320831140318886     
  -1.7135698736362230     
  -1.8001576711859741     
 -0.74331271017397993     
  0.89777947161117388     
   2.2629777347801010     
   2.7224538573418622     
   2.2236861985975369     
   1.2433081280451665     
  0.40406184539745343     
   3.7684082994213483E-002
*****  m =    3  l =   10
   5.3641192994052969E-002
  0.55891919984001126     
   1.6259252954511103     
   2.6440440493933806     
   2.7395232223473105     
   1.5512072451033336     
 -0.34608311829154415     
  -1.7719916742885280     
  -1.8073439431706690     
 -0.51646781755719295     
   1.0708355194523016     
   1.7340474221379683     
  0.99816093775552162     
 -0.50819584777171689     
  -1.5621815376782349     
  -1.3231810121850691     
   2.0232373021753751E-031
   1.3231810121850691     
   1.5621815376782349     
  0.50819584777171689     
 -0.99816093775552162     
  -1.7340474221379683     
  -1.0708355194523016     
  0.51646781755719295     
   1.8073439431706690     
   1.7719916742885280     
  0.34608311829154415     
  -1.5512072451033336     
  -2.7395232223473105     
  -2.6440440493933806     
  -1.6259252954511103     
 -0.55891919984001126     
  -5.3641192994052969E-002
*****  m =    3  l =   11
   7.3734532909722747E-002
  0.74423709217350420     
   2.0314242716264648     
   2.9488312704871129     
   2.4333502865734298     
  0.51963633407488308     
  -1.4697511224991113     
  -2.0124969471680290     
 -0.77340555665932920     
   1.0449188245541310     
   1.7744392462493406     
  0.80325882814256766     
 -0.88312079817704148     
  -1.6582178599423012     
 -0.80386459898777396     
  0.82069398134057792     
   1.6231984642657005     
  0.82069398134057792     
 -0.80386459898777396     
  -1.6582178599423012     
 -0.88312079817704148     
  0.80325882814256766     
   1.7744392462493406     
   1.0449188245541310     
 -0.77340555665932920     
  -2.0124969471680290     
  -1.4697511224991113     
  0.51963633407488308     
   2.4333502865734298     
   2.9488312704871129     
   2.0314242716264648     
  0.74423709217350420     
   7.3734532909722747E-002
*****  m =    3  l =   12
   9.8472190762667666E-002
  0.95969274011438221     
   2.4374971364445623     
   3.0850247127163355     
   1.8088221624746696     
 -0.62145196021538429     
  -2.1013666206121586     
  -1.3425170104227846     
  0.70800482038590395     
   1.8292578528115719     
  0.88911315939673152     
 -0.97424976509532024     
  -1.6596637662805414     
 -0.44499184497075073     
   1.2432031650192317     
   1.4735751068548018     
  -2.4236229333627769E-031
  -1.4735751068548018     
  -1.2432031650192317     
  0.44499184497075073     
   1.6596637662805414     
  0.97424976509532024     
 -0.88911315939673152     
  -1.8292578528115719     
 -0.70800482038590395     
   1.3425170104227846     
   2.1013666206121586     
  0.62145196021538429     
  -1.8088221624746696     
  -3.0850247127163355     
  -2.4374971364445623     
 -0.95969274011438221     
  -9.8472190762667666E-002
*****  m =    3  l =   13
  0.12835396925700859     
   1.2037825742326183     
   2.8186779471742733     
   3.0132772078136987     
  0.93057922913911251     
  -1.6123547841835721     
  -2.0167500625487729     
  -5.7566143297502918E-002
   1.7611025673050447     
   1.2528778807411347     
 -0.79190287834738471     
  -1.7036132125389309     
 -0.36989627366578859     
   1.3965800726780375     
   1.2761034511098515     
 -0.53339215019786967     
  -1.6154610083929786     
 -0.53339215019786967     
   1.2761034511098515     
   1.3965800726780375     
 -0.36989627366578859     
  -1.7036132125389309     
 -0.79190287834738471     
   1.2528778807411347     
   1.7611025673050447     
  -5.7566143297502918E-002
  -2.0167500625487729     
  -1.6123547841835721     
  0.93057922913911251     
   3.0132772078136987     
   2.8186779471742733     
   1.2037825742326183     
  0.12835396925700859     
*****  m =    3  l =   14
  0.16386587006138176     
   1.4737914870382436     
   3.1480257044918329     
   2.7144766516764101     
  -8.3843412197305511E-002
  -2.2117026561459703     
  -1.2333753569130241     
   1.2494620159364067     
   1.7513858361981709     
 -0.25791337461518227     
  -1.7501031107093703     
 -0.60456657094712429     
   1.3761562892243377     
   1.2366634466211375     
 -0.75170389492158030     
  -1.5702429853690847     
   2.8219860325530753E-031
   1.5702429853690847     
  0.75170389492158030     
  -1.2366634466211375     
  -1.3761562892243377     
  0.60456657094712429     
   1.7501031107093703     
  0.25791337461518227     
  -1.7513858361981709     
  -1.2494620159364067     
   1.2333753569130241     
   2.2117026561459703     
   8.3843412197305511E-002
  -2.7144766516764101     
  -3.1480257044918329     
  -1.4737914870382436     
 -0.16386587006138176     
*****  m =    3  l =   15
  0.20547475272703347     
   1.7658040660462340     
   3.3990288363570857     
   2.1941017042645625     
  -1.0821235206401374     
  -2.2639248779728831     
  -1.7790780539485053E-002
   1.9621108408636641     
  0.68002821789564460     
  -1.5702045009271812     
  -1.1148910954639653     
   1.1411904831783093     
   1.3972844113691891     
 -0.69199588821214308     
  -1.5581836949298618     
  0.23184546130317918     
   1.6106062225650521     
  0.23184546130317918     
  -1.5581836949298618     
 -0.69199588821214308     
   1.3972844113691891     
   1.1411904831783093     
  -1.1148910954639653     
  -1.5702045009271812     
  0.68002821789564460     
   1.9621108408636641     
  -1.7790780539485053E-002
  -2.2639248779728831     
  -1.0821235206401374     
   2.1941017042645625     
   3.3990288363570857     
   1.7658040660462340     
  0.20547475272703347     
*****  m =    3  l =   16
  0.25362318156756869     
   2.0747581447801102     
   3.5475954978529671     
   1.4836713311347993     
  -1.9034867584448911     
  -1.7468595075424049     
   1.2011702254542447     
   1.7373788798961227     
 -0.80362778411818847     
  -1.6927771707104775     
  0.53559590143153935     
   1.6524894908108256     
 -0.33105420792972695     
  -1.6245932399302194     
  0.15865013345318840     
   1.6105801993448787     
  -3.2190997320505938E-031
  -1.6105801993448787     
 -0.15865013345318840     
   1.6245932399302194     
  0.33105420792972695     
  -1.6524894908108256     
 -0.53559590143153935     
   1.6927771707104775     
  0.80362778411818847     
  -1.7373788798961227     
  -1.2011702254542447     
   1.7468595075424049     
   1.9034867584448911     
  -1.4836713311347993     
  -3.5475954978529671     
  -2.0747581447801102     
 -0.25362318156756869     
*****  m =    3  l =   17
  0.30872447755316612     
   2.3945397426796959     
   3.5739838953781704     
  0.63894171831952762     
  -2.4084169014420311     
 -0.78476661818769577     
   1.9844590962422053     
  0.67855135090139607     
  -1.7913621782479319     
 -0.53100610663348957     
   1.6928628221502526     
  0.37762160656931060     
  -1.6407815528994822     
 -0.22538978706981061     
   1.6151134827878117     
   7.4899381053129196E-002
  -1.6073557526069935     
   7.4899381053129196E-002
   1.6151134827878117     
 -0.22538978706981061     
  -1.6407815528994822     
  0.37762160656931060     
   1.6928628221502526     
 -0.53100610663348957     
  -1.7913621782479319     
  0.67855135090139607     
   1.9844590962422053     
 -0.78476661818769577     
  -2.4084169014420311     
  0.63894171831952762     
   3.5739838953781704     
   2.3945397426796959     
  0.30872447755316612     
*****  m =    3  l =   18
  0.37115799467701854     
   2.7181172037133696     
   3.4645270834338762     
 -0.26508328269039932     
  -2.5059823086918307     
  0.37866581949406158     
   2.0445804879944500     
 -0.70639519500605219     
  -1.6738746261275930     
   1.0329006269818486     
   1.2961287205847403     
  -1.3037413066322954     
 -0.88825135969565849     
   1.4949892602571431     
  0.45216559832185693     
  -1.5936472122277503     
   3.6153852781340024E-031
   1.5936472122277503     
 -0.45216559832185693     
  -1.4949892602571431     
  0.88825135969565849     
   1.3037413066322954     
  -1.2961287205847403     
  -1.0329006269818486     
   1.6738746261275930     
  0.70639519500605219     
  -2.0445804879944500     
 -0.37866581949406158     
   2.5059823086918307     
  0.26508328269039932     
  -3.4645270834338762     
  -2.7181172037133696     
 -0.37115799467701854     
*****  m =    3  l =   19
  0.44126464165757590     
   3.0377111252526765     
   3.2130174097729793     
  -1.1418453467744190     
  -2.1732498145631021     
   1.4414757034333712     
   1.3556103508043822     
  -1.7463073595963781     
 -0.52164396796153190     
   1.8064629821620606     
 -0.29069267110341029     
  -1.5698297151691867     
  0.97960739280362052     
   1.0653679266010547     
  -1.4421320837318543     
 -0.37690909673576806     
   1.6050709529408598     
 -0.37690909673576806     
  -1.4421320837318543     
   1.0653679266010547     
  0.97960739280362052     
  -1.5698297151691867     
 -0.29069267110341029     
   1.8064629821620606     
 -0.52164396796153190     
  -1.7463073595963781     
   1.3556103508043822     
   1.4414757034333712     
  -2.1732498145631021     
  -1.1418453467744190     
   3.2130174097729793     
   3.0377111252526765     
  0.44126464165757590     
*****  m =    3  l =   20
  0.51934267048359151     
   3.3449955325331802     
   2.8216364154009974     
  -1.9027787330536050     
  -1.4626109520857029     
   2.1229172589920378     
  0.16789917496459511     
  -1.9332880689914844     
  0.95269162261092610     
   1.1976431326107402     
  -1.6081156294363690     
 -0.13227775795760724     
   1.6129000400921425     
 -0.89508613874710619     
 -0.99534211715847998     
   1.5203521120873886     
  -4.0110926952727580E-031
  -1.5203521120873886     
  0.99534211715847998     
  0.89508613874710619     
  -1.6129000400921425     
  0.13227775795760724     
   1.6081156294363690     
  -1.1976431326107402     
 -0.95269162261092610     
   1.9332880689914844     
 -0.16789917496459511     
  -2.1229172589920378     
   1.4626109520857029     
   1.9027787330536050     
  -2.8216364154009974     
  -3.3449955325331802     
 -0.51934267048359151     
*****  m =    3  l =   21
  0.60564375335916609     
   3.6313247359417438     
   2.3013452368990754     
  -2.4675926786289359     
 -0.49508229506249657     
   2.2396978604673725     
  -1.0807657570778957     
  -1.1738444739980287     
   1.8331515468147963     
 -0.32815158661627336     
  -1.4424010816270616     
   1.4474543280675540     
  0.21505569021082288     
  -1.5662365866702823     
   1.0657517637422504     
  0.66409061245066359     
  -1.6034029006662935     
  0.66409061245066359     
   1.0657517637422504     
  -1.5662365866702823     
  0.21505569021082288     
   1.4474543280675540     
  -1.4424010816270616     
 -0.32815158661627336     
   1.8331515468147963     
  -1.1738444739980287     
  -1.0807657570778957     
   2.2396978604673725     
 -0.49508229506249657     
  -2.4675926786289359     
   2.3013452368990754     
   3.6313247359417438     
  0.60564375335916609     
*****  m =    3  l =   22
  0.70036936918448500     
   3.8879794408042070     
   1.6716864923109456     
  -2.7740368271792684     
  0.55966244387580888     
   1.7575938665981192     
  -1.9262700929312166     
  0.16120131130839466     
   1.5705169014856588     
  -1.6007424680728202     
   5.3837807587169655E-002
   1.4522163515161883     
  -1.4524387225067859     
   1.6705462154934219E-002
   1.3954868593580405     
  -1.3934861187559358     
   4.4063801124722295E-031
   1.3934861187559358     
  -1.3954868593580405     
  -1.6705462154934219E-002
   1.4524387225067859     
  -1.4522163515161883     
  -5.3837807587169655E-002
   1.6007424680728202     
  -1.5705169014856588     
 -0.16120131130839466     
   1.9262700929312166     
  -1.7575938665981192     
 -0.55966244387580888     
   2.7740368271792684     
  -1.6716864923109456     
  -3.8879794408042070     
 -0.70036936918448500     
*****  m =    3  l =   23
  0.80366751990359575     
   4.1064249901138234     
  0.95998884422702324     
  -2.7859189096591175     
   1.5131423092843626     
  0.80339041381051401     
  -2.0518745994743721     
   1.4158529030828659     
  0.32756780769853133     
  -1.6421556729933493     
   1.4991860291682566     
 -0.12295757545516495     
  -1.2879739665664367     
   1.5743631826523941     
 -0.54021048825630724     
 -0.92670415131436956     
   1.6021475098016400     
 -0.92670415131436956     
 -0.54021048825630724     
   1.5743631826523941     
  -1.2879739665664367     
 -0.12295757545516495     
   1.4991860291682566     
  -1.6421556729933493     
  0.32756780769853133     
   1.4158529030828659     
  -2.0518745994743721     
  0.80339041381051401     
   1.5131423092843626     
  -2.7859189096591175     
  0.95998884422702324     
   4.1064249901138234     
  0.80366751990359575     
*****  m =    3  l =   24
  0.91562979593000671     
   4.2785741323006263     
  0.20000717704791929     
  -2.4983216443842746     
   2.1923781963825109     
 -0.36715763295087489     
  -1.4087688408639536     
   1.9711103918468635     
  -1.1193794713940437     
 -0.41998717032155053     
   1.5577935607779976     
  -1.5631908416544353     
  0.50051780740657370     
  0.86413997576065116     
  -1.5975106520132787     
   1.2176595536788846     
  -4.8013525835594005E-031
  -1.2176595536788846     
   1.5975106520132787     
 -0.86413997576065116     
 -0.50051780740657370     
   1.5631908416544353     
  -1.5577935607779976     
  0.41998717032155053     
   1.1193794713940437     
  -1.9711103918468635     
   1.4087688408639536     
  0.36715763295087489     
  -2.1923781963825109     
   2.4983216443842746     
 -0.20000717704791929     
  -4.2785741323006263     
 -0.91562979593000671     
*****  m =    3  l =   25
   1.0362888084755242     
   4.3970464354075585     
 -0.56992829383119870     
  -1.9392809578900592     
   2.4722124268430510     
  -1.4374132501770838     
 -0.23683401243310204     
   1.5515984902505768     
  -1.8644047761975215     
   1.1249471597072196     
  0.17530424426627039     
  -1.2997700736787503     
   1.6565092128780712     
  -1.0902294789223561     
  -6.0009418088022071E-002
   1.1557791210540531     
  -1.6011788008976713     
   1.1557791210540531     
  -6.0009418088022071E-002
  -1.0902294789223561     
   1.6565092128780712     
  -1.2997700736787503     
  0.17530424426627039     
   1.1249471597072196     
  -1.8644047761975215     
   1.5515984902505768     
 -0.23683401243310204     
  -1.4374132501770838     
   2.4722124268430510     
  -1.9392809578900592     
 -0.56992829383119870     
   4.3970464354075585     
   1.0362888084755242     
*****  m =    3  l =   26
   1.1656160049985447     
   4.4554164263188039     
  -1.3091444851404392     
  -1.1676035722310714     
   2.2994016746209680     
  -2.1157943464337983     
   1.0236644880681640     
  0.36390872129835888     
  -1.4398882308720797     
   1.8017193573574179     
  -1.3687255440231614     
  0.38007197999056042     
  0.72137388902800192     
  -1.4729498531508569     
   1.5741325212451478     
 -0.99915871488946006     
   5.1960827031247953E-031
  0.99915871488946006     
  -1.5741325212451478     
   1.4729498531508569     
 -0.72137388902800192     
 -0.38007197999056042     
   1.3687255440231614     
  -1.8017193573574179     
   1.4398882308720797     
 -0.36390872129835888     
  -1.0236644880681640     
   2.1157943464337983     
  -2.2994016746209680     
   1.1676035722310714     
   1.3091444851404392     
  -4.4554164263188039     
  -1.1656160049985447     
*****  m =    3  l =   27
   1.3035198821887493     
   4.4484427227860976     
  -1.9771005994098867     
 -0.26696878833974630     
   1.7036817348758027     
  -2.2160110878037655     
   1.8971993361980848     
  -1.0037168162633285     
 -0.11161298239284463     
   1.0878814406042183     
  -1.6441949701687402     
   1.6447023047251248     
  -1.1239825296341652     
  0.26694690012811723     
  0.65049696759228304     
  -1.3434662468463709     
   1.6004155299491765     
  -1.3434662468463709     
  0.65049696759228304     
  0.26694690012811723     
  -1.1239825296341652     
   1.6447023047251248     
  -1.6441949701687402     
   1.0878814406042183     
 -0.11161298239284463     
  -1.0037168162633285     
   1.8971993361980848     
  -2.2160110878037655     
   1.7036817348758027     
 -0.26696878833974630     
  -1.9771005994098867     
   4.4484427227860976     
   1.3035198821887493     
*****  m =    3  l =   28
   1.4498446089444881     
   4.3722708440033902     
  -2.5359466501417849     
  0.66308037310643575     
  0.79340684004106443     
  -1.7092317900222229     
   2.0528926359737532     
  -1.8722133378170802     
   1.2862376904357502     
 -0.46573464295938055     
 -0.39572551050182991     
   1.1147744658194918     
  -1.5492201762873663     
   1.6213702874057550     
  -1.3295398954713804     
  0.74573635394368198     
  -5.5906222799952844E-031
 -0.74573635394368198     
   1.3295398954713804     
  -1.6213702874057550     
   1.5492201762873663     
  -1.1147744658194918     
  0.39572551050182991     
  0.46573464295938055     
  -1.2862376904357502     
   1.8722133378170802     
  -2.0528926359737532     
   1.7092317900222229     
 -0.79340684004106443     
 -0.66308037310643575     
   2.5359466501417849     
  -4.3722708440033902     
  -1.4498446089444881     
*****  m =    3  l =   29
   1.6043690697022601     
   4.2246030228096405     
  -2.9529961208002979     
   1.5182551673581495     
 -0.26371213072149136     
 -0.73329427307443051     
   1.4308153336234777     
  -1.8092912084725326     
   1.8745067369710318     
  -1.6588685048280951     
   1.2192000318292797     
 -0.63136789287177097     
  -1.7480846959070678E-002
  0.63809080924601103     
  -1.1486051990298576     
   1.4833329532604567     
  -1.5998033658487698     
   1.4833329532604567     
  -1.1486051990298576     
  0.63809080924601103     
  -1.7480846959070678E-002
 -0.63136789287177097     
   1.2192000318292797     
  -1.6588685048280951     
   1.8745067369710318     
  -1.8092912084725326     
   1.4308153336234777     
 -0.73329427307443051     
 -0.26371213072149136     
   1.5182551673581495     
  -2.9529961208002979     
   4.2246030228096405     
   1.6043690697022601     
*****  m =    3  l =   30
   1.7668063362672648     
   4.0048291832557652     
  -3.2029449883969638     
   2.2014649697300510     
  -1.2713682383426170     
  0.44413194126056216     
  0.26605367311796219     
 -0.84559139272497985     
   1.2825468688070454     
  -1.5689665272613640     
   1.7025778161893323     
  -1.6877522231596374     
   1.5358156830386189     
  -1.2647965398368779     
  0.89869353381215822     
 -0.46634666769826610     
   5.9850092987188395E-031
  0.46634666769826610     
 -0.89869353381215822     
   1.2647965398368779     
  -1.5358156830386189     
   1.6877522231596374     
  -1.7025778161893323     
   1.5689665272613640     
  -1.2825468688070454     
  0.84559139272497985     
 -0.26605367311796219     
 -0.44413194126056216     
   1.2713682383426170     
  -2.2014649697300510     
   3.2029449883969638     
  -4.0048291832557652     
  -1.7668063362672648     
*****  m =    3  l =   31
   1.9368035739908334     
   3.7141142692621356     
  -3.2696822967340502     
   2.6341736469346611     
  -2.0412435926220676     
   1.4986992195034206     
 -0.99943772265460074     
  0.53922987901819841     
 -0.11719828044183685     
 -0.26532801165621878     
  0.60578328957026228     
 -0.90104385126554809     
   1.1478939540208384     
  -1.3433498376953628     
   1.4848873380071133     
  -1.5706002077637662     
   1.5993048449535996     
  -1.5706002077637662     
   1.4848873380071133     
  -1.3433498376953628     
   1.1478939540208384     
 -0.90104385126554809     
  0.60578328957026228     
 -0.26532801165621878     
 -0.11719828044183685     
  0.53922987901819841     
 -0.99943772265460074     
   1.4986992195034206     
  -2.0412435926220676     
   2.6341736469346611     
  -3.2696822967340502     
   3.7141142692621356     
   1.9368035739908334     
*****  m =    3  l =   32
   2.1139423857642616     
   3.3554382860240439     
  -3.1475612175951881     
   2.7657958082312661     
  -2.4285317300301035     
   2.1388519446260004     
  -1.8843274651767958     
   1.6546764486798295     
  -1.4426672344330194     
   1.2433014082778113     
  -1.0530796113572920     
  0.86949949336169352     
 -0.69072691084852211     
  0.51537874740428924     
 -0.34237533589833347     
  0.17083588323552432     
  -6.3792722527455362E-031
 -0.17083588323552432     
  0.34237533589833347     
 -0.51537874740428924     
  0.69072691084852211     
 -0.86949949336169352     
   1.0530796113572920     
  -1.2433014082778113     
   1.4426672344330194     
  -1.6546764486798295     
   1.8843274651767958     
  -2.1388519446260004     
   2.4285317300301035     
  -2.7657958082312661     
   3.1475612175951881     
  -3.3554382860240439     
  -2.1139423857642616     
*****  m =    4  l =    4
   5.8703462193204015E-005
   1.6059592346835141E-003
   9.4465319221797295E-003
   3.1338966620317307E-002
   7.6607449762478172E-002
  0.15441122369795096     
  0.27192873778422660     
  0.43272804588505565     
  0.63557221712395440     
  0.87385038571137086     
   1.1357395526760423     
   1.4051012093906152     
   1.6630143117634824     
   1.8897563675230020     
   2.0669799354578551     
   2.1798017149385105     
   2.2185299186623557     
   2.1798017149385105     
   2.0669799354578551     
   1.8897563675230020     
   1.6630143117634824     
   1.4051012093906152     
   1.1357395526760423     
  0.87385038571137086     
  0.63557221712395440     
  0.43272804588505565     
  0.27192873778422660     
  0.15441122369795096     
   7.6607449762478172E-002
   3.1338966620317307E-002
   9.4465319221797295E-003
   1.6059592346835141E-003
   5.8703462193204015E-005
*****  m =    4  l =    5
   1.9419595276344060E-004
   5.2542224749952829E-003
   3.0291143745424336E-002
   9.7567511601056520E-002
  0.22925899040896211     
  0.43940741466947669     
  0.72706621469844179     
   1.0724226413674580     
   1.4370600014702841     
   1.7686250248172564     
   2.0091848043472931     
   2.1057085152858761     
   2.0205787926454937     
   1.7399463352230129     
   1.2781153903112883     
  0.67691369360408649     
  -9.0694738324570647E-032
 -0.67691369360408649     
  -1.2781153903112883     
  -1.7399463352230129     
  -2.0205787926454937     
  -2.1057085152858761     
  -2.0091848043472931     
  -1.7686250248172564     
  -1.4370600014702841     
  -1.0724226413674580     
 -0.72706621469844179     
 -0.43940741466947669     
 -0.22925899040896211     
  -9.7567511601056520E-002
  -3.0291143745424336E-002
  -5.2542224749952829E-003
  -1.9419595276344060E-004
*****  m =    4  l =    6
   4.7060443231690315E-004
   1.2564463465249051E-002
   7.0693674280123228E-002
  0.21963015284287432     
  0.49138137772312884     
  0.88363049215758749     
   1.3480545390210259     
   1.7938837573972417     
   2.1072250781512647     
   2.1814447450287910     
   1.9499515471590565     
   1.4113379681737057     
  0.63853795049176099     
 -0.23198655380560482     
  -1.0292748318296998     
  -1.5879370747929742     
  -1.7886360026567725     
  -1.5879370747929742     
  -1.0292748318296998     
 -0.23198655380560482     
  0.63853795049176099     
   1.4113379681737057     
   1.9499515471590565     
   2.1814447450287910     
   2.1072250781512647     
   1.7938837573972417     
   1.3480545390210259     
  0.88363049215758749     
  0.49138137772312884     
  0.21963015284287432     
   7.0693674280123228E-002
   1.2564463465249051E-002
   4.7060443231690315E-004
*****  m =    4  l =    7
   9.6448665406037256E-004
   2.5352237391369589E-002
  0.13860780588259089     
  0.41246239292180453     
  0.86938243337566368     
   1.4435296675630926     
   1.9807721834977186     
   2.2835065235742302     
   2.1856677026509721     
   1.6281470021927071     
  0.70177035578255320     
 -0.36408785151545370     
  -1.2682588396892662     
  -1.7383207549655870     
  -1.6283989163618446     
 -0.97679725853601096     
   1.3604210748683127E-031
  0.97679725853601096     
   1.6283989163618446     
   1.7383207549655870     
   1.2682588396892662     
  0.36408785151545370     
 -0.70177035578255320     
  -1.6281470021927071     
  -2.1856677026509721     
  -2.2835065235742302     
  -1.9807721834977186     
  -1.4435296675630926     
 -0.86938243337566368     
 -0.41246239292180453     
 -0.13860780588259089     
  -2.5352237391369589E-002
  -9.6448665406037256E-004
*****  m =    4  l =    8
   1.7710908990530103E-003
   4.5729245989472832E-002
  0.24184587662949888     
  0.68414875438728873     
   1.3421709322208724     
   2.0169076836127777     
   2.4023039142967111     
   2.2319221248500001     
   1.4363503531004858     
  0.22165803670083845     
 -0.98613944327621472     
  -1.7173813004152456     
  -1.6763266638479499     
 -0.89231314484608049     
  0.27617630928083675     
   1.2948428544901391     
   1.6959424232930191     
   1.2948428544901391     
  0.27617630928083675     
 -0.89231314484608049     
  -1.6763266638479499     
  -1.7173813004152456     
 -0.98613944327621472     
  0.22165803670083845     
   1.4363503531004858     
   2.2319221248500001     
   2.4023039142967111     
   2.0169076836127777     
   1.3421709322208724     
  0.68414875438728873     
  0.24184587662949888     
   4.5729245989472832E-002
   1.7710908990530103E-003
*****  m =    4  l =    9
   3.0051018564428169E-003
   7.6038417717960410E-002
  0.38717602568590342     
   1.0326780724433073     
   1.8588490303686838     
   2.4615357827266031     
   2.4014197636828905     
   1.5092332844085474     
   6.8948785144529748E-002
  -1.2731370812198972     
  -1.8512592932877061     
  -1.3777101281289577     
 -0.14234705911262271     
   1.1290229162723189     
   1.6896912294798712     
   1.2149721441960892     
  -1.7817246224080180E-031
  -1.2149721441960892     
  -1.6896912294798712     
  -1.1290229162723189     
  0.14234705911262271     
   1.3777101281289577     
   1.8512592932877061     
   1.2731370812198972     
  -6.8948785144529748E-002
  -1.5092332844085474     
  -2.4014197636828905     
  -2.4615357827266031     
  -1.8588490303686838     
  -1.0326780724433073     
 -0.38717602568590342     
  -7.6038417717960410E-002
  -3.0051018564428169E-003
*****  m =    4  l =   10
   4.8010187291023954E-003
  0.11876817220851794     
  0.57938387500686528     
   1.4438039517325987     
   2.3432963618400757     
   2.6311288243978366     
   1.8705566164349972     
  0.27573032972409844     
  -1.3018646382883237     
  -1.9099759583291764     
  -1.1879411637146804     
  0.32232329990636965     
   1.5252793336796400     
   1.5555061257331240     
  0.41656527080001843     
  -1.0180256769462579     
  -1.6581099521084985     
  -1.0180256769462579     
  0.41656527080001843     
   1.5555061257331240     
   1.5252793336796400     
  0.32232329990636965     
  -1.1879411637146804     
  -1.9099759583291764     
  -1.3018646382883237     
  0.27573032972409844     
   1.8705566164349972     
   2.6311288243978366     
   2.3432963618400757     
   1.4438039517325987     
  0.57938387500686528     
  0.11876817220851794     
   4.8010187291023954E-003
*****  m =    4  l =   11
   7.3132477437360130E-003
  0.17645104676306039     
  0.82039911503252205     
   1.8905327697458041     
   2.7056100065537878     
   2.4195132136890019     
  0.87104188852964237     
  -1.0433181847093032     
  -1.9713755803510162     
  -1.2469487525479397     
  0.46279695846335694     
   1.6681491440434213     
   1.3385089353000337     
 -0.18489682808031951     
  -1.4962268584200644     
  -1.4000705961353237     
   2.1917080651644961E-031
   1.4000705961353237     
   1.4962268584200644     
  0.18489682808031951     
  -1.3385089353000337     
  -1.6681491440434213     
 -0.46279695846335694     
   1.2469487525479397     
   1.9713755803510162     
   1.0433181847093032     
 -0.87104188852964237     
  -2.4195132136890019     
  -2.7056100065537878     
  -1.8905327697458041     
 -0.82039911503252205     
 -0.17645104676306039     
  -7.3132477437360130E-003
*****  m =    4  l =   12
   1.0715927435800155E-002
  0.25155068380126472     
   1.1085750888703663     
   2.3345106384328957     
   2.8586455069923504     
   1.7998513922532267     
 -0.36020602322352141     
  -1.9248233294679835     
  -1.5619541072446308     
  0.27466306460017964     
   1.6971332101364107     
   1.2790397781809424     
 -0.46801634731933728     
  -1.6459602402804694     
  -1.0028947528210113     
  0.72818235160130151     
   1.6385637686423649     
  0.72818235160130151     
  -1.0028947528210113     
  -1.6459602402804694     
 -0.46801634731933728     
   1.2790397781809424     
   1.6971332101364107     
  0.27466306460017964     
  -1.5619541072446308     
  -1.9248233294679835     
 -0.36020602322352141     
   1.7998513922532267     
   2.8586455069923504     
   2.3345106384328957     
   1.1085750888703663     
  0.25155068380126472     
   1.0715927435800155E-002
*****  m =    4  l =   13
   1.5202496563103862E-002
  0.34634140940119285     
   1.4381992316426850     
   2.7293104444966976     
   2.7365499873645498     
  0.84590016456578165     
  -1.4731391497743944     
  -1.9870694733758747     
 -0.28294953783508026     
   1.5877899841369252     
   1.4427355617098103     
 -0.43924491372016744     
  -1.6865961167226837     
 -0.77651812916328855     
   1.0900385928825533     
   1.5306890676974765     
  -2.5962194574570974E-031
  -1.5306890676974765     
  -1.0900385928825533     
  0.77651812916328855     
   1.6865961167226837     
  0.43924491372016744     
  -1.4427355617098103     
  -1.5877899841369252     
  0.28294953783508026     
   1.9870694733758747     
   1.4731391497743944     
 -0.84590016456578165     
  -2.7365499873645498     
  -2.7293104444966976     
  -1.4381992316426850     
 -0.34634140940119285     
  -1.5202496563103862E-002
*****  m =    4  l =   14
   2.0985012895010206E-002
  0.46278492127760673     
   1.7992965318843577     
   3.0253389046908343     
   2.3114333253097459     
 -0.27345190587415041     
  -2.1192382315711003     
  -1.1854915784180022     
   1.1486659208258190     
   1.7481440341693106     
  -8.0207264208566359E-002
  -1.6840028316921665     
 -0.82393379940829514     
   1.1847941610822694     
   1.4197112384183570     
 -0.42414944709050079     
  -1.6270533939526275     
 -0.42414944709050079     
   1.4197112384183570     
   1.1847941610822694     
 -0.82393379940829514     
  -1.6840028316921665     
  -8.0207264208566359E-002
   1.7481440341693106     
   1.1486659208258190     
  -1.1854915784180022     
  -2.1192382315711003     
 -0.27345190587415041     
   2.3114333253097459     
   3.0253389046908343     
   1.7992965318843577     
  0.46278492127760673     
   2.0985012895010206E-002
*****  m =    4  l =   15
   2.8293231136685221E-002
  0.60240879168581452     
   2.1777672015575975     
   3.1758273980425518     
   1.6043761021938319     
  -1.3277736377093237     
  -2.0784159553238801     
  0.13873216976711372     
   1.9054706051462065     
  0.63361331922006003     
  -1.5233883300522484     
  -1.1413477006796264     
   1.0511431336834109     
   1.4543267013076724     
 -0.53497236658502323     
  -1.6044861137532072     
   2.9976246803018449E-031
   1.6044861137532072     
  0.53497236658502323     
  -1.4543267013076724     
  -1.0511431336834109     
   1.1413477006796264     
   1.5233883300522484     
 -0.63361331922006003     
  -1.9054706051462065     
 -0.13873216976711372     
   2.0784159553238801     
   1.3277736377093237     
  -1.6043761021938319     
  -3.1758273980425518     
  -2.1777672015575975     
 -0.60240879168581452     
  -2.8293231136685221E-002
*****  m =    4  l =   16
   3.7373448843523956E-002
  0.76619154041123516     
   2.5558747709567249     
   3.1431753648010448     
  0.68785549482037067     
  -2.0798485954934307     
  -1.3496666020873282     
   1.3941387428476029     
   1.5384787109855189     
 -0.94192759806731885     
  -1.5977534570519061     
  0.61162174103181832     
   1.6152153245585752     
 -0.34587702759293415     
  -1.6191923891744369     
  0.11206377166104083     
   1.6196728350501497     
  0.11206377166104083     
  -1.6191923891744369     
 -0.34587702759293415     
   1.6152153245585752     
  0.61162174103181832     
  -1.5977534570519061     
 -0.94192759806731885     
   1.5384787109855189     
   1.3941387428476029     
  -1.3496666020873282     
  -2.0798485954934307     
  0.68785549482037067     
   3.1431753648010448     
   2.5558747709567249     
  0.76619154041123516     
   3.7373448843523956E-002
*****  m =    4  l =   17
   4.8487130050625819E-002
  0.95445893329864762     
   2.9130736192045226     
   2.9048107622869646     
 -0.32176079130881963     
  -2.3477481259970325     
 -0.16732733406091924     
   2.0045289975440710     
  0.25895617915272173     
  -1.8135555649788171     
 -0.23522103933182245     
   1.7055345250847076     
  0.16986903384989543     
  -1.6464025444634482     
  -8.7956769065669210E-002
   1.6200850834723948     
  -3.3970828098911546E-031
  -1.6200850834723948     
   8.7956769065669210E-002
   1.6464025444634482     
 -0.16986903384989543     
  -1.7055345250847076     
  0.23522103933182245     
   1.8135555649788171     
 -0.25895617915272173     
  -2.0045289975440710     
  0.16732733406091924     
   2.3477481259970325     
  0.32176079130881963     
  -2.9048107622869646     
  -2.9130736192045226     
 -0.95445893329864762     
  -4.8487130050625819E-002
*****  m =    4  l =   18
   6.1909317355985906E-002
   1.1667959103740764     
   3.2271375019151409     
   2.4577367072442349     
  -1.2810420454460012     
  -2.0571127114886552     
   1.0688793147416520     
   1.6815184781456631     
  -1.1717108817986619     
  -1.3303004214103582     
   1.3355291773191627     
  0.97048504853134854     
  -1.4825997924163892     
 -0.59239002930543883     
   1.5805411239339069     
  0.19932484197828901     
  -1.6146453852547931     
  0.19932484197828901     
   1.5805411239339069     
 -0.59239002930543883     
  -1.4825997924163892     
  0.97048504853134854     
   1.3355291773191627     
  -1.3303004214103582     
  -1.1717108817986619     
   1.6815184781456631     
   1.0688793147416520     
  -2.0571127114886552     
  -1.2810420454460012     
   2.4577367072442349     
   3.2271375019151409     
   1.1667959103740764     
   6.1909317355985906E-002
*****  m =    4  l =   19
   7.7926844283366561E-002
   1.4019781485567839     
   3.4755250103418227     
   1.8210512466625435     
  -2.0430718321239905     
  -1.2681074679905828     
   1.9291698230316829     
  0.57039181632787928     
  -1.8919249378350116     
  0.14855995844821873     
   1.6914799374312466     
 -0.80425641894963851     
  -1.2802128951241938     
   1.3057723946454149     
  0.69037940088246630     
  -1.5776847545026220     
   3.7952344044366157E-031
   1.5776847545026220     
 -0.69037940088246630     
  -1.3057723946454149     
   1.2802128951241938     
  0.80425641894963851     
  -1.6914799374312466     
 -0.14855995844821873     
   1.8919249378350116     
 -0.57039181632787928     
  -1.9291698230316829     
   1.2681074679905828     
   2.0430718321239905     
  -1.8210512466625435     
  -3.4755250103418227     
  -1.4019781485567839     
  -7.7926844283366561E-002
*****  m =    4  l =   20
   9.6836360866389470E-002
   1.6579267266119999     
   3.6368960739460974     
   1.0359474043751251     
  -2.4836496064775502     
 -0.16772853250315739     
   2.1070887552689865     
 -0.80805221584479647     
  -1.4628309184740658     
   1.5123439545867077     
  0.50850489701850932     
  -1.7098930194149777     
  0.52228193322804428     
   1.3307823208945146     
  -1.3143791438790844     
 -0.50032100220078990     
   1.6110616411448393     
 -0.50032100220078990     
  -1.3143791438790844     
   1.3307823208945146     
  0.52228193322804428     
  -1.7098930194149777     
  0.50850489701850932     
   1.5123439545867077     
  -1.4628309184740658     
 -0.80805221584479647     
   2.1070887552689865     
 -0.16772853250315739     
  -2.4836496064775502     
   1.0359474043751251     
   3.6368960739460974     
   1.6579267266119999     
   9.6836360866389470E-002
*****  m =    4  l =   21
  0.11894218650708739     
   1.9316886984607846     
   3.6926773527653247     
  0.16299844621030909     
  -2.5251867518638180     
  0.97258507639992420     
   1.5341887618530143     
  -1.7990819088583334     
 -0.14281221038633429     
   1.7314056109510898     
  -1.1358394645325727     
 -0.77087561331463517     
   1.6674683971735949     
 -0.55084755059486834     
  -1.1881686944503533     
   1.4792721578887289     
  -4.1924643799385530E-031
  -1.4792721578887289     
   1.1881686944503533     
  0.55084755059486834     
  -1.6674683971735949     
  0.77087561331463517     
   1.1358394645325727     
  -1.7314056109510898     
  0.14281221038633429     
   1.7990819088583334     
  -1.5341887618530143     
 -0.97258507639992420     
   2.5251867518638180     
 -0.16299844621030909     
  -3.6926773527653247     
  -1.9316886984607846     
 -0.11894218650708739     
*****  m =    4  l =   22
  0.14455400524555212     
   2.2194456135537610     
   3.6285650450831226     
 -0.72312727134638544     
  -2.1535141144017755     
   1.8642790445885653     
  0.41126247642208491     
  -1.9268006202060399     
   1.2624587759562598     
  0.63855851716687873     
  -1.7395803403499479     
  0.99881803223195964     
  0.72068209429998997     
  -1.6395401978079740     
  0.86178358533963551     
  0.78113331499958494     
  -1.6084146656478342     
  0.78113331499958494     
  0.86178358533963551     
  -1.6395401978079740     
  0.72068209429998997     
  0.99881803223195964     
  -1.7395803403499479     
  0.63855851716687873     
   1.2624587759562598     
  -1.9268006202060399     
  0.41126247642208491     
   1.8642790445885653     
  -2.1535141144017755     
 -0.72312727134638544     
   3.6285650450831226     
   2.2194456135537610     
  0.14455400524555212     
*****  m =    4  l =   23
  0.17398441961303318     
   2.5165511716623103     
   3.4358521750559512     
  -1.5410391847729830     
  -1.4239327210035180     
   2.2766819154216504     
 -0.85880569621740388     
  -1.1268864816118918     
   1.8901490887355357     
 -0.93770724453163412     
 -0.74980486336490837     
   1.6861573557714560     
  -1.1290128620968483     
 -0.37411046599816372     
   1.5127070141037990     
  -1.3286530739496185     
   4.5890188184379837E-031
   1.3286530739496185     
  -1.5127070141037990     
  0.37411046599816372     
   1.1290128620968483     
  -1.6861573557714560     
  0.74980486336490837     
  0.93770724453163412     
  -1.8901490887355357     
   1.1268864816118918     
  0.85880569621740388     
  -2.2766819154216504     
   1.4239327210035180     
   1.5410391847729830     
  -3.4358521750559512     
  -2.5165511716623103     
 -0.17398441961303318     
*****  m =    4  l =   24
  0.20754638021303676     
   2.8175982890285911     
   3.1124741908363434     
  -2.2113093497155951     
 -0.45474171216784953     
   2.0994417232420193     
  -1.8147586769060156     
  0.21678445227857188     
   1.3522602448166412     
  -1.7981994914795347     
  0.92635754522371161     
  0.54749131045535648     
  -1.5585360334912279     
   1.4268758436673878     
 -0.28877257454812477     
  -1.0324372731302425     
   1.6064028891686410     
  -1.0324372731302425     
 -0.28877257454812477     
   1.4268758436673878     
  -1.5585360334912279     
  0.54749131045535648     
  0.92635754522371161     
  -1.7981994914795347     
   1.3522602448166412     
  0.21678445227857188     
  -1.8147586769060156     
   2.0994417232420193     
 -0.45474171216784953     
  -2.2113093497155951     
   3.1124741908363434     
   2.8175982890285911     
  0.20754638021303676     
*****  m =    4  l =   25
  0.24555050907042608     
   3.1165149104370697     
   2.6636814764865107     
  -2.6654853230272453     
  0.59117864220725469     
   1.3747965514743672     
  -2.1057146495809080     
   1.4537841544403238     
  -2.0620242244329765E-002
  -1.2861985002944281     
   1.7498958953343167     
  -1.1831757564299497     
  -2.8807952780452881E-002
   1.1761048832388021     
  -1.6201019436749080     
   1.1313695817482590     
  -4.9850627628361297E-031
  -1.1313695817482590     
   1.6201019436749080     
  -1.1761048832388021     
   2.8807952780452881E-002
   1.1831757564299497     
  -1.7498958953343167     
   1.2861985002944281     
   2.0620242244329765E-002
  -1.4537841544403238     
   2.1057146495809080     
  -1.3747965514743672     
 -0.59117864220725469     
   2.6654853230272453     
  -2.6636814764865107     
  -3.1165149104370697     
 -0.24555050907042608     
*****  m =    4  l =   26
  0.28830233559607343     
   3.4066869559195787     
   2.1022693574417239     
  -2.8543543242576601     
   1.5338139076055934     
  0.28976492209702476     
  -1.6223764037350938     
   1.9818210282500488     
  -1.3793909071841559     
  0.20804159854206455     
  0.96344124463052239     
  -1.6288764630983115     
   1.5356599111138158     
 -0.76474504323908055     
 -0.32277570587016780     
   1.2458068448278548     
  -1.6048374482681349     
   1.2458068448278548     
 -0.32277570587016780     
 -0.76474504323908055     
   1.5356599111138158     
  -1.6288764630983115     
  0.96344124463052239     
  0.20804159854206455     
  -1.3793909071841559     
   1.9818210282500488     
  -1.6223764037350938     
  0.28976492209702476     
   1.5338139076055934     
  -2.8543543242576601     
   2.1022693574417239     
   3.4066869559195787     
  0.28830233559607343     
*****  m =    4  l =   27
  0.33609946472477303     
   3.6811058705297119     
   1.4483240179395480     
  -2.7544206486185931     
   2.2077106408044980     
 -0.87090091439142392     
 -0.54064117799730538     
   1.5417635148332001     
  -1.8808065521653936     
   1.5417845192564088     
 -0.70930999908929793     
 -0.30603477892836561     
   1.1662872230769235     
  -1.6043500290642838     
   1.4970196865929633     
 -0.89453403269559417     
   5.3807112208684272E-031
  0.89453403269559417     
  -1.4970196865929633     
   1.6043500290642838     
  -1.1662872230769235     
  0.30603477892836561     
  0.70930999908929793     
  -1.5417845192564088     
   1.8808065521653936     
  -1.5417635148332001     
  0.54064117799730538     
  0.87090091439142392     
  -2.2077106408044980     
   2.7544206486185931     
  -1.4483240179395480     
  -3.6811058705297119     
 -0.33609946472477303     
*****  m =    4  l =   28
  0.38922869738884464     
   3.9325373796490153     
  0.72847465371870679     
  -2.3717288458123442     
   2.4921275460237484     
  -1.7992698890908478     
  0.74053840468213727     
  0.34732486759624592     
  -1.2122506524900314     
   1.6930409690649599     
  -1.7270924782734502     
   1.3482303146845984     
 -0.67123980942767880     
 -0.13569879214974900     
  0.88642717058923648     
  -1.4140636554371058     
   1.6035950161852102     
  -1.4140636554371058     
  0.88642717058923648     
 -0.13569879214974900     
 -0.67123980942767880     
   1.3482303146845984     
  -1.7270924782734502     
   1.6930409690649599     
  -1.2122506524900314     
  0.34732486759624592     
  0.74053840468213727     
  -1.7992698890908478     
   2.4921275460237484     
  -2.3717288458123442     
  0.72847465371870679     
   3.9325373796490153     
  0.38922869738884464     
*****  m =    4  l =   29
  0.44796312398235455     
   4.1537072681609066     
  -2.5323978396809159E-002
  -1.7424509126453753     
   2.3339260104977941     
  -2.2466187888462077     
   1.7455973762317185     
  -1.0166980890300747     
  0.21093767833801860     
  0.54524758248887040     
  -1.1511136321979665     
   1.5357931908584244     
  -1.6619525639419506     
   1.5271776624373330     
  -1.1623102117378421     
  0.62659655176959927     
  -5.7760468837713954E-031
 -0.62659655176959927     
   1.1623102117378421     
  -1.5271776624373330     
   1.6619525639419506     
  -1.5357931908584244     
   1.1511136321979665     
 -0.54524758248887040     
 -0.21093767833801860     
   1.0166980890300747     
  -1.7455973762317185     
   2.2466187888462077     
  -2.3339260104977941     
   1.7424509126453753     
   2.5323978396809159E-002
  -4.1537072681609066     
 -0.44796312398235455     
*****  m =    4  l =   30
  0.51255921184550868     
   4.3374993250696701     
 -0.77742100685109228     
 -0.93002495324224332     
   1.7586673867937639     
  -2.0912887803941596     
   2.0993561229112148     
  -1.8799990652690517     
   1.5016492808044195     
  -1.0206138596155527     
  0.48713662186748741     
   5.2818463038666150E-002
 -0.55765651078283007     
  0.99105096695397210     
  -1.3231172978885180     
   1.5315578585171898     
  -1.6025922170656601     
   1.5315578585171898     
  -1.3231172978885180     
  0.99105096695397210     
 -0.55765651078283007     
   5.2818463038666150E-002
  0.48713662186748741     
  -1.0206138596155527     
   1.5016492808044195     
  -1.8799990652690517     
   2.0993561229112148     
  -2.0912887803941596     
   1.7586673867937639     
 -0.93002495324224332     
 -0.77742100685109228     
   4.3374993250696701     
  0.51255921184550868     
*****  m =    4  l =   31
  0.58325390805097588     
   4.4771600484639134     
  -1.4904225875122756     
  -1.9042208677832559E-002
  0.86748173552365970     
  -1.3731249526317169     
   1.6683233444741918     
  -1.8167782088795563     
   1.8536176769168418     
  -1.8009205061774596     
   1.6744432818207315     
  -1.4867970956073915     
   1.2490396098524048     
 -0.97149861356612566     
  0.66419686944770884     
 -0.33705950598939238     
   6.1711307826857344E-031
  0.33705950598939238     
 -0.66419686944770884     
  0.97149861356612566     
  -1.2490396098524048     
   1.4867970956073915     
  -1.6744432818207315     
   1.8009205061774596     
  -1.8536176769168418     
   1.8167782088795563     
  -1.6683233444741918     
   1.3731249526317169     
 -0.86748173552365970     
   1.9042208677832559E-002
   1.4904225875122756     
  -4.4771600484639134     
 -0.58325390805097588     
*****  m =    4  l =   32
  0.66026177890010385     
   4.5665043083202130     
  -2.1273547297145852     
  0.89352054425359484     
 -0.18009660881381118     
 -0.28442908952138790     
  0.61253182522905225     
 -0.85719799572241095     
   1.0461293463366570     
  -1.1950103230569620     
   1.3132763685748374     
  -1.4068663175991205     
   1.4796370944146982     
  -1.5341345119938401     
   1.5720314765146870     
  -1.5943827313017929     
   1.6017710065494957     
  -1.5943827313017929     
   1.5720314765146870     
  -1.5341345119938401     
   1.4796370944146982     
  -1.4068663175991205     
   1.3132763685748374     
  -1.1950103230569620     
   1.0461293463366570     
 -0.85719799572241095     
  0.61253182522905225     
 -0.28442908952138790     
 -0.18009660881381118     
  0.89352054425359484     
  -2.1273547297145852     
   4.5665043083202130     
  0.66026177890010385     
*****  m =    5  l =    5
   4.4158027408139389E-006
   2.7627918513204846E-004
   2.5308739502078598E-003
   1.1331459734300284E-002
   3.4635285861214157E-002
   8.3181854978337452E-002
  0.16875199027159019     
  0.30161214447248830     
  0.48768135366781007     
  0.72606645593066643     
   1.0075774942216837     
   1.3146632703317307     
   1.6229308042902857     
   1.9040892091778436     
   2.1298565125023883     
   2.2761519837732465     
   2.3268138086232852     
   2.2761519837732465     
   2.1298565125023883     
   1.9040892091778436     
   1.6229308042902857     
   1.3146632703317307     
   1.0075774942216837     
  0.72606645593066643     
  0.48768135366781007     
  0.30161214447248830     
  0.16875199027159019     
   8.3181854978337452E-002
   3.4635285861214157E-002
   1.1331459734300284E-002
   2.5308739502078598E-003
   2.7627918513204846E-004
   4.4158027408139389E-006
*****  m =    5  l =    6
   1.5880400723062433E-005
   9.8264679214638191E-004
   8.8224483540836271E-003
   3.8351446631682065E-002
  0.11268068553367204     
  0.25733120335862075     
  0.49050461142459167     
  0.81259676482207066     
   1.1987302955330448     
   1.5975350299689819     
   1.9377374205562861     
   2.1418078646781304     
   2.1436562318387207     
   1.9058673130270352     
   1.4317245874344118     
  0.76840981033841460     
  -1.0340791182349958E-031
 -0.76840981033841460     
  -1.4317245874344118     
  -1.9058673130270352     
  -2.1436562318387207     
  -2.1418078646781304     
  -1.9377374205562861     
  -1.5975350299689819     
  -1.1987302955330448     
 -0.81259676482207066     
 -0.49050461142459167     
 -0.25733120335862075     
 -0.11268068553367204     
  -3.8351446631682065E-002
  -8.8224483540836271E-003
  -9.8264679214638191E-004
  -1.5880400723062433E-005
*****  m =    5  l =    7
   4.1658533958358574E-005
   2.5446192732422146E-003
   2.2312683076738827E-002
   9.3658301224904039E-002
  0.26243295768173464     
  0.56359487178894896     
  0.99372836396364828     
   1.4923326467716480     
   1.9438687850440313     
   2.2048396583460028     
   2.1495666329145728     
   1.7192532317134634     
  0.95542543269761748     
   2.8127417443396820E-003
 -0.92293262641873830     
  -1.5943755548391629     
  -1.8395078315951792     
  -1.5943755548391629     
 -0.92293262641873830     
   2.8127417443396820E-003
  0.95542543269761748     
   1.7192532317134634     
   2.1495666329145728     
   2.2048396583460028     
   1.9438687850440313     
   1.4923326467716480     
  0.99372836396364828     
  0.56359487178894896     
  0.26243295768173464     
   9.3658301224904039E-002
   2.2312683076738827E-002
   2.5446192732422146E-003
   4.1658533958358574E-005
*****  m =    5  l =    8
   9.2002450889382828E-005
   5.5370662584105935E-003
   4.7247207503552477E-002
  0.19040228231070849     
  0.50441904434210194     
   1.0056641987681403     
   1.6084456195987649     
   2.1224433521358281     
   2.3132406094146050     
   2.0073649771606168     
   1.1935090797271468     
   6.5073375956028287E-002
  -1.0280189547834815     
  -1.7076988328078899     
  -1.7243489642281398     
  -1.0710400677886034     
   1.5074163984728716E-031
   1.0710400677886034     
   1.7243489642281398     
   1.7076988328078899     
   1.0280189547834815     
  -6.5073375956028287E-002
  -1.1935090797271468     
  -2.0073649771606168     
  -2.3132406094146050     
  -2.1224433521358281     
  -1.6084456195987649     
  -1.0056641987681403     
 -0.50441904434210194     
 -0.19040228231070849     
  -4.7247207503552477E-002
  -5.5370662584105935E-003
  -9.2002450889382828E-005
*****  m =    5  l =    9
   1.8126067962745906E-004
   1.0727938533950581E-002
   8.8749365196537700E-002
  0.34127720490186775     
  0.84661111358699626     
   1.5429567993561675     
   2.1807916153916724     
   2.4072501913811877     
   1.9616752761813614     
  0.87111470562587046     
 -0.49003049568798801     
  -1.5441486473908765     
  -1.8018242102101203     
  -1.1411920985480741     
   9.4747579073841751E-002
   1.2566343567968434     
   1.7277110150608226     
   1.2566343567968434     
   9.4747579073841751E-002
  -1.1411920985480741     
  -1.8018242102101203     
  -1.5441486473908765     
 -0.49003049568798801     
  0.87111470562587046     
   1.9616752761813614     
   2.4072501913811877     
   2.1807916153916724     
   1.5429567993561675     
  0.84661111358699626     
  0.34127720490186775     
   8.8749365196537700E-002
   1.0727938533950581E-002
   1.8126067962745906E-004
*****  m =    5  l =   10
   3.2864491797274871E-004
   1.9091228770800071E-002
  0.15253427725824309     
  0.55604195562016101     
   1.2775311620666461     
   2.0876950152006835     
   2.5102768954389436     
   2.1105094876033688     
  0.86296595873896775     
 -0.70173593498025078     
  -1.7491067232043511     
  -1.6718041566768960     
 -0.53517908829704797     
  0.90934501926053246     
   1.6967948704706564     
   1.3000026908059004     
  -1.9388983466906170E-031
  -1.3000026908059004     
  -1.6967948704706564     
 -0.90934501926053246     
  0.53517908829704797     
   1.6718041566768960     
   1.7491067232043511     
  0.70173593498025078     
 -0.86296595873896775     
  -2.1105094876033688     
  -2.5102768954389436     
  -2.0876950152006835     
  -1.2775311620666461     
 -0.55604195562016101     
 -0.15253427725824309     
  -1.9091228770800071E-002
  -3.2864491797274871E-004
*****  m =    5  l =   11
   5.5899387417079210E-004
   3.1809741512642785E-002
  0.24448269650437235     
  0.83887861768621741     
   1.7623273767648207     
   2.5173823368827497     
   2.4184456637121450     
   1.1963542627923047     
 -0.58808736399142869     
  -1.8076812619304861     
  -1.6161153625819253     
 -0.19274796645913159     
   1.3124789935005066     
   1.6760299340443781     
  0.61744509854370866     
 -0.94903102774978176     
  -1.6801700342507417     
 -0.94903102774978176     
  0.61744509854370866     
   1.6760299340443781     
   1.3124789935005066     
 -0.19274796645913159     
  -1.6161153625819253     
  -1.8076812619304861     
 -0.58808736399142869     
   1.1963542627923047     
   2.4184456637121450     
   2.5173823368827497     
   1.7623273767648207     
  0.83887861768621741     
  0.24448269650437235     
   3.1809741512642785E-002
   5.5899387417079210E-004
*****  m =    5  l =   12
   9.0352740412866293E-004
   5.0266777843442877E-002
  0.37010132138672941     
   1.1860304201589380     
   2.2435036391016796     
   2.7019783083236941     
   1.8256245029103926     
 -0.10322668729909278     
  -1.7269837815576394     
  -1.7371531182519195     
 -0.18075157704374026     
   1.4469093273302462     
   1.5813769377031270     
  0.13161434756309365     
  -1.4098011346581942     
  -1.4693184702107596     
   2.3553381226145719E-031
   1.4693184702107596     
   1.4098011346581942     
 -0.13161434756309365     
  -1.5813769377031270     
  -1.4469093273302462     
  0.18075157704374026     
   1.7371531182519195     
   1.7269837815576394     
  0.10322668729909278     
  -1.8256245029103926     
  -2.7019783083236941     
  -2.2435036391016796     
  -1.1860304201589380     
 -0.37010132138672941     
  -5.0266777843442877E-002
  -9.0352740412866293E-004
*****  m =    5  l =   13
   1.4005804509324849E-003
   7.6026015393317645E-002
  0.53390727804804428     
   1.5841627706067505     
   2.6470599574671572     
   2.5398445709189406     
  0.80440548590352845     
  -1.3453386042748972     
  -1.9697846218728858     
 -0.51469071992318305     
   1.3830421355640765     
   1.6053335886554385     
  -3.8448746155781623E-002
  -1.5716848710504088     
  -1.1772173167304512     
  0.63688339989057852     
   1.6548682873224740     
  0.63688339989057852     
  -1.1772173167304512     
  -1.5716848710504088     
  -3.8448746155781623E-002
   1.6053335886554385     
   1.3830421355640765     
 -0.51469071992318305     
  -1.9697846218728858     
  -1.3453386042748972     
  0.80440548590352845     
   2.5398445709189406     
   2.6470599574671572     
   1.5841627706067505     
  0.53390727804804428     
   7.6026015393317645E-002
   1.4005804509324849E-003
*****  m =    5  l =   14
   2.0963060989275949E-003
  0.11079930986956629     
  0.73878515631081920     
   2.0098318569973777     
   2.8936230066038533     
   1.9926705860257672     
 -0.41671051605563181     
  -2.0491172669717890     
  -1.1666566106297294     
   1.0448245937577907     
   1.7572134390720144     
  0.12212370389063343     
  -1.5930993649524592     
  -1.0637269307622910     
  0.92372868984469780     
   1.5798091943238006     
  -2.7643884211450656E-031
  -1.5798091943238006     
 -0.92372868984469780     
   1.0637269307622910     
   1.5930993649524592     
 -0.12212370389063343     
  -1.7572134390720144     
  -1.0448245937577907     
   1.1666566106297294     
   2.0491172669717890     
  0.41671051605563181     
  -1.9926705860257672     
  -2.8936230066038533     
  -2.0098318569973777     
 -0.73878515631081920     
 -0.11079930986956629     
  -2.0963060989275949E-003
*****  m =    5  l =   15
   3.0453373018655308E-003
  0.15640264079315858     
  0.98537234338133051     
   2.4303227114000232     
   2.9129313309473384     
   1.1084158373667596     
  -1.5092302187220406     
  -1.9133327549651098     
  0.26539634445611893     
   1.8617450873385222     
  0.61686043299674809     
  -1.4735571634119462     
  -1.1992513737105197     
  0.93113274995895401     
   1.5315055877145141     
 -0.31740862104652645     
  -1.6396284891701982     
 -0.31740862104652645     
   1.5315055877145141     
  0.93113274995895401     
  -1.1992513737105197     
  -1.4735571634119462     
  0.61686043299674809     
   1.8617450873385222     
  0.26539634445611893     
  -1.9133327549651098     
  -1.5092302187220406     
   1.1084158373667596     
   2.9129313309473384     
   2.4303227114000232     
  0.98537234338133051     
  0.15640264079315858     
   3.0453373018655308E-003
*****  m =    5  l =   16
   4.3113972085018371E-003
  0.21470093356571590     
   1.2715314418099979     
   2.8059448424533286     
   2.6590601819028734     
   2.3475333543933729E-002
  -2.1467919699424911     
 -0.97476674229248406     
   1.5387543517766373     
   1.3537858321627061     
  -1.0517704524742679     
  -1.5223953347790675     
  0.65674428962858833     
   1.5998103459238942     
 -0.31599753031985539     
  -1.6306340967337234     
   3.1691881861452147E-031
   1.6306340967337234     
  0.31599753031985539     
  -1.5998103459238942     
 -0.65674428962858833     
   1.5223953347790675     
   1.0517704524742679     
  -1.3537858321627061     
  -1.5387543517766373     
  0.97476674229248406     
   2.1467919699424911     
  -2.3475333543933729E-002
  -2.6590601819028734     
  -2.8059448424533286     
  -1.2715314418099979     
 -0.21470093356571590     
  -4.3113972085018371E-003
*****  m =    5  l =   17
   5.9678484394126924E-003
  0.28754299120349697     
   1.5919667779811320     
   3.0936701806024471     
   2.1232673302601093     
  -1.0595611642228606     
  -2.1198670771241779     
  0.37821843618323109     
   1.9303923708811637     
 -0.12245983541677627     
  -1.7865415833763918     
   2.5783121246813583E-002
   1.6952083994422844     
   3.4638505770979463E-003
  -1.6454424856122074     
  -3.8659970221244528E-003
   1.6296812073374864     
  -3.8659970221244528E-003
  -1.6454424856122074     
   3.4638505770979463E-003
   1.6952083994422844     
   2.5783121246813583E-002
  -1.7865415833763918     
 -0.12245983541677627     
   1.9303923708811637     
  0.37821843618323109     
  -2.1198670771241779     
  -1.0595611642228606     
   2.1232673302601093     
   3.0936701806024471     
   1.5919667779811320     
  0.28754299120349697     
   5.9678484394126924E-003
*****  m =    5  l =   18
   8.0981721571127558E-003
  0.37668824353942537     
   1.9380352927649898     
   3.2517923830442030     
   1.3414670798052288     
  -1.9153414253430030     
  -1.4205674585329771     
   1.5580257528968589     
   1.2077733737227585     
  -1.5025003852479795     
 -0.93667680971168432     
   1.5389840307947573     
  0.63898519789122010     
  -1.5897631007125990     
 -0.32403081008941242     
   1.6216797128246951     
  -3.5712935643068341E-031
  -1.6216797128246951     
  0.32403081008941242     
   1.5897631007125990     
 -0.63898519789122010     
  -1.5389840307947573     
  0.93667680971168432     
   1.5025003852479795     
  -1.2077733737227585     
  -1.5580257528968589     
   1.4205674585329771     
   1.9153414253430030     
  -1.3414670798052288     
  -3.2517923830442030     
  -1.9380352927649898     
 -0.37668824353942537     
  -8.0981721571127558E-003
*****  m =    5  l =   19
   1.0796368316524580E-002
  0.48372745197099148     
   2.2977907406962546     
   3.2451077038356817     
  0.39412217687906259     
  -2.3505729627633749     
 -0.26234881295938017     
   2.0360181593201023     
 -0.21592137032709455     
  -1.7781742183271818     
  0.74362982548823298     
   1.4154184178495255     
  -1.2029506022218446     
 -0.91804594618997448     
   1.5133067886274767     
  0.31851479030738611     
  -1.6228070820020879     
  0.31851479030738611     
   1.5133067886274767     
 -0.91804594618997448     
  -1.2029506022218446     
   1.4154184178495255     
  0.74362982548823298     
  -1.7781742183271818     
 -0.21592137032709455     
   2.0360181593201023     
 -0.26234881295938017     
  -2.3505729627633749     
  0.39412217687906259     
   3.2451077038356817     
   2.2977907406962546     
  0.48372745197099148     
   1.0796368316524580E-002
*****  m =    5  l =   20
   1.4167269083963773E-002
  0.60999987770415409     
   2.6562847727730441     
   3.0499927806811900     
 -0.60233051672907323     
  -2.2561155524387160     
  0.97876324053638708     
   1.5890987608200575     
  -1.5074178579875037     
 -0.74357739589693306     
   1.7523787458383517     
 -0.21283374810630554     
  -1.5466982688004765     
   1.0578136685483930     
  0.90547617166007932     
  -1.5543012828842397     
   3.9715735768766037E-031
   1.5543012828842397     
 -0.90547617166007932     
  -1.0578136685483930     
   1.5466982688004765     
  0.21283374810630554     
  -1.7523787458383517     
  0.74357739589693306     
   1.5074178579875037     
  -1.5890987608200575     
 -0.97876324053638708     
   2.2561155524387160     
  0.60233051672907323     
  -3.0499927806811900     
  -2.6562847727730441     
 -0.60999987770415409     
  -1.4167269083963773E-002
*****  m =    5  l =   21
   1.8326758068959809E-002
  0.75650971637000120     
   2.9961301459879719     
   2.6587050399096932     
  -1.5117717708942568     
  -1.6416526188915221     
   1.8858973140075701     
  0.41467475306262924     
  -1.9003055054195930     
  0.83860915779765799     
   1.1828515672670137     
  -1.6090701119857858     
   3.2818230648493825E-002
   1.5197769350583183     
  -1.1611512284710346     
 -0.61713657402222788     
   1.6178482636394802     
 -0.61713657402222788     
  -1.1611512284710346     
   1.5197769350583183     
   3.2818230648493825E-002
  -1.6090701119857858     
   1.1828515672670137     
  0.83860915779765799     
  -1.9003055054195930     
  0.41467475306262924     
   1.8858973140075701     
  -1.6416526188915221     
  -1.5117717708942568     
   2.6587050399096932     
   2.9961301459879719     
  0.75650971637000120     
   1.8326758068959809E-002
*****  m =    5  l =   22
   2.3401888722498831E-002
  0.92384480948565828     
   3.2983112696639201     
   2.0822690802066712     
  -2.2000385057076270     
 -0.64188844861107053     
   2.1453962630935766     
 -0.94870951337723874     
  -1.1564885803483951     
   1.7923609490498362     
 -0.45234756955236183     
  -1.2805329526246054     
   1.5673095713784657     
 -0.18876876031616927     
  -1.3475796949696561     
   1.4315664187568251     
  -4.3705552895005668E-031
  -1.4315664187568251     
   1.3475796949696561     
  0.18876876031616927     
  -1.5673095713784657     
   1.2805329526246054     
  0.45234756955236183     
  -1.7923609490498362     
   1.1564885803483951     
  0.94870951337723874     
  -2.1453962630935766     
  0.64188844861107053     
   2.2000385057076270     
  -2.0822690802066712     
  -3.2983112696639201     
 -0.92384480948565828     
  -2.3401888722498831E-002
*****  m =    5  l =   23
   2.9530896014929725E-002
   1.1121007536977177     
   3.5432070300711946     
   1.3514382739941042     
  -2.5582642796660315     
  0.50968427125799476     
   1.6614053169476113     
  -1.8659309739464205     
  0.28087685979640697     
   1.4039260039354735     
  -1.6744084926026719     
  0.42009972278911129     
   1.1434486604173353     
  -1.6236521272317603     
  0.64382252649353722     
  0.89030695988385444     
  -1.6141487824649159     
  0.89030695988385444     
  0.64382252649353722     
  -1.6236521272317603     
   1.1434486604173353     
  0.42009972278911129     
  -1.6744084926026719     
   1.4039260039354735     
  0.28087685979640697     
  -1.8659309739464205     
   1.6614053169476113     
  0.50968427125799476     
  -2.5582642796660315     
   1.3514382739941042     
   3.5432070300711946     
   1.1121007536977177     
   2.9530896014929725E-002
*****  m =    5  l =   24
   3.6863096313393857E-002
   1.3208135352429520     
   3.7117718771895700     
  0.51542398233897768     
  -2.5236364481407940     
   1.5346614168480111     
  0.59711696677757786     
  -1.9036882363900878     
   1.5456495642730341     
  -3.7248555704642000E-002
  -1.3744580297706375     
   1.6660509451477170     
 -0.70778807702844604     
 -0.73311379381159902     
   1.5902868718912957     
  -1.2582815645055114     
   4.7685784627114070E-031
   1.2582815645055114     
  -1.5902868718912957     
  0.73311379381159902     
  0.70778807702844604     
  -1.6660509451477170     
   1.3744580297706375     
   3.7248555704642000E-002
  -1.5456495642730341     
   1.9036882363900878     
 -0.59711696677757786     
  -1.5346614168480111     
   2.5236364481407940     
 -0.51542398233897768     
  -3.7117718771895700     
  -1.3208135352429520     
  -3.6863096313393857E-002
*****  m =    5  l =   25
   4.5558671228190059E-002
   1.5489037159747785     
   3.7868050247028995     
 -0.36165667005537744     
  -2.0934511958887208     
   2.1784870359800927     
 -0.67608402325750583     
  -1.0404199478151313     
   1.8700806838834672     
  -1.4478489552848188     
  0.17528702015713943     
   1.1169880467919175     
  -1.6706085496881720     
   1.2054511500615299     
  -3.7600775252543510E-002
  -1.1291820293466182     
   1.6113129451097672     
  -1.1291820293466182     
  -3.7600775252543510E-002
   1.2054511500615299     
  -1.6706085496881720     
   1.1169880467919175     
  0.17528702015713943     
  -1.4478489552848188     
   1.8700806838834672     
  -1.0404199478151313     
 -0.67608402325750583     
   2.1784870359800927     
  -2.0934511958887208     
 -0.36165667005537744     
   3.7868050247028995     
   1.5489037159747785     
   4.5558671228190059E-002
*****  m =    5  l =   26
   5.5788332085412201E-002
   1.7946349884307065     
   3.7542256730630417     
  -1.2063799976617360     
  -1.3293401902872364     
   2.2764474542499191     
  -1.7067846637695288     
  0.31658372611517827     
   1.0545556712227040     
  -1.7631641964797973     
   1.5628376060657929     
 -0.63503213399450720     
 -0.54038069379423881     
   1.4138676646327442     
  -1.6021017477345190     
   1.0408923845574729     
  -5.1658726639306355E-031
  -1.0408923845574729     
   1.6021017477345190     
  -1.4138676646327442     
  0.54038069379423881     
  0.63503213399450720     
  -1.5628376060657929     
   1.7631641964797973     
  -1.0545556712227040     
 -0.31658372611517827     
   1.7067846637695288     
  -2.2764474542499191     
   1.3293401902872364     
   1.2063799976617360     
  -3.7542256730630417     
  -1.7946349884307065     
  -5.5788332085412201E-002
*****  m =    5  l =   27
   6.7732862604487618E-002
   2.0555896040340969     
   3.6042655283996878     
  -1.9431543378853207     
 -0.35021404902090214     
   1.7990207778146694     
  -2.1246950583658597     
   1.5203513452214861     
 -0.40459569573915183     
 -0.74356333599579694     
   1.5212115834577318     
  -1.6993261527205505     
   1.2654788981235858     
 -0.40510330043950799     
 -0.57025083304496293     
   1.3259406319876927     
  -1.6090899324001253     
   1.3259406319876927     
 -0.57025083304496293     
 -0.40510330043950799     
   1.2654788981235858     
  -1.6993261527205505     
   1.5212115834577318     
 -0.74356333599579694     
 -0.40459569573915183     
   1.5203513452214861     
  -2.1246950583658597     
   1.7990207778146694     
 -0.35021404902090214     
  -1.9431543378853207     
   3.6042655283996878     
   2.0555896040340969     
   6.7732862604487618E-002
*****  m =    5  l =   28
   8.1582538308507688E-002
   2.3286627673602247     
   3.3324893245953988     
  -2.5021635107469571     
  0.68547357271924858     
  0.86344012761362299     
  -1.7764209301195311     
   1.9926598861889897     
  -1.6138310251775307     
  0.83880796191491447     
   8.8130890811882329E-002
 -0.92626829212725970     
   1.4819004834501124     
  -1.6406852958126608     
   1.3840557359983952     
 -0.78729642152580803     
   5.5625989342038315E-031
  0.78729642152580803     
  -1.3840557359983952     
   1.6406852958126608     
  -1.4819004834501124     
  0.92626829212725970     
  -8.8130890811882329E-002
 -0.83880796191491447     
   1.6138310251775307     
  -1.9926598861889897     
   1.7764209301195311     
 -0.86344012761362299     
 -0.68547357271924858     
   2.5021635107469571     
  -3.3324893245953988     
  -2.3286627673602247     
  -8.1582538308507688E-002
*****  m =    5  l =   29
   9.7536422166755343E-002
   2.6100775904863363     
   2.9405599155568418     
  -2.8272316596395832     
   1.6054761165134783     
 -0.29305306070241094     
 -0.78492891273402310     
   1.5041035201641675     
  -1.8293719445029508     
   1.7819047338457052     
  -1.4241014478910676     
  0.84778248391629984     
 -0.16198275244937771     
 -0.51999366584192630     
   1.0934744837010659     
  -1.4741273479772024     
   1.6073142210638363     
  -1.4741273479772024     
   1.0934744837010659     
 -0.51999366584192630     
 -0.16198275244937771     
  0.84778248391629984     
  -1.4241014478910676     
   1.7819047338457052     
  -1.8293719445029508     
   1.5041035201641675     
 -0.78492891273402310     
 -0.29305306070241094     
   1.6054761165134783     
  -2.8272316596395832     
   2.9405599155568418     
   2.6100775904863363     
   9.7536422166755343E-002
*****  m =    5  l =   30
  0.11580153695661061     
   2.8954216278836822     
   2.4366766888898943     
  -2.8826781524981415     
   2.2531934369480275     
  -1.3725300954700919     
  0.49132287800056923     
  0.28871178705267753     
 -0.91708440607414565     
   1.3673556324679939     
  -1.6285820926423153     
   1.7022494581169174     
  -1.6007770651431972     
   1.3462914826048560     
 -0.96922187022151962     
  0.50658954017853131     
  -5.9588737620656565E-031
 -0.50658954017853131     
  0.96922187022151962     
  -1.3462914826048560     
   1.6007770651431972     
  -1.7022494581169174     
   1.6285820926423153     
  -1.3673556324679939     
  0.91708440607414565     
 -0.28871178705267753     
 -0.49132287800056923     
   1.3725300954700919     
  -2.2531934369480275     
   2.8826781524981415     
  -2.4366766888898943     
  -2.8954216278836822     
 -0.11580153695661061     
*****  m =    5  l =   31
  0.13659191582984578     
   3.1797053799079227     
   1.8356339972059752     
  -2.6582960004313447     
   2.5155609774350109     
  -2.0934343294626667     
   1.5868021378383224     
  -1.0656189173039061     
  0.56089593430421480     
  -8.9550203272062021E-002
 -0.33733386391477965     
  0.71150636418576507     
  -1.0264227918542554     
   1.2768310277546244     
  -1.4586429777506245     
   1.5689165012085098     
  -1.6058728596332907     
   1.5689165012085098     
  -1.4586429777506245     
   1.2768310277546244     
  -1.0264227918542554     
  0.71150636418576507     
 -0.33733386391477965     
  -8.9550203272062021E-002
  0.56089593430421480     
  -1.0656189173039061     
   1.5868021378383224     
  -2.0934343294626667     
   2.5155609774350109     
  -2.6582960004313447     
   1.8356339972059752     
   3.1797053799079227     
  0.13659191582984578     
*****  m =    5  l =   32
  0.16012753356983414     
   3.4574424797959020     
   1.1584690071439709     
  -2.1717623021991512     
   2.3441937953716145     
  -2.2651868379226032     
   2.0990151732092803     
  -1.9006096212692773     
   1.6905159719626519     
  -1.4768847390757125     
   1.2629672586123140     
  -1.0499616390475364     
  0.83817952780498539     
 -0.62754970744831451     
  0.41784127617437705     
 -0.20876209663793061     
   6.3547835932464028E-031
  0.20876209663793061     
 -0.41784127617437705     
  0.62754970744831451     
 -0.83817952780498539     
   1.0499616390475364     
  -1.2629672586123140     
   1.4768847390757125     
  -1.6905159719626519     
   1.9006096212692773     
  -2.0990151732092803     
   2.2651868379226032     
  -2.3441937953716145     
   2.1717623021991512     
  -1.1584690071439709     
  -3.4574424797959020     
 -0.16012753356983414     
*****  m =    6  l =    6
   3.2964031788409103E-007
   4.7167898395340987E-005
   6.7290436501387253E-004
   4.0660410463592127E-003
   1.5540008726418596E-002
   4.4469582063930008E-002
  0.10392676549671391     
  0.20862546421228867     
  0.37135742148117207     
  0.59868775303313326     
  0.88708018137137645     
   1.2206921792393748     
   1.5717690431852336     
   1.9039409589001770     
   2.1779562024172003     
   2.3586865775862988     
   2.4218245962496949     
   2.3586865775862988     
   2.1779562024172003     
   1.9039409589001770     
   1.5717690431852336     
   1.2206921792393748     
  0.88708018137137645     
  0.59868775303313326     
  0.37135742148117207     
  0.20862546421228867     
  0.10392676549671391     
   4.4469582063930008E-002
   1.5540008726418596E-002
   4.0660410463592127E-003
   6.7290436501387253E-004
   4.7167898395340987E-005
   3.2964031788409103E-007
*****  m =    6  l =    7
   1.2734035905375494E-006
   1.8020621046013166E-004
   2.5196830116616031E-003
   1.4782286061574303E-002
   5.4307012932773284E-002
  0.14777496022041434     
  0.32448569486424306     
  0.60376444433213472     
  0.98050856470986369     
   1.4149736243723214     
   1.8325393031041757     
   2.1362205810171240     
   2.2300665397737589     
   2.0470705011532644     
   1.5726505549824992     
  0.85533419021638779     
  -1.1561356012430713E-031
 -0.85533419021638779     
  -1.5726505549824992     
  -2.0470705011532644     
  -2.2300665397737589     
  -2.1362205810171240     
  -1.8325393031041757     
  -1.4149736243723214     
 -0.98050856470986369     
 -0.60376444433213472     
 -0.32448569486424306     
 -0.14777496022041434     
  -5.4307012932773284E-002
  -1.4782286061574303E-002
  -2.5196830116616031E-003
  -1.8020621046013166E-004
  -1.2734035905375494E-006
*****  m =    6  l =    8
   3.5761325800021591E-006
   4.9970840555608618E-004
   6.8273117797167451E-003
   3.8706966044167686E-002
  0.13577015699328449     
  0.34798405793904191     
  0.70844277049159288     
   1.1989264005631268     
   1.7278738902057436     
   2.1393103421922448     
   2.2585695497517304     
   1.9617838702320975     
   1.2407156170927249     
  0.23143526742587514     
 -0.81221790771319602     
  -1.5961903454803743     
  -1.8870705223308424     
  -1.5961903454803743     
 -0.81221790771319602     
  0.23143526742587514     
   1.2407156170927249     
   1.9617838702320975     
   2.2585695497517304     
   2.1393103421922448     
   1.7278738902057436     
   1.1989264005631268     
  0.70844277049159288     
  0.34798405793904191     
  0.13577015699328449     
   3.8706966044167686E-002
   6.8273117797167451E-003
   4.9970840555608618E-004
   3.5761325800021591E-006
*****  m =    6  l =    9
   8.4257785202194534E-006
   1.1606716829388691E-003
   1.5447537877463979E-002
   8.4220437386574476E-002
  0.28000242348773224     
  0.66872872328925037     
   1.2420377628428914     
   1.8641623873928590     
   2.2854085634272021     
   2.2414268617574034     
   1.6006657276257588     
  0.47838574576326348     
 -0.76207278296646830     
  -1.6452116155542083     
  -1.8018631383132135     
  -1.1597512386409872     
   1.6495564676855341E-031
   1.1597512386409872     
   1.8018631383132135     
   1.6452116155542083     
  0.76207278296646830     
 -0.47838574576326348     
  -1.6006657276257588     
  -2.2414268617574034     
  -2.2854085634272021     
  -1.8641623873928590     
  -1.2420377628428914     
 -0.66872872328925037     
 -0.28000242348773224     
  -8.4220437386574476E-002
  -1.5447537877463979E-002
  -1.1606716829388691E-003
  -8.4257785202194534E-006
*****  m =    6  l =   10
   1.7651075100621781E-005
   2.3930851259897513E-003
   3.0928039825618044E-002
  0.16132222647745240     
  0.50430360172899102     
   1.1083347309564737     
   1.8398325678435918     
   2.3606795320623566     
   2.2798933746115093     
   1.4214859992063402     
   2.6860865670782972E-002
  -1.2886011087870841     
  -1.8533784355182576     
  -1.3560766067603967     
  -8.1832893124756154E-002
   1.2164675760919161     
   1.7586911866332320     
   1.2164675760919161     
  -8.1832893124756154E-002
  -1.3560766067603967     
  -1.8533784355182576     
  -1.2886011087870841     
   2.6860865670782972E-002
   1.4214859992063402     
   2.2798933746115093     
   2.3606795320623566     
   1.8398325678435918     
   1.1083347309564737     
  0.50430360172899102     
  0.16132222647745240     
   3.0928039825618044E-002
   2.3930851259897513E-003
   1.7651075100621781E-005
*****  m =    6  l =   11
   3.3923616490239223E-005
   4.5192020520542246E-003
   5.6531512026151295E-002
  0.28057410286136425     
  0.81739513096819449     
   1.6284367824086441     
   2.3498391933413130     
   2.4251817389605472     
   1.5231516486165804     
  -7.2091392847078897E-002
  -1.4940050972435999     
  -1.8446754877006450     
 -0.89094405420586531     
  0.67329448804960179     
   1.6838727448601158     
   1.3787255766861768     
  -2.0915766284436385E-031
  -1.3787255766861768     
  -1.6838727448601158     
 -0.67329448804960179     
  0.89094405420586531     
   1.8446754877006450     
   1.4940050972435999     
   7.2091392847078897E-002
  -1.5231516486165804     
  -2.4251817389605472     
  -2.3498391933413130     
  -1.6284367824086441     
 -0.81739513096819449     
 -0.28057410286136425     
  -5.6531512026151295E-002
  -4.5192020520542246E-003
  -3.3923616490239223E-005
*****  m =    6  l =   12
   6.0988062499441779E-005
   7.9699389585721689E-003
   9.6175777244335639E-002
  0.45155279108848739     
   1.2136717124363186     
   2.1511014252972749     
   2.5901325741991359     
   1.8963462143369942     
  0.18910774096824140     
  -1.4774530309560043     
  -1.8647343129306848     
 -0.67593672932437510     
   1.0408926760972190     
   1.7439109861220694     
  0.80359493716425545     
 -0.87962814228748665     
  -1.7023448031992501     
 -0.87962814228748665     
  0.80359493716425545     
   1.7439109861220694     
   1.0408926760972190     
 -0.67593672932437510     
  -1.8647343129306848     
  -1.4774530309560043     
  0.18910774096824140     
   1.8963462143369942     
   2.5901325741991359     
   2.1511014252972749     
   1.2136717124363186     
  0.45155279108848739     
   9.6175777244335639E-002
   7.9699389585721689E-003
   6.0988062499441779E-005
*****  m =    6  l =   13
   1.0391994986806674E-004
   1.3299327636427247E-002
  0.15428378737059950     
  0.68096444498532471     
   1.6690365966011531     
   2.5680299814455751     
   2.4097778033488506     
  0.82444223733629107     
  -1.1966888935265776     
  -1.9607642478833656     
 -0.78205437638985664     
   1.1129824886225854     
   1.7289143447791400     
  0.43327786988917655     
  -1.3065225034286496     
  -1.5316572841127654     
   2.5148129445148582E-031
   1.5316572841127654     
   1.3065225034286496     
 -0.43327786988917655     
  -1.7289143447791400     
  -1.1129824886225854     
  0.78205437638985664     
   1.9607642478833656     
   1.1966888935265776     
 -0.82444223733629107     
  -2.4097778033488506     
  -2.5680299814455751     
  -1.6690365966011531     
 -0.68096444498532471     
 -0.15428378737059950     
  -1.3299327636427247E-002
  -1.0391994986806674E-004
*****  m =    6  l =   14
   1.6940984521115351E-004
   2.1195876063477601E-002
  0.23553938722310261     
  0.97065771949266932     
   2.1397658241986424     
   2.7620095287357946     
   1.7541321229914457     
 -0.49932927649555342     
  -1.9904414984598480     
  -1.1961642988966243     
  0.90830935981461769     
   1.7762533770774369     
  0.37901066483377482     
  -1.4463694519038459     
  -1.3279590789858184     
  0.54651108830895168     
   1.6716384542099634     
  0.54651108830895168     
  -1.3279590789858184     
  -1.4463694519038459     
  0.37901066483377482     
   1.7762533770774369     
  0.90830935981461769     
  -1.1961642988966243     
  -1.9904414984598480     
 -0.49932927649555342     
   1.7541321229914457     
   2.7620095287357946     
   2.1397658241986424     
  0.97065771949266932     
  0.23553938722310261     
   2.1195876063477601E-002
   1.6940984521115351E-004
*****  m =    6  l =   15
   2.6607209388059526E-004
   3.2489710597267525E-002
  0.34455356635608575     
   1.3158340342134223     
   2.5654081747368109     
   2.6367283547318712     
  0.70836409291106617     
  -1.6265577716444792     
  -1.7796543688633448     
  0.34109950601216310     
   1.8276600281314621     
  0.65316649081968492     
  -1.4016982659510286     
  -1.3028770822972140     
  0.74811444030682883     
   1.6216451324273982     
  -2.9287045554091634E-031
  -1.6216451324273982     
 -0.74811444030682883     
   1.3028770822972140     
   1.4016982659510286     
 -0.65316649081968492     
  -1.8276600281314621     
 -0.34109950601216310     
   1.7796543688633448     
   1.6265577716444792     
 -0.70836409291106617     
  -2.6367283547318712     
  -2.5654081747368109     
  -1.3158340342134223     
 -0.34455356635608575     
  -3.2489710597267525E-002
  -2.6607209388059526E-004
*****  m =    6  l =   16
   4.0477598294488517E-004
   4.8154446200905504E-002
  0.48545541706130746     
   1.7037764992362008     
   2.8759755249729482     
   2.1475939492261777     
 -0.50294424690713946     
  -2.1271990134069783     
 -0.64822083313912637     
   1.6315420088616996     
   1.2040920802350519     
  -1.1198130222519269     
  -1.4820369534985425     
  0.65012393103267963     
   1.6137606793195096     
 -0.21293390033130771     
  -1.6527984074788602     
 -0.21293390033130771     
   1.6137606793195096     
  0.65012393103267963     
  -1.4820369534985425     
  -1.1198130222519269     
   1.2040920802350519     
   1.6315420088616996     
 -0.64822083313912637     
  -2.1271990134069783     
 -0.50294424690713946     
   2.1475939492261777     
   2.8759755249729482     
   1.7037764992362008     
  0.48545541706130746     
   4.8154446200905504E-002
   4.0477598294488517E-004
*****  m =    6  l =   17
   5.9899672505838591E-004
   6.9302858844998566E-002
  0.66143127848751160     
   2.1133945768717317     
   3.0027470434278549     
   1.3245073099849478     
  -1.5681861769682421     
  -1.7845402564159643     
  0.81914833959327171     
   1.7893371016999520     
 -0.43866541505206397     
  -1.7282962178462140     
  0.22882033042492692     
   1.6765657940681584     
  -9.8416392194095925E-002
  -1.6493921610896547     
   3.3371648315849224E-031
   1.6493921610896547     
   9.8416392194095925E-002
  -1.6765657940681584     
 -0.22882033042492692     
   1.7282962178462140     
  0.43866541505206397     
  -1.7893371016999520     
 -0.81914833959327171     
   1.7845402564159643     
   1.5681861769682421     
  -1.3245073099849478     
  -3.0027470434278549     
  -2.1133945768717317     
 -0.66143127848751160     
  -6.9302858844998566E-002
  -5.9899672505838591E-004
*****  m =    6  l =   18
   8.6518328171986169E-004
   9.7175611483310068E-002
  0.87424371272642787     
   2.5158082664216712     
   2.8910918876428786     
  0.27844711234407482     
  -2.1816190149556713     
 -0.71647532446432749     
   1.8274978580524710     
  0.69621680097041150     
  -1.6911535614692068     
 -0.54460831150378297     
   1.6485980175700701     
  0.34173054899955269     
  -1.6404825194022004     
 -0.11615240943224291     
   1.6403170326386582     
 -0.11615240943224291     
  -1.6404825194022004     
  0.34173054899955269     
   1.6485980175700701     
 -0.54460831150378297     
  -1.6911535614692068     
  0.69621680097041150     
   1.8274978580524710     
 -0.71647532446432749     
  -2.1816190149556713     
  0.27844711234407482     
   2.8910918876428786     
   2.5158082664216712     
  0.87424371272642787     
   9.7175611483310068E-002
   8.6518328171986169E-004
*****  m =    6  l =   19
   1.2231396809941539E-003
  0.13312250726399155     
   1.1237682116323864     
   2.8760790659136952     
   2.5130183565997135     
 -0.81274024276587009     
  -2.1475954629984848     
  0.64518841737119348     
   1.8112145838577884     
 -0.88281664474387844     
  -1.4648257816310535     
   1.1988728610321453     
   1.0452160728995434     
  -1.4660958041220815     
 -0.54667098704169259     
   1.6160757173979663     
  -3.7421515887033979E-031
  -1.6160757173979663     
  0.54667098704169259     
   1.4660958041220815     
  -1.0452160728995434     
  -1.1988728610321453     
   1.4648257816310535     
  0.88281664474387844     
  -1.8112145838577884     
 -0.64518841737119348     
   2.1475954629984848     
  0.81274024276587009     
  -2.5130183565997135     
  -2.8760790659136952     
  -1.1237682116323864     
 -0.13312250726399155     
  -1.2231396809941539E-003
*****  m =    6  l =   20
   1.6964161485595625E-003
  0.17857600435309681     
   1.4075891677769876     
   3.1560477380258463     
   1.8768643226131148     
  -1.7385277162611319     
  -1.4586726918573494     
   1.7231111717358778     
  0.77018726764775414     
  -1.8216471685667024     
   4.4564753407889852E-002
   1.6770886365827296     
 -0.83728911689126484     
  -1.1929518709690030     
   1.4181325550442443     
  0.43267718447019959     
  -1.6315855467857989     
  0.43267718447019959     
   1.4181325550442443     
  -1.1929518709690030     
 -0.83728911689126484     
   1.6770886365827296     
   4.4564753407889852E-002
  -1.8216471685667024     
  0.77018726764775414     
   1.7231111717358778     
  -1.4586726918573494     
  -1.7385277162611319     
   1.8768643226131148     
   3.1560477380258463     
   1.4075891677769876     
  0.17857600435309681     
   1.6964161485595625E-003
*****  m =    6  l =   21
   2.3127060644477131E-003
  0.23501701773987660     
   1.7206971285122201     
   3.3180791135574839     
   1.0317649784126954     
  -2.3031825843943348     
 -0.31560843655772625     
   2.0441131724521773     
 -0.70750648290376184     
  -1.4405331659308318     
   1.5077744695581978     
  0.38762870520747306     
  -1.6804408428980873     
  0.76848032118660392     
   1.0958271395394887     
  -1.5242190157622038     
   4.1447669872368916E-031
   1.5242190157622038     
  -1.0958271395394887     
 -0.76848032118660392     
   1.6804408428980873     
 -0.38762870520747306     
  -1.5077744695581978     
   1.4405331659308318     
  0.70750648290376184     
  -2.0441131724521773     
  0.31560843655772625     
   2.3031825843943348     
  -1.0317649784126954     
  -3.3180791135574839     
  -1.7206971285122201     
 -0.23501701773987660     
  -2.3127060644477131E-003
*****  m =    6  l =   22
   3.1042444835235380E-003
  0.30393334509915909     
   2.0553263842891072     
   3.3293632989175648     
   6.5279116308925300E-002
  -2.3752275912839691     
  0.92420646191935751     
   1.4580046507684021     
  -1.7695937298328215     
  -1.2409462552260575E-002
   1.6270177459696722     
  -1.3065389232203466     
 -0.44538188034252818     
   1.6316707181529388     
 -0.98800051163706271     
 -0.72758804855789228     
   1.6252219628770432     
 -0.72758804855789228     
 -0.98800051163706271     
   1.6316707181529388     
 -0.44538188034252818     
  -1.3065389232203466     
   1.6270177459696722     
  -1.2409462552260575E-002
  -1.7695937298328215     
   1.4580046507684021     
  0.92420646191935751     
  -2.3752275912839691     
   6.5279116308925300E-002
   3.3293632989175648     
   2.0553263842891072     
  0.30393334509915909     
   3.1042444835235380E-003
*****  m =    6  l =   23
   4.1082037179546440E-003
  0.38677137553550239     
   2.4009654795019575     
   3.1663027657344518     
 -0.90627769441957418     
  -1.9257326423161196     
   1.8577458010904071     
  0.21934424562051485     
  -1.7936116494212098     
   1.4199812225505595     
  0.29481918050319417     
  -1.6090992537012787     
   1.3368171325372380     
  0.17232142022079222     
  -1.4736528269502869     
   1.3779661042046334     
  -4.5456843367912654E-031
  -1.3779661042046334     
   1.4736528269502869     
 -0.17232142022079222     
  -1.3368171325372380     
   1.6090992537012787     
 -0.29481918050319417     
  -1.4199812225505595     
   1.7936116494212098     
 -0.21934424562051485     
  -1.8577458010904071     
   1.9257326423161196     
  0.90627769441957418     
  -3.1663027657344518     
  -2.4009654795019575     
 -0.38677137553550239     
  -4.1082037179546440E-003
*****  m =    6  l =   24
   5.3670812768227211E-003
  0.48488206038817500     
   2.7445635142808835     
   2.8184454458839374     
  -1.7538563783484247     
  -1.0440012284858624     
   2.1713671705761599     
  -1.1152299355588977     
 -0.76079972721140343     
   1.8018866107691842     
  -1.2974722779580505     
 -0.19881762366473779     
   1.4554289486441458     
  -1.5280703386547216     
  0.41769776503816547     
  0.99188966760922836     
  -1.6204328751050145     
  0.99188966760922836     
  0.41769776503816547     
  -1.5280703386547216     
   1.4554289486441458     
 -0.19881762366473779     
  -1.2974722779580505     
   1.8018866107691842     
 -0.76079972721140343     
  -1.1152299355588977     
   2.1713671705761599     
  -1.0440012284858624     
  -1.7538563783484247     
   2.8184454458839374     
   2.7445635142808835     
  0.48488206038817500     
   5.3670812768227211E-003
*****  m =    6  l =   25
   6.9290752936187975E-003
  0.59946243239787889     
   3.0709426424951864     
   2.2914193056193159     
  -2.3557728566764853     
   7.5657684354394919E-002
   1.7526894872085113     
  -1.9352796733046129     
  0.72063310325232022     
  0.84862365531391426     
  -1.7195604677887666     
   1.4198940180483548     
 -0.23511310356502857     
  -1.0456566154348894     
   1.6302493860616318     
  -1.1831051795179288     
   4.9453405141633690E-031
   1.1831051795179288     
  -1.6302493860616318     
   1.0456566154348894     
  0.23511310356502857     
  -1.4198940180483548     
   1.7195604677887666     
 -0.84862365531391426     
 -0.72063310325232022     
   1.9352796733046129     
  -1.7526894872085113     
  -7.5657684354394919E-002
   2.3557728566764853     
  -2.2914193056193159     
  -3.0709426424951864     
 -0.59946243239787889     
  -6.9290752936187975E-003
*****  m =    6  l =   26
   8.8484424483995135E-003
  0.73149424158179110     
   3.3634127282067317     
   1.6083904014737493     
  -2.6185779076835280     
   1.1750251008823660     
  0.73734790464346378     
  -1.8591962813538891     
   1.7686900070333185     
 -0.73350687159339401     
 -0.59041953693367777     
   1.5168733227844768     
  -1.6291149940786791     
  0.92802007662409791     
  0.20788811307599403     
  -1.2172801631078716     
   1.6167341081223654     
  -1.2172801631078716     
  0.20788811307599403     
  0.92802007662409791     
  -1.6291149940786791     
   1.5168733227844768     
 -0.59041953693367777     
 -0.73350687159339401     
   1.7686900070333185     
  -1.8591962813538891     
  0.73734790464346378     
   1.1750251008823660     
  -2.6185779076835280     
   1.6083904014737493     
   3.3634127282067317     
  0.73149424158179110     
   8.8484424483995135E-003
*****  m =    6  l =   27
   1.1185833309377724E-002
  0.88168152168567648     
   3.6045686669592141     
  0.80970150492385806     
  -2.4949283708123047     
   1.9922167264962305     
 -0.53001685873592119     
 -0.91790212566718588     
   1.7537916305041423     
  -1.7649400190229083     
   1.0701887922617477     
  -1.1306853649771556E-002
 -0.98938118827970012     
   1.5719158597735563     
  -1.5474566643819614     
  0.94695307545442753     
  -5.3440324618932086E-031
 -0.94695307545442753     
   1.5474566643819614     
  -1.5719158597735563     
  0.98938118827970012     
   1.1306853649771556E-002
  -1.0701887922617477     
   1.7649400190229083     
  -1.7537916305041423     
  0.91790212566718588     
  0.53001685873592119     
  -1.9922167264962305     
   2.4949283708123047     
 -0.80970150492385806     
  -3.6045686669592141     
 -0.88168152168567648     
  -1.1185833309377724E-002
*****  m =    6  l =   28
   1.4008599979927844E-002
   1.0503890994289324     
   3.7772355163863267     
  -4.9459944677626606E-002
  -1.9949196076012132     
   2.3265213490775913     
  -1.6107592471718786     
  0.45167252894360022     
  0.68221087738016473     
  -1.4727749549275941     
   1.7579733170440850     
  -1.5245944263500206     
  0.88415504847848259     
  -3.2975658068528126E-002
 -0.79815429925160275     
   1.3965993737098668     
  -1.6138156105116714     
   1.3965993737098668     
 -0.79815429925160275     
  -3.2975658068528126E-002
  0.88415504847848259     
  -1.5245944263500206     
   1.7579733170440850     
  -1.4727749549275941     
  0.68221087738016473     
  0.45167252894360022     
  -1.6107592471718786     
   2.3265213490775913     
  -1.9949196076012132     
  -4.9459944677626606E-002
   3.7772355163863267     
   1.0503890994289324     
   1.4008599979927844E-002
*****  m =    6  l =   29
   1.7391070942374496E-002
   1.2375842004577626     
   3.8655124819258426     
 -0.90328785575746140     
  -1.1882745152631826     
   2.0910458300881971     
  -2.1249480706579833     
   1.6062512713750630     
 -0.80035717885550217     
  -7.4891639306570279E-002
  0.84810149754501463     
  -1.3967486060814718     
   1.6498117042140612     
  -1.5880861220754463     
   1.2408042506397878     
 -0.67814823436881033     
   5.7419696135987768E-031
  0.67814823436881033     
  -1.2408042506397878     
   1.5880861220754463     
  -1.6498117042140612     
   1.3967486060814718     
 -0.84810149754501463     
   7.4891639306570279E-002
  0.80035717885550217     
  -1.6062512713750630     
   2.1249480706579833     
  -2.0910458300881971     
   1.1882745152631826     
  0.90328785575746140     
  -3.8655124819258426     
  -1.2375842004577626     
  -1.7391070942374496E-002
*****  m =    6  l =   30
   2.1414788040179912E-002
   1.4427833830335604     
   3.8558551143002942     
  -1.6811630553594537     
 -0.19629392286061778     
   1.3386179985706625     
  -1.8878504031143333     
   1.9986229113806906     
  -1.7948256712086332     
   1.3773592128558532     
 -0.83215353200135334     
  0.23428819025792144     
  0.35066571676264063     
 -0.86686356574567880     
   1.2691390056347094     
  -1.5241624049141853     
   1.6114709122487660     
  -1.5241624049141853     
   1.2691390056347094     
 -0.86686356574567880     
  0.35066571676264063     
  0.23428819025792144     
 -0.83215353200135334     
   1.3773592128558532     
  -1.7948256712086332     
   1.9986229113806906     
  -1.8878504031143333     
   1.3386179985706625     
 -0.19629392286061778     
  -1.6811630553594537     
   3.8558551143002942     
   1.4427833830335604     
   2.1414788040179912E-002
*****  m =    6  l =   31
   2.6168700635625385E-002
   1.6650070369147862     
   3.7381268319638208     
  -2.3145061166745640     
  0.82569758351894273     
  0.25275881121352339     
 -0.97992787210493382     
   1.4398904375729453     
  -1.6947139194237424     
   1.7880164134888998     
  -1.7517062915197552     
   1.6106964181970393     
  -1.3858057522008522     
   1.0954931473871117     
 -0.75688455503457652     
  0.38637807057343732     
  -6.1393042126819936E-031
 -0.38637807057343732     
  0.75688455503457652     
  -1.0954931473871117     
   1.3858057522008522     
  -1.6106964181970393     
   1.7517062915197552     
  -1.7880164134888998     
   1.6947139194237424     
  -1.4398904375729453     
  0.97992787210493382     
 -0.25275881121352339     
 -0.82569758351894273     
   2.3145061166745640     
  -3.7381268319638208     
  -1.6650070369147862     
  -2.6168700635625385E-002
*****  m =    6  l =   32
   3.1749312120859290E-002
   1.9027436166558465     
   3.5065469268061120     
  -2.7439760913371942     
   1.7128616143173880     
 -0.89551244185700196     
  0.27731663123376682     
  0.19419542356755112     
 -0.55941980904943145     
  0.84565307724130467     
  -1.0710272204974169     
   1.2476769485478452     
  -1.3838061392268197     
   1.4849787800947387     
  -1.5549191885120468     
   1.5960044990955056     
  -1.6095579800431747     
   1.5960044990955056     
  -1.5549191885120468     
   1.4849787800947387     
  -1.3838061392268197     
   1.2476769485478452     
  -1.0710272204974169     
  0.84565307724130467     
 -0.55941980904943145     
  0.19419542356755112     
  0.27731663123376682     
 -0.89551244185700196     
   1.7128616143173880     
  -2.7439760913371942     
   3.5065469268061120     
   1.9027436166558465     
   3.1749312120859290E-002
*****  m =    7  l =    7
   2.4472117117455432E-008
   8.0083942437959465E-006
   1.7792490140601419E-004
   1.4509692734256483E-003
   6.9340073683316584E-003
   2.3642753444258629E-002
   6.3651182587826663E-002
  0.14351138842992886     
  0.28122156641894824     
  0.49093606121430244     
  0.77669025014142912     
   1.1271931820766594     
   1.5138331693540852     
   1.8933034242518709     
   2.2148713043332875     
   2.4307470778744640     
   2.5068266169601761     
   2.4307470778744640     
   2.2148713043332875     
   1.8933034242518709     
   1.5138331693540852     
   1.1271931820766594     
  0.77669025014142912     
  0.49093606121430244     
  0.28122156641894824     
  0.14351138842992886     
   6.3651182587826663E-002
   2.3642753444258629E-002
   6.9340073683316584E-003
   1.4509692734256483E-003
   1.7792490140601419E-004
   8.0083942437959465E-006
   2.4472117117455432E-008
*****  m =    7  l =    8
   1.0064127251320226E-007
   3.2572230815665049E-005
   7.0926434356972522E-004
   5.6157386841307758E-003
   2.5796915876440406E-002
   8.3640127787353594E-002
  0.21156969136782522     
  0.44214570954925575     
  0.79047244969406283     
   1.2352411057394481     
   1.7081149975776160     
   2.0999894704723410     
   2.2865775678624973     
   2.1670971188812196     
   1.7025913323548945     
  0.93839179168243891     
  -1.2739993828170800E-031
 -0.93839179168243891     
  -1.7025913323548945     
  -2.1670971188812196     
  -2.2865775678624973     
  -2.0999894704723410     
  -1.7081149975776160     
  -1.2352411057394481     
 -0.79047244969406283     
 -0.44214570954925575     
 -0.21156969136782522     
  -8.3640127787353594E-002
  -2.5796915876440406E-002
  -5.6157386841307758E-003
  -7.0926434356972522E-004
  -3.2572230815665049E-005
  -1.0064127251320226E-007
*****  m =    7  l =    9
   3.0006351972189374E-007
   9.5911635769348405E-005
   2.0415188833210860E-003
   1.5629738086565308E-002
   6.8609527183875404E-002
  0.20978113532991782     
  0.49283236849801110     
  0.93907131500228391     
   1.4953945210310273     
   2.0165695610757584     
   2.2961173813815563     
   2.1460948351108038     
   1.4948244632643324     
  0.45245345657992231     
 -0.69817702757689648     
  -1.5938710387519532     
  -1.9316396375755818     
  -1.5938710387519532     
 -0.69817702757689648     
  0.45245345657992231     
   1.4948244632643324     
   2.1460948351108038     
   2.2961173813815563     
   2.0165695610757584     
   1.4953945210310273     
  0.93907131500228391     
  0.49283236849801110     
  0.20978113532991782     
   6.8609527183875404E-002
   1.5629738086565308E-002
   2.0415188833210860E-003
   9.5911635769348405E-005
   3.0006351972189374E-007
*****  m =    7  l =   10
   7.4852984336456759E-007
   2.3596054646099479E-004
   4.8963667102111409E-003
   3.6093117796903953E-002
  0.15044755228016185     
  0.42981826634388254     
  0.92501514235077720     
   1.5734420636701936     
   2.1555590637431870     
   2.3545540030520491     
   1.9218209821370098     
  0.86353309676422974     
 -0.48137536084943072     
  -1.5565656483969048     
  -1.8630306698015924     
  -1.2435719284946554     
   1.7875759505486283E-031
   1.2435719284946554     
   1.8630306698015924     
   1.5565656483969048     
  0.48137536084943072     
 -0.86353309676422974     
  -1.9218209821370098     
  -2.3545540030520491     
  -2.1555590637431870     
  -1.5734420636701936     
 -0.92501514235077720     
 -0.42981826634388254     
 -0.15044755228016185     
  -3.6093117796903953E-002
  -4.8963667102111409E-003
  -2.3596054646099479E-004
  -7.4852984336456759E-007
*****  m =    7  l =   11
   1.6558775977724670E-006
   5.1405773603228758E-004
   1.0370640173921319E-002
   7.3278809272972784E-002
  0.28807042256742588     
  0.76092302366931219     
   1.4750711836468609     
   2.1756078788549593     
   2.4213868818598843     
   1.8541806990930119     
  0.52882307008611940     
 -0.97665774624684520     
  -1.8409373001304421     
  -1.5381689848607358     
 -0.25312732650323305     
   1.1743305055895428     
   1.7886775906220098     
   1.1743305055895428     
 -0.25312732650323305     
  -1.5381689848607358     
  -1.8409373001304421     
 -0.97665774624684520     
  0.52882307008611940     
   1.8541806990930119     
   2.4213868818598843     
   2.1756078788549593     
   1.4750711836468609     
  0.76092302366931219     
  0.28807042256742588     
   7.3278809272972784E-002
   1.0370640173921319E-002
   5.1405773603228758E-004
   1.6558775977724670E-006
*****  m =    7  l =   12
   3.3523076927360200E-006
   1.0234283338331962E-003
   2.0016551952036828E-002
  0.13494516075059734     
  0.49657837388227005     
   1.1979478899408391     
   2.0469051866168284     
   2.5049474242062781     
   2.0136548219633696     
  0.54720273651310303     
  -1.1315341479420333     
  -1.9059428347958765     
  -1.2019394249801145     
  0.42800376366570286     
   1.6535351313985129     
   1.4517428268869077     
  -2.2403734357611594E-031
  -1.4517428268869077     
  -1.6535351313985129     
 -0.42800376366570286     
   1.2019394249801145     
   1.9059428347958765     
   1.1315341479420333     
 -0.54720273651310303     
  -2.0136548219633696     
  -2.5049474242062781     
  -2.0469051866168284     
  -1.1979478899408391     
 -0.49657837388227005     
 -0.13494516075059734     
  -2.0016551952036828E-002
  -1.0234283338331962E-003
  -3.3523076927360200E-006
*****  m =    7  l =   13
   6.3339098075719354E-006
   1.8988322863661227E-003
   3.5900815423363770E-002
  0.22978690870308421     
  0.78498603830325453     
   1.7042120940414214     
   2.4916374112377779     
   2.3419552353809863     
  0.92153464152249598     
 -0.99550431971699249     
  -1.9412415366750282     
  -1.1009915386010014     
  0.73040816759459837     
   1.7646372578181304     
  0.97518108667889680     
 -0.80970407419886992     
  -1.7243332776853084     
 -0.80970407419886992     
  0.97518108667889680     
   1.7646372578181304     
  0.73040816759459837     
  -1.1009915386010014     
  -1.9412415366750282     
 -0.99550431971699249     
  0.92153464152249598     
   2.3419552353809863     
   2.4916374112377779     
   1.7042120940414214     
  0.78498603830325453     
  0.22978690870308421     
   3.5900815423363770E-002
   1.8988322863661227E-003
   6.3339098075719354E-006
*****  m =    7  l =   14
   1.1318403276906856E-005
   3.3271056973695409E-003
   6.0629289142279878E-002
  0.36650309056831581     
   1.1514949546699902     
   2.2089897884140637     
   2.6439927089819673     
   1.6012444502119285     
 -0.50957153642940167     
  -1.9345508112162140     
  -1.2886128957131060     
  0.70653288570711970     
   1.7871654396856034     
  0.71411237415847850     
  -1.1894587766454265     
  -1.5876742369301393     
   2.6706529389071574E-031
   1.5876742369301393     
   1.1894587766454265     
 -0.71411237415847850     
  -1.7871654396856034     
 -0.70653288570711970     
   1.2886128957131060     
   1.9345508112162140     
  0.50957153642940167     
  -1.6012444502119285     
  -2.6439927089819673     
  -2.2089897884140637     
  -1.1514949546699902     
 -0.36650309056831581     
  -6.0629289142279878E-002
  -3.3271056973695409E-003
  -1.1318403276906856E-005
*****  m =    7  l =   15
   1.9312010234593572E-005
   5.5582088501176363E-003
   9.7324295347406928E-002
  0.55252187439283496     
   1.5795401035274150     
   2.6147254228042849     
   2.3773493990891641     
  0.41078045884471487     
  -1.6875602009017590     
  -1.6932589745669779     
  0.34756781710097273     
   1.7996881520618955     
  0.76442846968253464     
  -1.2800045480586131     
  -1.4561622489682859     
  0.45694341952036233     
   1.6885833706452495     
  0.45694341952036233     
  -1.4561622489682859     
  -1.2800045480586131     
  0.76442846968253464     
   1.7996881520618955     
  0.34756781710097273     
  -1.6932589745669779     
  -1.6875602009017590     
  0.41078045884471487     
   2.3773493990891641     
   2.6147254228042849     
   1.5795401035274150     
  0.55252187439283496     
   9.7324295347406928E-002
   5.5582088501176363E-003
   1.9312010234593572E-005
*****  m =    7  l =   16
   3.1688285500760591E-005
   8.9162954191925846E-003
  0.14954390454522629     
  0.79249085995841639     
   2.0357788435143980     
   2.8145467284684105     
   1.6598798216370205     
 -0.89265711003861259     
  -2.0563316704673458     
 -0.39422122911888641     
   1.6796432379075330     
   1.1128115593308452     
  -1.1353507141348924     
  -1.4923649065053544     
  0.56644883734662888     
   1.6567864786221271     
  -3.0896142773347922E-031
  -1.6567864786221271     
 -0.56644883734662888     
   1.4923649065053544     
   1.1353507141348924     
  -1.1128115593308452     
  -1.6796432379075330     
  0.39422122911888641     
   2.0563316704673458     
  0.89265711003861259     
  -1.6598798216370205     
  -2.8145467284684105     
  -2.0357788435143980     
 -0.79249085995841639     
 -0.14954390454522629     
  -8.9162954191925846E-003
  -3.1688285500760591E-005
*****  m =    7  l =   17
   5.0279620439775048E-005
   1.3810231319857582E-002
  0.22113610499879102     
   1.0867056351865618     
   2.4710181154568724     
   2.7174511429766741     
  0.58952877977298102     
  -1.8686320408173309     
  -1.4100351363349477     
   1.1431723887520560     
   1.6224003076069553     
 -0.67288143095432629     
  -1.6667728013114116     
  0.35426498154304131     
   1.6686300939409688     
 -0.11060770827219991     
  -1.6663078301173184     
 -0.11060770827219991     
   1.6686300939409688     
  0.35426498154304131     
  -1.6667728013114116     
 -0.67288143095432629     
   1.6224003076069553     
   1.1431723887520560     
  -1.4100351363349477     
  -1.8686320408173309     
  0.58952877977298102     
   2.7174511429766741     
   2.4710181154568724     
   1.0867056351865618     
  0.22113610499879102     
   1.3810231319857582E-002
   5.0279620439775048E-005
*****  m =    7  l =   18
   7.7482014989019751E-005
   2.0742923381611857E-002
  0.31602570680638487     
   1.4296979001974253     
   2.8246311528071626     
   2.2755294805042778     
 -0.61062332882856052     
  -2.1470154206508880     
  -5.1870663183797579E-002
   1.9038119552039059     
  0.21639569937340225     
  -1.7605742068856809     
 -0.20195172243636131     
   1.6896618749838799     
  0.11476685719830110     
  -1.6613632959268554     
   3.5019414563780386E-031
   1.6613632959268554     
 -0.11476685719830110     
  -1.6896618749838799     
  0.20195172243636131     
   1.7605742068856809     
 -0.21639569937340225     
  -1.9038119552039059     
   5.1870663183797579E-002
   2.1470154206508880     
  0.61062332882856052     
  -2.2755294805042778     
  -2.8246311528071626     
  -1.4296979001974253     
 -0.31602570680638487     
  -2.0742923381611857E-002
  -7.7482014989019751E-005
*****  m =    7  l =   19
   1.1637357405389703E-004
   3.0318772077728342E-002
  0.43793775535108492     
   1.8092271092823264     
   3.0323564502149054     
   1.5057725439092620     
  -1.6428898935863607     
  -1.5983380520228019     
   1.3213402083005965     
   1.3655971997713645     
  -1.3596221855923467     
  -1.0439742429264707     
   1.4927177420752389     
  0.65767586404444478     
  -1.6076483982215131     
 -0.22491845076907119     
   1.6513630633892034     
 -0.22491845076907119     
  -1.6076483982215131     
  0.65767586404444478     
   1.4927177420752389     
  -1.0439742429264707     
  -1.3596221855923467     
   1.3655971997713645     
   1.3213402083005965     
  -1.5983380520228019     
  -1.6428898935863607     
   1.5057725439092620     
   3.0323564502149054     
   1.8092271092823264     
  0.43793775535108492     
   3.0318772077728342E-002
   1.1637357405389703E-004
*****  m =    7  l =   20
   1.7084703260594736E-004
   4.3248542794669012E-002
  0.59006771849096940     
   2.2059089262729392     
   3.0366160663069395     
  0.49916123036920951     
  -2.2208209936099044     
 -0.41830552872272364     
   1.9741242217799257     
 -0.11079398215386310     
  -1.7626321999241010     
  0.74047990657155871     
   1.3675936883903812     
  -1.2872414308261066     
 -0.75363565231830343     
   1.6038948703147564     
  -3.9099950631918957E-031
  -1.6038948703147564     
  0.75363565231830343     
   1.2872414308261066     
  -1.3675936883903812     
 -0.74047990657155871     
   1.7626321999241010     
  0.11079398215386310     
  -1.9741242217799257     
  0.41830552872272364     
   2.2208209936099044     
 -0.49916123036920951     
  -3.0366160663069395     
  -2.2059089262729392     
 -0.59006771849096940     
  -4.3248542794669012E-002
  -1.7084703260594736E-004
*****  m =    7  l =   21
   2.4575644939459675E-004
   6.0350959641010775E-002
  0.77471524399531577     
   2.5936666328669529     
   2.7977925504982832     
 -0.58786613009901589     
  -2.1644342054377081     
  0.92523735119501738     
   1.5412273457080243     
  -1.5002443954256597     
 -0.64291353202879475     
   1.7468574563027865     
 -0.42068019252868688     
  -1.4113068228311427     
   1.2993861312700408     
  0.54195708913250218     
  -1.6407976122240602     
  0.54195708913250218     
   1.2993861312700408     
  -1.4113068228311427     
 -0.42068019252868688     
   1.7468574563027865     
 -0.64291353202879475     
  -1.5002443954256597     
   1.5412273457080243     
  0.92523735119501738     
  -2.1644342054377081     
 -0.58786613009901589     
   2.7977925504982832     
   2.5936666328669529     
  0.77471524399531577     
   6.0350959641010775E-002
   2.4575644939459675E-004
*****  m =    7  l =   22
   3.4707803360092815E-004
   8.2550366622859417E-002
  0.99290428262060793     
   2.9411098611930568     
   2.3044266204827815     
  -1.5602408064991884     
  -1.4714797173242393     
   1.8741671567628466     
  0.25273050569934891     
  -1.8207152694786854     
   1.0297118479562986     
  0.92832390719675895     
  -1.6851327455441683     
  0.45385983795154561     
   1.2604462995897543     
  -1.4880787449719759     
   4.3151125972190641E-031
   1.4880787449719759     
  -1.2604462995897543     
 -0.45385983795154561     
   1.6851327455441683     
 -0.92832390719675895     
  -1.0297118479562986     
   1.8207152694786854     
 -0.25273050569934891     
  -1.8741671567628466     
   1.4714797173242393     
   1.5602408064991884     
  -2.3044266204827815     
  -2.9411098611930568     
 -0.99290428262060793     
  -8.2550366622859417E-002
  -3.4707803360092815E-004
*****  m =    7  l =   23
   4.8208488354719431E-004
  0.11086987406567100     
   1.2440172536536545     
   3.2138358542495782     
   1.5801760345800007     
  -2.2249954326231070     
 -0.33588338287453112     
   2.0188062329172833     
  -1.1722650557156262     
 -0.83912995861260153     
   1.7927784101371878     
 -0.85808793917876114     
 -0.87715402955179456     
   1.6691024995871762     
 -0.79995021824145196     
 -0.83186030577959091     
   1.6330283575152766     
 -0.83186030577959091     
 -0.79995021824145196     
   1.6691024995871762     
 -0.87715402955179456     
 -0.85808793917876114     
   1.7927784101371878     
 -0.83912995861260153     
  -1.1722650557156262     
   2.0188062329172833     
 -0.33588338287453112     
  -2.2249954326231070     
   1.5801760345800007     
   3.2138358542495782     
   1.2440172536536545     
  0.11086987406567100     
   4.8208488354719431E-004
*****  m =    7  l =   24
   6.5953522335223769E-004
  0.14641951313500506     
   1.5254741500688291     
   3.3775238963319110     
  0.68568407982843849     
  -2.4370146116310689     
  0.89937023979906250     
   1.2870399025270578     
  -1.9223226093208821     
  0.74274740652987914     
  0.97353162177866370     
  -1.7350269055259124     
   1.0064506689683506     
  0.51664097432075351     
  -1.5670290735728145     
   1.3191265412672628     
  -4.7181158947157222E-031
  -1.3191265412672628     
   1.5670290735728145     
 -0.51664097432075351     
  -1.0064506689683506     
   1.7350269055259124     
 -0.97353162177866370     
 -0.74274740652987914     
   1.9223226093208821     
  -1.2870399025270578     
 -0.89937023979906250     
   2.4370146116310689     
 -0.68568407982843849     
  -3.3775238963319110     
  -1.5254741500688291     
 -0.14641951313500506     
  -6.5953522335223769E-004
*****  m =    7  l =   25
   8.8987352390435643E-004
  0.19037905663101171     
   1.8324885851708237     
   3.4015691312289742     
 -0.28576538132048634     
  -2.1383736828178508     
   1.8448661133637225     
  -8.3492165469926227E-003
  -1.5616449790466798     
   1.7801966548814923     
 -0.70470988224878095     
 -0.77795623740303133     
   1.6419655837450104     
  -1.3643396287657477     
  0.18852780857900231     
   1.0861225224612288     
  -1.6271363651025290     
   1.0861225224612288     
  0.18852780857900231     
  -1.3643396287657477     
   1.6419655837450104     
 -0.77795623740303133     
 -0.70470988224878095     
   1.7801966548814923     
  -1.5616449790466798     
  -8.3492165469926227E-003
   1.8448661133637225     
  -2.1383736828178508     
 -0.28576538132048634     
   3.4015691312289742     
   1.8324885851708237     
  0.19037905663101171     
   8.8987352390435643E-004
*****  m =    7  l =   26
   1.1854436905024215E-003
  0.24397532706934899     
   2.1579314507441767     
   3.2628948825507620     
  -1.2188793490754606     
  -1.3802057254632198     
   2.1914837036548338     
  -1.2959025289491233     
 -0.29426063517984041     
   1.5152004213843309     
  -1.7508859632089675     
  0.99965341286944387     
  0.24567456778398228     
  -1.3014022990405012     
   1.6350278720960796     
  -1.1037850865848107     
   5.1195410314934131E-031
   1.1037850865848107     
  -1.6350278720960796     
   1.3014022990405012     
 -0.24567456778398228     
 -0.99965341286944387     
   1.7508859632089675     
  -1.5152004213843309     
  0.29426063517984041     
   1.2959025289491233     
  -2.1914837036548338     
   1.3802057254632198     
   1.2188793490754606     
  -3.2628948825507620     
  -2.1579314507441767     
 -0.24397532706934899     
  -1.1854436905024215E-003
*****  m =    7  l =   27
   1.5607132928534078E-003
  0.30845399936183870     
   2.4923289370652530     
   2.9495093881849934     
  -1.9921520917938234     
 -0.31953574776684857     
   1.8181752910975937     
  -1.9965698257159561     
   1.1419017654580175     
  0.13923538324869369     
  -1.2308778786636414     
   1.7109747821143126     
  -1.4510017964865289     
  0.61248387129194415     
  0.44314549649844104     
  -1.2970427656319621     
   1.6225553548758642     
  -1.2970427656319621     
  0.44314549649844104     
  0.61248387129194415     
  -1.4510017964865289     
   1.7109747821143126     
  -1.2308778786636414     
  0.13923538324869369     
   1.1419017654580175     
  -1.9965698257159561     
   1.8181752910975937     
 -0.31953574776684857     
  -1.9921520917938234     
   2.9495093881849934     
   2.4923289370652530     
  0.30845399936183870     
   1.5607132928534078E-003
*****  m =    7  l =   28
   2.0325076057248594E-003
  0.38504610999192040     
   2.8240152009905177     
   2.4633471857802047     
  -2.4965910855504205     
  0.81052490578468162     
  0.84115422851729382     
  -1.7885046381001375     
   1.9012694472061349     
  -1.3359235158641991     
  0.39057571266660157     
  0.59951384024286636     
  -1.3428672114835942     
   1.6492996653244336     
  -1.4602990660556723     
  0.85020636110981274     
  -5.5197541453400770E-031
 -0.85020636110981274     
   1.4602990660556723     
  -1.6492996653244336     
   1.3428672114835942     
 -0.59951384024286636     
 -0.39057571266660157     
   1.3359235158641991     
  -1.9012694472061349     
   1.7885046381001375     
 -0.84115422851729382     
 -0.81052490578468162     
   2.4965910855504205     
  -2.4633471857802047     
  -2.8240152009905177     
 -0.38504610999192040     
  -2.0325076057248594E-003
*****  m =    7  l =   29
   2.6202520223903938E-003
  0.47492970126587591     
   3.1394512085316055     
   1.8219657856774791     
  -2.6543349098725257     
   1.7518632555403677     
 -0.41677109656486394     
 -0.76178719953850293     
   1.5315603226882957     
  -1.8188285995692310     
   1.6574098196558347     
  -1.1489350061132191     
  0.43403188415154392     
  0.33237164521281137     
  -1.0031747780517406     
   1.4581746111234595     
  -1.6189195286031097     
   1.4581746111234595     
  -1.0031747780517406     
  0.33237164521281137     
  0.43403188415154392     
  -1.1489350061132191     
   1.6574098196558347     
  -1.8188285995692310     
   1.5315603226882957     
 -0.76178719953850293     
 -0.41677109656486394     
   1.7518632555403677     
  -2.6543349098725257     
   1.8219657856774791     
   3.1394512085316055     
  0.47492970126587591     
   2.6202520223903938E-003
*****  m =    7  l =   30
   3.3462212000588592E-003
  0.57918725101159918     
   3.4237106725263273     
   1.0587566180800649     
  -2.4338251791404759     
   2.2822448064504299     
  -1.5304112005928885     
  0.61429023304703945     
  0.24976294084990508     
 -0.94931420445046877     
   1.4282392936820438     
  -1.6659256440348005     
   1.6671528704822758     
  -1.4562303206966225     
   1.0727334902797021     
 -0.56772251483827962     
   5.9190146273452009E-031
  0.56772251483827962     
  -1.0727334902797021     
   1.4562303206966225     
  -1.6671528704822758     
   1.6659256440348005     
  -1.4282392936820438     
  0.94931420445046877     
 -0.24976294084990508     
 -0.61429023304703945     
   1.5304112005928885     
  -2.2822448064504299     
   2.4338251791404759     
  -1.0587566180800649     
  -3.4237106725263273     
 -0.57918725101159918     
  -3.3462212000588592E-003
*****  m =    7  l =   31
   4.2357930987399874E-003
  0.69875975737908946     
   3.6611221841361505     
  0.22146994015569713     
  -1.8585027038967730     
   2.2710004151931216     
  -2.1165953962869795     
   1.7026552110472453     
  -1.1792566675440144     
  0.62634305780870825     
  -9.0595468701939796E-002
 -0.39835939093458311     
  0.82046404984490362     
  -1.1616225445919568     
   1.4119063385441952     
  -1.5646473651851851     
   1.6159833867492663     
  -1.5646473651851851     
   1.4119063385441952     
  -1.1616225445919568     
  0.82046404984490362     
 -0.39835939093458311     
  -9.0595468701939796E-002
  0.62634305780870825     
  -1.1792566675440144     
   1.7026552110472453     
  -2.1165953962869795     
   2.2710004151931216     
  -1.8585027038967730     
  0.22146994015569713     
   3.6611221841361505     
  0.69875975737908946     
   4.2357930987399874E-003
*****  m =    7  l =   32
   5.3177058844665797E-003
  0.83439855718098455     
   3.8360443733338871     
 -0.63096650672908206     
  -1.0069094992655545     
   1.7148189079657195     
  -1.9690141770342975     
   1.9941073257172874     
  -1.8969336453613506     
   1.7310767442880537     
  -1.5249280782993322     
   1.2943048175645913     
  -1.0484360980571537     
  0.79295993848495649     
 -0.53150260295402807     
  0.26655621938612534     
  -6.3175118137423183E-031
 -0.26655621938612534     
  0.53150260295402807     
 -0.79295993848495649     
   1.0484360980571537     
  -1.2943048175645913     
   1.5249280782993322     
  -1.7310767442880537     
   1.8969336453613506     
  -1.9941073257172874     
   1.9690141770342975     
  -1.7148189079657195     
   1.0069094992655545     
  0.63096650672908206     
  -3.8360443733338871     
 -0.83439855718098455     
  -5.3177058844665797E-003
*****  m =    8  l =    8
   1.8091959972094271E-009
   1.3540266771774045E-006
   4.6849286364885396E-005
   5.1561735950631036E-004
   3.0810602922652554E-003
   1.2517451470240496E-002
   3.8821150369848005E-002
   9.8307867145019767E-002
  0.21207427743597068     
  0.40089658003202744     
  0.67719803299843873     
   1.0365097747111178     
   1.4519449827079107     
   1.8748642223198850     
   2.2430074114608609     
   2.4945497327601807     
   2.5839777317091475     
   2.4945497327601807     
   2.2430074114608609     
   1.8748642223198850     
   1.4519449827079107     
   1.0365097747111178     
  0.67719803299843873     
  0.40089658003202744     
  0.21207427743597068     
   9.8307867145019767E-002
   3.8821150369848005E-002
   1.2517451470240496E-002
   3.0810602922652554E-003
   5.1561735950631036E-004
   4.6849286364885396E-005
   1.3540266771774045E-006
   1.8091959972094271E-009
*****  m =    8  l =    9
   7.8657933956990854E-009
   5.8221262623787884E-006
   1.9743616793848148E-004
   2.1097380969619293E-003
   1.2118141668992829E-002
   4.6814985211239668E-002
  0.13641675541350598     
  0.32019877247441403     
  0.63020007554130220     
   1.0663787758103649     
   1.5744804780753927     
   2.0414770674383118     
   2.3185177332098768     
   2.2687169500562705     
   1.8228249736990338     
   1.0180964764943135     
  -1.3883086409579543E-031
  -1.0180964764943135     
  -1.8228249736990338     
  -2.2687169500562705     
  -2.3185177332098768     
  -2.0414770674383118     
  -1.5744804780753927     
  -1.0663787758103649     
 -0.63020007554130220     
 -0.32019877247441403     
 -0.13641675541350598     
  -4.6814985211239668E-002
  -1.2118141668992829E-002
  -2.1097380969619293E-003
  -1.9743616793848148E-004
  -5.8221262623787884E-006
  -7.8657933956990854E-009
*****  m =    8  l =   10
   2.4737282115949323E-008
   1.8086132411728994E-005
   5.9970844578012929E-004
   6.1992648403331255E-003
   3.4049220883657340E-002
  0.12416453233607944     
  0.33647152127218760     
  0.72145953523726736     
   1.2683261357470577     
   1.8602619787223502     
   2.2786533601305905     
   2.2793114991823491     
   1.7187310219102594     
  0.66481113377346146     
 -0.58172141995149340     
  -1.5878897397073533     
  -1.9735455916062437     
  -1.5878897397073533     
 -0.58172141995149340     
  0.66481113377346146     
   1.7187310219102594     
   2.2793114991823491     
   2.2786533601305905     
   1.8602619787223502     
   1.2683261357470577     
  0.72145953523726736     
  0.33647152127218760     
  0.12416453233607944     
   3.4049220883657340E-002
   6.1992648403331255E-003
   5.9970844578012929E-004
   1.8086132411728994E-005
   2.4737282115949323E-008
*****  m =    8  l =   11
   6.4946072458541380E-008
   4.6844157728733145E-005
   1.5151742309878762E-003
   1.5094782369341425E-002
   7.8838057552175808E-002
  0.26918305507994345     
  0.67031939928737749     
   1.2893123096690629     
   1.9659503551805952     
   2.3721301537390014     
   2.1613145733010879     
   1.2129875177258127     
 -0.19441642646151966     
  -1.4464843158995233     
  -1.9095545900325503     
  -1.3229939152521786     
   1.9220262810129931E-031
   1.3229939152521786     
   1.9095545900325503     
   1.4464843158995233     
  0.19441642646151966     
  -1.2129875177258127     
  -2.1613145733010879     
  -2.3721301537390014     
  -1.9659503551805952     
  -1.2893123096690629     
 -0.67031939928737749     
 -0.26918305507994345     
  -7.8838057552175808E-002
  -1.5094782369341425E-002
  -1.5151742309878762E-003
  -4.6844157728733145E-005
  -6.4946072458541380E-008
*****  m =    8  l =   12
   1.5088617568315851E-007
   1.0722885757592875E-004
   3.3750166432725947E-003
   3.2278004536270069E-002
  0.15935573099286202     
  0.50484323348918192     
   1.1388638849207022     
   1.9184108684106336     
   2.4250382222904725     
   2.1676018512966904     
  0.99205665434990153     
 -0.62981442978075663     
  -1.7738700498739566     
  -1.6888367326947114     
 -0.41870462588373597     
   1.1303250520137496     
   1.8176068675697235     
   1.1303250520137496     
 -0.41870462588373597     
  -1.6888367326947114     
  -1.7738700498739566     
 -0.62981442978075663     
  0.99205665434990153     
   2.1676018512966904     
   2.4250382222904725     
   1.9184108684106336     
   1.1388638849207022     
  0.50484323348918192     
  0.15935573099286202     
   3.2278004536270069E-002
   3.3750166432725947E-003
   1.0722885757592875E-004
   1.5088617568315851E-007
*****  m =    8  l =   13
   3.2015944427409597E-007
   2.2389038742478420E-004
   6.8403755728263377E-003
   6.2546819683580071E-002
  0.29001282574417192     
  0.84368682224967395     
   1.6938888392652025     
   2.4152289251118697     
   2.3324299969495654     
   1.1104143579307806     
 -0.70237766842054206     
  -1.8687079072012867     
  -1.4637747230972444     
  0.17926987254845578     
   1.6080019906095819     
   1.5195353247074279     
  -2.3857610381818739E-031
  -1.5195353247074279     
  -1.6080019906095819     
 -0.17926987254845578     
   1.4637747230972444     
   1.8687079072012867     
  0.70237766842054206     
  -1.1104143579307806     
  -2.3324299969495654     
  -2.4152289251118697     
  -1.6938888392652025     
 -0.84368682224967395     
 -0.29001282574417192     
  -6.2546819683580071E-002
  -6.8403755728263377E-003
  -2.2389038742478420E-004
  -3.2015944427409597E-007
*****  m =    8  l =   14
   6.3281129980825939E-007
   4.3490406916029084E-004
   1.2865230693887167E-002
  0.11198999667603389     
  0.48426345741461940     
   1.2781152483543337     
   2.2318621057816803     
   2.5526845972205376     
   1.5432607499033846     
 -0.43180001659675560     
  -1.8654073540779215     
  -1.4515128776152972     
  0.39793101653057017     
   1.7434835263601538     
   1.1323620630850166     
 -0.73925837526670757     
  -1.7459694222856592     
 -0.73925837526670757     
   1.1323620630850166     
   1.7434835263601538     
  0.39793101653057017     
  -1.4515128776152972     
  -1.8654073540779215     
 -0.43180001659675560     
   1.5432607499033846     
   2.5526845972205376     
   2.2318621057816803     
   1.2781152483543337     
  0.48426345741461940     
  0.11198999667603389     
   1.2865230693887167E-002
   4.3490406916029084E-004
   6.3281129980825939E-007
*****  m =    8  l =   15
   1.1808660269412088E-006
   7.9654227953742946E-004
   2.2755442788961900E-002
  0.18772616924022298     
  0.75116374300732425     
   1.7728009884555349     
   2.6081875969825372     
   2.1640043661802491     
  0.22312266179885970     
  -1.7000144308076128     
  -1.6697121148791352     
  0.26324633877557757     
   1.7646679266826846     
  0.96978434148771142     
  -1.0612530078675120     
  -1.6378552341731265     
   2.8232665268907864E-031
   1.6378552341731265     
   1.0612530078675120     
 -0.96978434148771142     
  -1.7646679266826846     
 -0.26324633877557757     
   1.6697121148791352     
   1.7000144308076128     
 -0.22312266179885970     
  -2.1640043661802491     
  -2.6081875969825372     
  -1.7728009884555349     
 -0.75116374300732425     
 -0.18772616924022298     
  -2.2755442788961900E-002
  -7.9654227953742946E-004
  -1.1808660269412088E-006
*****  m =    8  l =   16
   2.1005907710812257E-006
   1.3889055436873490E-003
   3.8215944368656656E-002
  0.29736260585909013     
   1.0914745265853318     
   2.2625639047644959     
   2.6732710423796395     
   1.2389545287408572     
  -1.1563968467208818     
  -1.9728541008588423     
 -0.23357424662081838     
   1.6924497463347050     
   1.1035106236237708     
  -1.0816566264033467     
  -1.5628417949912572     
  0.36814870382584697     
   1.7055204381462534     
  0.36814870382584697     
  -1.5628417949912572     
  -1.0816566264033467     
   1.1035106236237708     
   1.6924497463347050     
 -0.23357424662081838     
  -1.9728541008588423     
  -1.1563968467208818     
   1.2389545287408572     
   2.6732710423796395     
   2.2625639047644959     
   1.0914745265853318     
  0.29736260585909013     
   3.8215944368656656E-002
   1.3889055436873490E-003
   2.1005907710812257E-006
*****  m =    8  l =   17
   3.5879433095703258E-006
   2.3223562272718513E-003
   6.1377072945749615E-002
  0.44816418694288485     
   1.4940690374518204     
   2.6582869132540519     
   2.3226913254244774     
  -2.6541707986184101E-002
  -2.0051658000184456     
  -1.0590531970431551     
   1.3566332229991707     
   1.4742564073705837     
 -0.81618563761949048     
  -1.6322270903862253     
  0.38150856988437026     
   1.6857357379418243     
  -3.2474741223518728E-031
  -1.6857357379418243     
 -0.38150856988437026     
   1.6322270903862253     
  0.81618563761949048     
  -1.4742564073705837     
  -1.3566332229991707     
   1.0590531970431551     
   2.0051658000184456     
   2.6541707986184101E-002
  -2.3226913254244774     
  -2.6582869132540519     
  -1.4940690374518204     
 -0.44816418694288485     
  -6.1377072945749615E-002
  -2.3223562272718513E-003
  -3.5879433095703258E-006
*****  m =    8  l =   18
   5.9176797836132037E-006
   3.7446404983171285E-003
   9.4790788201095086E-002
  0.64596846146233144     
   1.9335604696420288     
   2.8615983308242243     
   1.5456561211683200     
  -1.2646666888562139     
  -1.9117058558445619     
  0.50097383369995208     
   1.8450136209352435     
 -0.18043672517863882     
  -1.7542878395137471     
   5.4202621760133726E-002
   1.6981838915569103     
  -1.0381289362389804E-002
  -1.6799850047921241     
  -1.0381289362389804E-002
   1.6981838915569103     
   5.4202621760133726E-002
  -1.7542878395137471     
 -0.18043672517863882     
   1.8450136209352435     
  0.50097383369995208     
  -1.9117058558445619     
  -1.2646666888562139     
   1.5456561211683200     
   2.8615983308242243     
   1.9335604696420288     
  0.64596846146233144     
   9.4790788201095086E-002
   3.7446404983171285E-003
   5.9176797836132037E-006
*****  m =    8  l =   19
   9.4666141563652112E-006
   5.8485224585766984E-003
  0.14138816189408857     
  0.89393309458677417     
   2.3700377301164721     
   2.7864958715454691     
  0.45254242765924640     
  -2.0567683003819304     
 -0.89227727030172677     
   1.7198468183733118     
  0.82930846691952853     
  -1.6357724214950498     
 -0.61046141927221309     
   1.6452498902207198     
  0.32107404436568754     
  -1.6670734691171119     
   3.6638318279078919E-031
   1.6670734691171119     
 -0.32107404436568754     
  -1.6452498902207198     
  0.61046141927221309     
   1.6357724214950498     
 -0.82930846691952853     
  -1.7198468183733118     
  0.89227727030172677     
   2.0567683003819304     
 -0.45254242765924640     
  -2.7864958715454691     
  -2.3700377301164721     
 -0.89393309458677417     
 -0.14138816189408857     
  -5.8485224585766984E-003
  -9.4666141563652112E-006
*****  m =    8  l =   20
   1.4741530616066251E-005
   8.8796910710011306E-003
  0.20439116535518684     
   1.1912501699182338     
   2.7515575788960858     
   2.3835124204684108     
 -0.73386255232293562     
  -2.1010695673266988     
  0.56500691057323749     
   1.7937225824706609     
 -0.86101979110628268     
  -1.4338196298221271     
   1.2483418153253476     
  0.94272503558822240     
  -1.5500912447118065     
 -0.33023528342584474     
   1.6626661594810321     
 -0.33023528342584474     
  -1.5500912447118065     
  0.94272503558822240     
   1.2483418153253476     
  -1.4338196298221271     
 -0.86101979110628268     
   1.7937225824706609     
  0.56500691057323749     
  -2.1010695673266988     
 -0.73386255232293562     
   2.3835124204684108     
   2.7515575788960858     
   1.1912501699182338     
  0.20439116535518684     
   8.8796910710011306E-003
   1.4741530616066251E-005
*****  m =    8  l =   21
   2.2412252956658527E-005
   1.3144638599179794E-002
  0.28717440891081519     
   1.5319995786302032     
   3.0196008362008251     
   1.6602452909974694     
  -1.7279608183096571     
  -1.3562292133722882     
   1.7174634669332243     
  0.66221328987980332     
  -1.8152322052191243     
  0.22050554474575132     
   1.5940902587981891     
  -1.0649753905917287     
 -0.94323470716705216     
   1.5856888674585818     
  -4.0751020763334979E-031
  -1.5856888674585818     
  0.94323470716705216     
   1.0649753905917287     
  -1.5940902587981891     
 -0.22050554474575132     
   1.8152322052191243     
 -0.66221328987980332     
  -1.7174634669332243     
   1.3562292133722882     
   1.7279608183096571     
  -1.6602452909974694     
  -3.0196008362008251     
  -1.5319995786302032     
 -0.28717440891081519     
  -1.3144638599179794E-002
  -2.2412252956658527E-005
*****  m =    8  l =   22
   3.3350370690902301E-005
   1.9018151796495748E-002
  0.39307602249576212     
   1.9043333629303671     
   3.1171209011094345     
  0.69179854804094976     
  -2.2615986400074606     
  -8.9766832884986700E-002
   1.9523339523095702     
 -0.91299868156762531     
  -1.2236053506258977     
   1.6370238200731313     
   1.4400598040239824E-002
  -1.5703028762838058     
   1.1611094234999499     
  0.64646028999921823     
  -1.6503095621251114     
  0.64646028999921823     
   1.1611094234999499     
  -1.5703028762838058     
   1.4400598040239824E-002
   1.6370238200731313     
  -1.2236053506258977     
 -0.91299868156762531     
   1.9523339523095702     
  -8.9766832884986700E-002
  -2.2615986400074606     
  0.69179854804094976     
   3.1171209011094345     
   1.9043333629303671     
  0.39307602249576212     
   1.9018151796495748E-002
   3.3350370690902301E-005
*****  m =    8  l =   23
   4.8674109898270824E-005
   2.6950007193266384E-002
  0.52516112364206380     
   2.2901782255554015     
   2.9981980568291133     
 -0.38372131789417063     
  -2.1714556552844959     
   1.2044996053339732     
   1.1320727339097569     
  -1.8462089559756831     
  0.41169816232323564     
   1.3584364378324447     
  -1.5726417344695964     
  0.12845626555119366     
   1.3988789316255128     
  -1.4464557437934944     
   4.4828584325742164E-031
   1.4464557437934944     
  -1.3988789316255128     
 -0.12845626555119366     
   1.5726417344695964     
  -1.3584364378324447     
 -0.41169816232323564     
   1.8462089559756831     
  -1.1320727339097569     
  -1.2044996053339732     
   2.1714556552844959     
  0.38372131789417063     
  -2.9981980568291133     
  -2.2901782255554015     
 -0.52516112364206380     
  -2.6950007193266384E-002
  -4.8674109898270824E-005
*****  m =    8  l =   24
   6.9799817268094834E-005
   3.7470422644079356E-002
  0.68594602586313635     
   2.6656110505806834     
   2.6377908811390709     
  -1.3862242877539126     
  -1.4636140114244711     
   1.9981250081324113     
 -0.30468353938524989     
  -1.4815025677396041     
   1.6825468600823521     
 -0.32613552652622735     
  -1.2361913732172902     
   1.6372200681370928     
 -0.60153312349600740     
 -0.93010775268361801     
   1.6411515797057086     
 -0.93010775268361801     
 -0.60153312349600740     
   1.6372200681370928     
  -1.2361913732172902     
 -0.32613552652622735     
   1.6825468600823521     
  -1.4815025677396041     
 -0.30468353938524989     
   1.9981250081324113     
  -1.4636140114244711     
  -1.3862242877539126     
   2.6377908811390709     
   2.6656110505806834     
  0.68594602586313635     
   3.7470422644079356E-002
   6.9799817268094834E-005
*****  m =    8  l =   25
   9.8500498228143010E-005
   5.1193791756428200E-002
  0.87709615110482919     
   3.0020023801371809     
   2.0397737026097031     
  -2.1284488177442351     
 -0.32936497668228348     
   1.9525605858194763     
  -1.5649789341954907     
  -7.0863596526994477E-002
   1.4844443783545531     
  -1.6628757859037928     
  0.60921015478607754     
  0.83143991261619987     
  -1.6287983359907034     
   1.2556402959282242     
  -4.8880724398598638E-031
  -1.2556402959282242     
   1.6287983359907034     
 -0.83143991261619987     
 -0.60921015478607754     
   1.6628757859037928     
  -1.4844443783545531     
   7.0863596526994477E-002
   1.5649789341954907     
  -1.9525605858194763     
  0.32936497668228348     
   2.1284488177442351     
  -2.0397737026097031     
  -3.0020023801371809     
 -0.87709615110482919     
  -5.1193791756428200E-002
  -9.8500498228143010E-005
*****  m =    8  l =   26
   1.3697181428846446E-004
   6.8820218562119978E-002
   1.0991151269137089     
   3.2679395490193639     
   1.2414647498756439     
  -2.4576620131862552     
  0.89936111765836679     
   1.0766304906766204     
  -1.9387894237545318     
   1.3843092677051361     
  -1.1367514796036343E-002
  -1.2543242160212922     
   1.6999513042626742     
  -1.1451659068160003     
  -3.9222953884448609E-002
   1.1732218863402142     
  -1.6341589974983484     
   1.1732218863402142     
  -3.9222953884448609E-002
  -1.1451659068160003     
   1.6999513042626742     
  -1.2543242160212922     
  -1.1367514796036343E-002
   1.3843092677051361     
  -1.9387894237545318     
   1.0766304906766204     
  0.89936111765836679     
  -2.4576620131862552     
   1.2414647498756439     
   3.2679395490193639     
   1.0991151269137089     
   6.8820218562119978E-002
   1.3697181428846446E-004
*****  m =    8  l =   27
   1.8790590069898302E-004
   9.1134379019342335E-002
   1.3510463521853708     
   3.4318426808147069     
  0.31322784864566738     
  -2.2944874494642256     
   1.8461010354054213     
 -0.26086644624120797     
  -1.2081933092621455     
   1.8392549391861404     
  -1.4915478237463324     
  0.46999011062364843     
  0.69693673513193011     
  -1.4939040822837768     
   1.6073530918888483     
  -1.0209211346763738     
   5.2913806117311478E-031
   1.0209211346763738     
  -1.6073530918888483     
   1.4939040822837768     
 -0.69693673513193011     
 -0.46999011062364843     
   1.4915478237463324     
  -1.8392549391861404     
   1.2081933092621455     
  0.26086644624120797     
  -1.8461010354054213     
   2.2944874494642256     
 -0.31322784864566738     
  -3.4318426808147069     
  -1.3510463521853708     
  -9.1134379019342335E-002
  -1.8790590069898302E-004
*****  m =    8  l =   28
   2.5457331321916536E-004
  0.11900126530129800     
   1.6302109952915249     
   3.4650842795569345     
 -0.64755442968602495     
  -1.6585628028900949     
   2.2091415062234621     
  -1.4797751427864168     
  0.21359068679199755     
  0.96237714962192999     
  -1.6487714829994311     
   1.6932607332967076     
  -1.1615046973612180     
  0.27594912968131052     
  0.66441017956329540     
  -1.3687594270572971     
   1.6286898015379072     
  -1.3687594270572971     
  0.66441017956329540     
  0.27594912968131052     
  -1.1615046973612180     
   1.6932607332967076     
  -1.6487714829994311     
  0.96237714962192999     
  0.21359068679199755     
  -1.4797751427864168     
   2.2091415062234621     
  -1.6585628028900949     
 -0.64755442968602495     
   3.4650842795569345     
   1.6302109952915249     
  0.11900126530129800     
   2.5457331321916536E-004
*****  m =    8  l =   29
   3.4091335231600307E-004
  0.15335841934098815     
   1.9320075811937611     
   3.3453299716579905     
  -1.5278850468041429     
 -0.67294989007835548     
   1.8645068685947150     
  -2.0403123858832641     
   1.5075178754738638     
 -0.61195804863591341     
 -0.34251743116044192     
   1.1231502993533211     
  -1.5800868231984315     
   1.6488136761021153     
  -1.3448431083286749     
  0.75124618014452116     
  -5.6932194441610948E-031
 -0.75124618014452116     
   1.3448431083286749     
  -1.6488136761021153     
   1.5800868231984315     
  -1.1231502993533211     
  0.34251743116044192     
  0.61195804863591341     
  -1.5075178754738638     
   2.0403123858832641     
  -1.8645068685947150     
  0.67294989007835548     
   1.5278850468041429     
  -3.3453299716579905     
  -1.9320075811937611     
 -0.15335841934098815     
  -3.4091335231600307E-004
*****  m =    8  l =   30
   4.5163294461534020E-004
  0.19520433403003259     
   2.2497977458829355     
   3.0597476823859444     
  -2.2146511530828024     
  0.45610293539294405     
  0.91548224102546649     
  -1.6874797483043149     
   1.9193581807039537     
  -1.7346382560309819     
   1.2652876640471853     
 -0.63574446702858523     
  -4.2632663302264791E-002
  0.67450468303626687     
  -1.1828618329223159     
   1.5110374667601747     
  -1.6243261545692860     
   1.5110374667601747     
  -1.1828618329223159     
  0.67450468303626687     
  -4.2632663302264791E-002
 -0.63574446702858523     
   1.2652876640471853     
  -1.7346382560309819     
   1.9193581807039537     
  -1.6874797483043149     
  0.91548224102546649     
  0.45610293539294405     
  -2.2146511530828024     
   3.0597476823859444     
   2.2497977458829355     
  0.19520433403003259     
   4.5163294461534020E-004
*****  m =    8  l =   31
   5.9231418519032145E-004
  0.24558279328550114     
   2.5749002136450536     
   2.6076973168332152     
  -2.6120174156854148     
   1.4813434608312701     
 -0.33240335774503094     
 -0.57455863521690065     
   1.2044924700770825     
  -1.5805576610465224     
   1.7386160835583482     
  -1.7150288035964536     
   1.5439485816820553     
  -1.2572599469241068     
  0.88513113445631708     
 -0.45659157821047308     
   6.0938993322523939E-031
  0.45659157821047308     
 -0.88513113445631708     
   1.2572599469241068     
  -1.5439485816820553     
   1.7150288035964536     
  -1.7386160835583482     
   1.5805576610465224     
  -1.2044924700770825     
  0.57455863521690065     
  0.33240335774503094     
  -1.4813434608312701     
   2.6120174156854148     
  -2.6076973168332152     
  -2.5749002136450536     
 -0.24558279328550114     
  -5.9231418519032145E-004
*****  m =    8  l =   32
   7.6953056062456038E-004
  0.30556303454513967     
   2.8967105463893628     
   2.0025217343132327     
  -2.6579054242108122     
   2.1699514453706654     
  -1.4669379271760847     
  0.79709437360790691     
 -0.21924017037290888     
 -0.26120998143373064     
  0.65278347978532014     
 -0.96614630460247797     
   1.2107139943755252     
  -1.3938931566191879     
   1.5211125338572860     
  -1.5960395930687112     
   1.6207857253802405     
  -1.5960395930687112     
   1.5211125338572860     
  -1.3938931566191879     
   1.2107139943755252     
 -0.96614630460247797     
  0.65278347978532014     
 -0.26120998143373064     
 -0.21924017037290888     
  0.79709437360790691     
  -1.4669379271760847     
   2.1699514453706654     
  -2.6579054242108122     
   2.0025217343132327     
   2.8967105463893628     
  0.30556303454513967     
   7.6953056062456038E-004
*****  m =    9  l =    9
   1.3331400406357355E-010
   2.2818394049207042E-007
   1.2295474810879374E-005
   1.8263033843264349E-004
   1.3645585459757723E-003
   6.6055632889511521E-003
   2.3599695675039185E-002
   6.7122212011347354E-002
  0.15940555347873783     
  0.32629907857731855     
  0.58851779762579171     
  0.95000202138631828     
   1.3880284968295096     
   1.8505273211092983     
   2.2640655642346608     
   2.5516472738171601     
   2.6547847521179810     
   2.5516472738171601     
   2.2640655642346608     
   1.8505273211092983     
   1.3880284968295096     
  0.95000202138631828     
  0.58851779762579171     
  0.32629907857731855     
  0.15940555347873783     
   6.7122212011347354E-002
   2.3599695675039185E-002
   6.6055632889511521E-003
   1.3645585459757723E-003
   1.8263033843264349E-004
   1.2295474810879374E-005
   2.2818394049207042E-007
   1.3331400406357355E-010
*****  m =    9  l =   10
   6.0934820512689844E-010
   1.0315073364921968E-006
   5.4475582729805459E-005
   7.8560960684478140E-004
   5.6423607398549420E-003
   2.5972375854043685E-002
   8.7184356205478861E-002
  0.22984258417030218     
  0.49799702620897895     
  0.91248941569332953     
   1.4385138253385812     
   1.9671092471293172     
   2.3301908414190473     
   2.3541755367243891     
   1.9343546756868479     
   1.0948389871905173     
  -1.4995447185678016E-031
  -1.0948389871905173     
  -1.9343546756868479     
  -2.3541755367243891     
  -2.3301908414190473     
  -1.9671092471293172     
  -1.4385138253385812     
 -0.91248941569332953     
 -0.49799702620897895     
 -0.22984258417030218     
  -8.7184356205478861E-002
  -2.5972375854043685E-002
  -5.6423607398549420E-003
  -7.8560960684478140E-004
  -5.4475582729805459E-005
  -1.0315073364921968E-006
  -6.0934820512689844E-010
*****  m =    9  l =   11
   2.0108868356158603E-009
   3.3628181614353685E-006
   1.7369389705599445E-004
   2.4240767976984197E-003
   1.6656722954288890E-002
   7.2427888022403505E-002
  0.22633781651566520     
  0.54590184200488023     
   1.0588584216330310     
   1.6875392903079336     
   2.2199936970705707     
   2.3682586243230230     
   1.9137988441773519     
  0.86776280430684793     
 -0.46362208939230187     
  -1.5786660431279096     
  -2.0130902106077917     
  -1.5786660431279096     
 -0.46362208939230187     
  0.86776280430684793     
   1.9137988441773519     
   2.3682586243230230     
   2.2199936970705707     
   1.6875392903079336     
   1.0588584216330310     
  0.54590184200488023     
  0.22633781651566520     
   7.2427888022403505E-002
   1.6656722954288890E-002
   2.4240767976984197E-003
   1.7369389705599445E-004
   3.3628181614353685E-006
   2.0108868356158603E-009
*****  m =    9  l =   12
   5.5296568589774494E-009
   9.1249811910137930E-006
   4.5997424846380306E-004
   6.1913814142333795E-003
   4.0500421303524055E-002
  0.16516168110020232     
  0.47544509345639929     
   1.0325210394355204     
   1.7478377244254686     
   2.3178232368090179     
   2.3266944955869677     
   1.5226548241248488     
   9.2215079447782969E-002
  -1.3189452186079997     
  -1.9428647534396548     
  -1.3984078798508781     
   2.0533361708680583E-031
   1.3984078798508781     
   1.9428647534396548     
   1.3189452186079997     
  -9.2215079447782969E-002
  -1.5226548241248488     
  -2.3266944955869677     
  -2.3178232368090179     
  -1.7478377244254686     
  -1.0325210394355204     
 -0.47544509345639929     
 -0.16516168110020232     
  -4.0500421303524055E-002
  -6.1913814142333795E-003
  -4.5997424846380306E-004
  -9.1249811910137930E-006
  -5.5296568589774494E-009
*****  m =    9  l =   13
   1.3431804899242756E-008
   2.1847041422167243E-005
   1.0724280584951090E-003
   1.3873909753473940E-002
   8.5941417485932356E-002
  0.32607736627870115     
  0.85403956768086242     
   1.6363499679114111     
   2.3293869418454878     
   2.3703201283201785     
   1.4019596732841664     
 -0.26559258681909070     
  -1.6608976296430580     
  -1.8095913561732224     
 -0.57818544214573397     
   1.0845981696723419     
   1.8454833853569810     
   1.0845981696723419     
 -0.57818544214573397     
  -1.8095913561732224     
  -1.6608976296430580     
 -0.26559258681909070     
   1.4019596732841664     
   2.3703201283201785     
   2.3293869418454878     
   1.6363499679114111     
  0.85403956768086242     
  0.32607736627870115     
   8.5941417485932356E-002
   1.3873909753473940E-002
   1.0724280584951090E-003
   2.1847041422167243E-005
   1.3431804899242756E-008
*****  m =    9  l =   14
   2.9748207359333193E-008
   4.7637288322844520E-005
   2.2721309385535372E-003
   2.8149249442733792E-002
  0.16418788582909521     
  0.57442929667796938     
   1.3485797062839557     
   2.2177365911915836     
   2.4969594868092848     
   1.5905984985408850     
 -0.24085495794421133     
  -1.7477163716178257     
  -1.6745435752950621     
  -6.8181259095574681E-002
   1.5491972274481125     
   1.5824988017236132     
  -2.5281138991026140E-031
  -1.5824988017236132     
  -1.5491972274481125     
   6.8181259095574681E-002
   1.6745435752950621     
   1.7477163716178257     
  0.24085495794421133     
  -1.5905984985408850     
  -2.4969594868092848     
  -2.2177365911915836     
  -1.3485797062839557     
 -0.57442929667796938     
 -0.16418788582909521     
  -2.8149249442733792E-002
  -2.2721309385535372E-003
  -4.7637288322844520E-005
  -2.9748207359333193E-008
*****  m =    9  l =   15
   6.1275991430693906E-008
   9.6495020755963195E-005
   4.4619029939358288E-003
   5.2737024858911449E-002
  0.28787370020051817     
  0.91924087205051319     
   1.8986297612358627     
   2.5736931888745693     
   2.0227467472436969     
  0.15555079508163341     
  -1.6634580201656557     
  -1.7188458495671777     
   5.7636114637152090E-002
   1.6855018155200898     
   1.2753249176462000     
 -0.66834758730811272     
  -1.7671636864822537     
 -0.66834758730811272     
   1.2753249176462000     
   1.6855018155200898     
   5.7636114637152090E-002
  -1.7188458495671777     
  -1.6634580201656557     
  0.15555079508163341     
   2.0227467472436969     
   2.5736931888745693     
   1.8986297612358627     
  0.91924087205051319     
  0.28787370020051817     
   5.2737024858911449E-002
   4.4619029939358288E-003
   9.6495020755963195E-005
   6.1275991430693906E-008
*****  m =    9  l =   16
   1.1898503647706719E-007
   1.8404844492378854E-004
   8.2313999287321419E-003
   9.2451471076483882E-002
  0.46915206252579161     
   1.3511054004462837     
   2.3957216625093802     
   2.5037537381521147     
  0.91787082916626905     
  -1.3096436982811348     
  -1.9121734290605854     
 -0.18661787333157218     
   1.6714292903259964     
   1.1972861037854403     
 -0.92420736105618229     
  -1.6826124078480511     
   2.9729827245187378E-031
   1.6826124078480511     
  0.92420736105618229     
  -1.1972861037854403     
  -1.6714292903259964     
  0.18661787333157218     
   1.9121734290605854     
   1.3096436982811348     
 -0.91787082916626905     
  -2.5037537381521147     
  -2.3957216625093802     
  -1.3511054004462837     
 -0.46915206252579161     
  -9.2451471076483882E-002
  -8.2313999287321419E-003
  -1.8404844492378854E-004
  -1.1898503647706719E-007
*****  m =    9  l =   17
   2.1993940088294997E-007
   3.3378076668887590E-004
   1.4404685453401591E-002
  0.15310273217372944     
  0.71697298680892296     
   1.8358273015851945     
   2.7006543354517607     
   1.9002460389177160     
 -0.49689992711803038     
  -2.0348844264655210     
 -0.78217062861513531     
   1.4765375337234703     
   1.3867079449008934     
 -0.85951052824012097     
  -1.6490096502693574     
  0.28014537998058625     
   1.7223337454376799     
  0.28014537998058625     
  -1.6490096502693574     
 -0.85951052824012097     
   1.3867079449008934     
   1.4765375337234703     
 -0.78217062861513531     
  -2.0348844264655210     
 -0.49689992711803038     
   1.9002460389177160     
   2.7006543354517607     
   1.8358273015851945     
  0.71697298680892296     
  0.15310273217372944     
   1.4404685453401591E-002
   3.3378076668887590E-004
   2.1993940088294997E-007
*****  m =    9  l =   18
   3.8986063732215761E-007
   5.7979618813175566E-004
   2.4086191310121290E-002
  0.24120097504530025     
   1.0338535240247708     
   2.3126519222603688     
   2.6790322931724693     
  0.82509284943964611     
  -1.6812088741425304     
  -1.5836476654774490     
  0.91015231395880125     
   1.7229974972073017     
 -0.46468540502563921     
  -1.7237541319847405     
  0.19567406454727870     
   1.7089297949336795     
  -3.4025753154202908E-031
  -1.7089297949336795     
 -0.19567406454727870     
   1.7237541319847405     
  0.46468540502563921     
  -1.7229974972073017     
 -0.91015231395880125     
   1.5836476654774490     
   1.6812088741425304     
 -0.82509284943964611     
  -2.6790322931724693     
  -2.3126519222603688     
  -1.0338535240247708     
 -0.24120097504530025     
  -2.4086191310121290E-002
  -5.7979618813175566E-004
  -3.8986063732215761E-007
*****  m =    9  l =   19
   6.6647752851324882E-007
   9.7016169580569093E-004
   3.8699805796857015E-002
  0.36343473678060007     
   1.4126792387450458     
   2.6992836274504461     
   2.2471420490237510     
 -0.46904380429846143     
  -2.1132506611634612     
 -0.19282164761090917     
   1.8712525203500985     
  0.31539194703467321     
  -1.7501170611021231     
 -0.24110600852150635     
   1.7044249863859349     
   8.7753889637448484E-002
  -1.6937125798318864     
   8.7753889637448484E-002
   1.7044249863859349     
 -0.24110600852150635     
  -1.7501170611021231     
  0.31539194703467321     
   1.8712525203500985     
 -0.19282164761090917     
  -2.1132506611634612     
 -0.46904380429846143     
   2.2471420490237510     
   2.6992836274504461     
   1.4126792387450458     
  0.36343473678060007     
   3.8699805796857015E-002
   9.7016169580569093E-004
   6.6647752851324882E-007
*****  m =    9  l =   20
   1.1038246452109928E-006
   1.5708390986965768E-003
   6.0014911735141188E-002
  0.52592206017701204     
   1.8342430057751669     
   2.9044601308587850     
   1.4137295215513288     
  -1.5984125889270957     
  -1.5674287101265270     
   1.2983851461246982     
   1.3370199963138258     
  -1.3801971970752926     
 -0.97713848375655754     
   1.5501496738655320     
  0.51847167893724766     
  -1.6669887165567534     
   3.8230954337475791E-031
   1.6669887165567534     
 -0.51847167893724766     
  -1.5501496738655320     
  0.97713848375655754     
   1.3801971970752926     
  -1.3370199963138258     
  -1.2983851461246982     
   1.5674287101265270     
   1.5984125889270957     
  -1.4137295215513288     
  -2.9044601308587850     
  -1.8342430057751669     
 -0.52592206017701204     
  -6.0014911735141188E-002
  -1.5708390986965768E-003
  -1.1038246452109928E-006
*****  m =    9  l =   21
   1.7776700332276979E-006
   2.4701948870202279E-003
   9.0152668949304016E-002
  0.73326776423935136     
   2.2662762322409922     
   2.8467811781596546     
  0.30096528274105355     
  -2.1795120850513068     
 -0.27590084888307947     
   1.9439898668361872     
 -0.27141867327540725     
  -1.6918422779761000     
  0.93770571927302171     
   1.1906349907230915     
  -1.4707920545153677     
 -0.43214273216364163     
   1.6741166997720849     
 -0.43214273216364163     
  -1.4707920545153677     
   1.1906349907230915     
  0.93770571927302171     
  -1.6918422779761000     
 -0.27141867327540725     
   1.9439898668361872     
 -0.27590084888307947     
  -2.1795120850513068     
  0.30096528274105355     
   2.8467811781596546     
   2.2662762322409922     
  0.73326776423935136     
   9.0152668949304016E-002
   2.4701948870202279E-003
   1.7776700332276979E-006
*****  m =    9  l =   22
   2.7922699944235937E-006
   3.7840435854760305E-003
  0.13156583960082494     
  0.98749879005595698     
   2.6646179333206388     
   2.4762921738455437     
 -0.86819187356917105     
  -1.9859203515242163     
   1.1398832680272974     
   1.3138351800291328     
  -1.6411158281585325     
 -0.30846518132528367     
   1.7202684011914926     
 -0.81065366996925725     
  -1.1142437033700106     
   1.5619532147890054     
  -4.2377051911981837E-031
  -1.5619532147890054     
   1.1142437033700106     
  0.81065366996925725     
  -1.7202684011914926     
  0.30846518132528367     
   1.6411158281585325     
  -1.3138351800291328     
  -1.1398832680272974     
   1.9859203515242163     
  0.86819187356917105     
  -2.4762921738455437     
  -2.6646179333206388     
 -0.98749879005595698     
 -0.13156583960082494     
  -3.7840435854760305E-003
  -2.7922699944235937E-006
*****  m =    9  l =   23
   4.2886660405643702E-006
   5.6611441173521054E-003
  0.18698609349017048     
   1.2869867345774906     
   2.9768874608311635     
   1.7936580766526717     
  -1.8191695124854679     
  -1.0631159674124675     
   1.9620358583187256     
 -0.18557836002794967     
  -1.6328212449020201     
   1.3747563713761695     
  0.43948009104352215     
  -1.6695844814452845     
   1.0070383433466699     
  0.74626815784430578     
  -1.6600223905108462     
  0.74626815784430578     
   1.0070383433466699     
  -1.6695844814452845     
  0.43948009104352215     
   1.3747563713761695     
  -1.6328212449020201     
 -0.18557836002794967     
   1.9620358583187256     
  -1.0631159674124675     
  -1.8191695124854679     
   1.7936580766526717     
   2.9768874608311635     
   1.2869867345774906     
  0.18698609349017048     
   5.6611441173521054E-003
   4.2886660405643702E-006
*****  m =    9  l =   24
   6.4547553592346772E-006
   8.2890293291335640E-003
  0.25933406801916792     
   1.6254964455313710     
   3.1486027225024067     
  0.86125416441022784     
  -2.3014233589813746     
  0.25798708697381351     
   1.7535385786378734     
  -1.5485469212275382     
 -0.24939799322856471     
   1.6460959562419195     
  -1.3604806118579302     
 -0.19498386372369880     
   1.5111102722226535     
  -1.3998713007410546     
   4.6482140171288239E-031
   1.3998713007410546     
  -1.5111102722226535     
  0.19498386372369880     
   1.3604806118579302     
  -1.6460959562419195     
  0.24939799322856471     
   1.5485469212275382     
  -1.7535385786378734     
 -0.25798708697381351     
   2.3014233589813746     
 -0.86125416441022784     
  -3.1486027225024067     
  -1.6254964455313710     
 -0.25933406801916792     
  -8.2890293291335640E-003
  -6.4547553592346772E-006
*****  m =    9  l =   25
   9.5373812190634463E-006
   1.1900007580328860E-002
  0.35158950231567221     
   1.9915159494321464     
   3.1311804652649240     
 -0.19846747063206538     
  -2.1688735514950106     
   1.4695565561155413     
  0.61259453201182290     
  -1.8409956223136279     
   1.3373588745885769     
  0.22811934667676423     
  -1.5049123242480600     
   1.5429895427804006     
 -0.39682354907507472     
  -1.0224652644071677     
   1.6495035500808799     
  -1.0224652644071677     
 -0.39682354907507472     
   1.5429895427804006     
  -1.5049123242480600     
  0.22811934667676423     
   1.3373588745885769     
  -1.8409956223136279     
  0.61259453201182290     
   1.4695565561155413     
  -2.1688735514950106     
 -0.19846747063206538     
   3.1311804652649240     
   1.9915159494321464     
  0.35158950231567221     
   1.1900007580328860E-002
   9.5373812190634463E-006
*****  m =    9  l =   26
   1.3856703333030970E-005
   1.6777133761004478E-002
  0.46662146236806529     
   2.3680210234010066     
   2.8907611286303712     
  -1.2194194528650752     
  -1.4380335627645802     
   2.0839286630848002     
 -0.85367240759940766     
 -0.85458136514094929     
   1.7684106619237163     
  -1.4172568454774133     
  0.17786571311351354     
   1.1068806702988212     
  -1.6604046653204374     
   1.1880469727021474     
  -5.0557436354664309E-031
  -1.1880469727021474     
   1.6604046653204374     
  -1.1068806702988212     
 -0.17786571311351354     
   1.4172568454774133     
  -1.7684106619237163     
  0.85458136514094929     
  0.85367240759940766     
  -2.0839286630848002     
   1.4380335627645802     
   1.2194194528650752     
  -2.8907611286303712     
  -2.3680210234010066     
 -0.46662146236806529     
  -1.6777133761004478E-002
  -1.3856703333030970E-005
*****  m =    9  l =   27
   1.9823119966918164E-005
   2.3259907045971379E-002
  0.60698190265724328     
   2.7328042478918584     
   2.4164241130487771     
  -2.0216057881704752     
 -0.30055201189729003     
   1.8403432109871685     
  -1.8439388571148052     
  0.72589435917789413     
  0.66978998745279772     
  -1.5852359707450221     
   1.6357398332356505     
 -0.88370285788472636     
 -0.26169366880618794     
   1.2533875690508065     
  -1.6414229117038766     
   1.2533875690508065     
 -0.26169366880618794     
 -0.88370285788472636     
   1.6357398332356505     
  -1.5852359707450221     
  0.66978998745279772     
  0.72589435917789413     
  -1.8439388571148052     
   1.8403432109871685     
 -0.30055201189729003     
  -2.0216057881704752     
   2.4164241130487771     
   2.7328042478918584     
  0.60698190265724328     
   2.3259907045971379E-002
   1.9823119966918164E-005
*****  m =    9  l =   28
   2.7957023199549659E-005
   3.1749416064273658E-002
  0.77466938397911944     
   3.0594528213996277     
   1.7261989053443259     
  -2.4488172435680893     
  0.92012468681033532     
  0.82910985900268841     
  -1.8046493002582842     
   1.7863111151123945     
  -1.0062890265984890     
 -0.10151789421605527     
   1.0883388939221681     
  -1.6201336222754907     
   1.5501600183360704     
 -0.93506037849895718     
   5.4610316861728165E-031
  0.93506037849895718     
  -1.5501600183360704     
   1.6201336222754907     
  -1.0883388939221681     
  0.10151789421605527     
   1.0062890265984890     
  -1.7863111151123945     
   1.8046493002582842     
 -0.82910985900268841     
 -0.92012468681033532     
   2.4488172435680893     
  -1.7261989053443259     
  -3.0594528213996277     
 -0.77466938397911944     
  -3.1749416064273658E-002
  -2.7957023199549659E-005
*****  m =    9  l =   29
   3.8911675891701298E-005
   4.2712620971933554E-002
  0.97087344461657576     
   3.3189942456601735     
  0.86940248915562535     
  -2.4060462475284115     
   1.8597522252445493     
 -0.52998229352140791     
 -0.75119234046966743     
   1.5699791583099421     
  -1.7962757178896156     
   1.4826068213414150     
 -0.79071229730798454     
  -6.5827053363550520E-002
  0.86863449229933809     
  -1.4327044292325870     
   1.6350687515667377     
  -1.4327044292325870     
  0.86863449229933809     
  -6.5827053363550520E-002
 -0.79071229730798454     
   1.4826068213414150     
  -1.7962757178896156     
   1.5699791583099421     
 -0.75119234046966743     
 -0.52998229352140791     
   1.8597522252445493     
  -2.4060462475284115     
  0.86940248915562535     
   3.3189942456601735     
  0.97087344461657576     
   4.2712620971933554E-002
   3.8911675891701298E-005
*****  m =    9  l =   30
   5.3499503289171254E-005
   5.6685438187694490E-002
   1.1957136174846241     
   3.4821497746829904     
  -7.5735674619953092E-002
  -1.8872492722507082     
   2.2259351486338046     
  -1.6564025305872572     
  0.72486628036301659     
  0.22825618170753900     
  -1.0056748164143146     
   1.5054963936697625     
  -1.6917940404589882     
   1.5762112471861187     
  -1.2053006479505544     
  0.65061329713553229     
  -5.8645857507309987E-031
 -0.65061329713553229     
   1.2053006479505544     
  -1.5762112471861187     
   1.6917940404589882     
  -1.5054963936697625     
   1.0056748164143146     
 -0.22825618170753900     
 -0.72486628036301659     
   1.6564025305872572     
  -2.2259351486338046     
   1.8872492722507082     
   7.5735674619953092E-002
  -3.4821497746829904     
  -1.1957136174846241     
  -5.6685438187694490E-002
  -5.3499503289171254E-005
*****  m =    9  l =   31
   7.2722093472454467E-005
   7.4274279234039522E-002
   1.4479900898149489     
   3.5220505834462505     
  -1.0095022240338192     
 -0.98533223875443654     
   1.8960210293493327     
  -2.0581798175922055     
   1.7815312189873549     
  -1.2740037579879480     
  0.66970382357074332     
  -5.6419110851043903E-002
 -0.50691522405030875     
  0.98003409153540688     
  -1.3355268484347618     
   1.5555434199704370     
  -1.6299748459814438     
   1.5555434199704370     
  -1.3355268484347618     
  0.98003409153540688     
 -0.50691522405030875     
  -5.6419110851043903E-002
  0.66970382357074332     
  -1.2740037579879480     
   1.7815312189873549     
  -2.0581798175922055     
   1.8960210293493327     
 -0.98533223875443654     
  -1.0095022240338192     
   3.5220505834462505     
   1.4479900898149489     
   7.4274279234039522E-002
   7.2722093472454467E-005
*****  m =    9  l =   32
   9.7804198786382213E-005
   9.6155692008341800E-002
   1.7249652032577980     
   3.4171912275707865     
  -1.8226573521160148     
  0.12018635686222362     
  0.96552359643315244     
  -1.5531140989372823     
   1.8080904205534738     
  -1.8477231426861012     
   1.7472341598832646     
  -1.5543877605517538     
   1.3000562878374831     
  -1.0048280919240842     
  0.68303877363511800     
 -0.34527393674141049     
   6.2667679252155147E-031
  0.34527393674141049     
 -0.68303877363511800     
   1.0048280919240842     
  -1.3000562878374831     
   1.5543877605517538     
  -1.7472341598832646     
   1.8477231426861012     
  -1.8080904205534738     
   1.5531140989372823     
 -0.96552359643315244     
 -0.12018635686222362     
   1.8226573521160148     
  -3.4171912275707865     
  -1.7249652032577980     
  -9.6155692008341800E-002
  -9.7804198786382213E-005
*****  m =   10  l =   10
   9.7976073031625631E-012
   3.8352796137333681E-008
   3.2184126799749755E-006
   6.4516740645218540E-005
   6.0275143362124764E-004
   3.4766254194794331E-003
   1.4308644918509762E-002
   4.5708645108523537E-002
  0.11950140207632111     
  0.26488260876624148     
  0.51010269235117367     
  0.86841988298455697     
   1.3234291804020595     
   1.8216933912146074     
   2.2792994806613924     
   2.6031740971521393     
   2.7203448649173207     
   2.6031740971521393     
   2.2792994806613924     
   1.8216933912146074     
   1.3234291804020595     
  0.86841988298455697     
  0.51010269235117367     
  0.26488260876624148     
  0.11950140207632111     
   4.5708645108523537E-002
   1.4308644918509762E-002
   3.4766254194794331E-003
   6.0275143362124764E-004
   6.4516740645218540E-005
   3.2184126799749755E-006
   3.8352796137333681E-008
   9.7976073031625631E-012
*****  m =   10  l =   11
   4.6866666330457378E-011
   1.8144230238334266E-007
   1.4922877758392536E-005
   2.9044275743116696E-004
   2.6083219608452370E-003
   1.4305860734583795E-002
   5.5320352574948682E-002
  0.16380111528946859     
  0.39070644312542918     
  0.77521060246955409     
   1.3048672329672955     
   1.8818628961492549     
   2.3251345276203539     
   2.4253414801594095     
   2.0379933872446694     
   1.1689262175183335     
  -1.6080825592713100E-031
  -1.1689262175183335     
  -2.0379933872446694     
  -2.4253414801594095     
  -2.3251345276203539     
  -1.8818628961492549     
  -1.3048672329672955     
 -0.77521060246955409     
 -0.39070644312542918     
 -0.16380111528946859     
  -5.5320352574948682E-002
  -1.4305860734583795E-002
  -2.6083219608452370E-003
  -2.9044275743116696E-004
  -1.4922877758392536E-005
  -1.8144230238334266E-007
  -4.6866666330457378E-011
*****  m =   10  l =   12
   1.6160117918729998E-010
   6.1811946853924665E-007
   4.9730369036936745E-005
   9.3694973840893943E-004
   8.0536654523249082E-003
   4.1751879936376309E-002
  0.15043301331894027     
  0.40801091849627208     
  0.87280164342960687     
   1.5104692024501845     
   2.1315423495295986     
   2.4193048173412874     
   2.0816364596261496     
   1.0608110630031373     
 -0.34452605697876848     
  -1.5665631345319782     
  -2.0505370948410895     
  -1.5665631345319782     
 -0.34452605697876848     
   1.0608110630031373     
   2.0816364596261496     
   2.4193048173412874     
   2.1315423495295986     
   1.5104692024501845     
  0.87280164342960687     
  0.40801091849627208     
  0.15043301331894027     
   4.1751879936376309E-002
   8.0536654523249082E-003
   9.3694973840893943E-004
   4.9730369036936745E-005
   6.1811946853924665E-007
   1.6160117918729998E-010
*****  m =   10  l =   13
   4.6359161573187587E-010
   1.7501320531913245E-006
   1.3747066411239946E-004
   2.4995630025205062E-003
   2.0472243370570044E-002
   9.9668268507557833E-002
  0.33144535390225571     
  0.81185070792406289     
   1.5230018717142584     
   2.2122622888665693     
   2.4270560177284874     
   1.7909034490988149     
  0.37342852302395346     
  -1.1773374797945044     
  -1.9641882683879661     
  -1.4701327339740335     
   2.1818481058711087E-031
   1.4701327339740335     
   1.9641882683879661     
   1.1773374797945044     
 -0.37342852302395346     
  -1.7909034490988149     
  -2.4270560177284874     
  -2.2122622888665693     
  -1.5230018717142584     
 -0.81185070792406289     
 -0.33144535390225571     
  -9.9668268507557833E-002
  -2.0472243370570044E-002
  -2.4995630025205062E-003
  -1.3747066411239946E-004
  -1.7501320531913245E-006
  -4.6359161573187587E-010
*****  m =   10  l =   14
   1.1730106667507514E-009
   4.3661265200655748E-006
   3.3417028823222840E-004
   5.8453786510928073E-003
   4.5401946262435953E-002
  0.20610377594287418     
  0.62573669339161153     
   1.3599566930064355     
   2.1682822163457538     
   2.4763231001105379     
   1.7508642721610057     
  0.10199767005960750     
  -1.5100468920717078     
  -1.9020517199346103     
 -0.73125498205941319     
   1.0373104582049810     
   1.8723436135202309     
   1.0373104582049810     
 -0.73125498205941319     
  -1.9020517199346103     
  -1.5100468920717078     
  0.10199767005960750     
   1.7508642721610057     
   2.4763231001105379     
   2.1682822163457538     
   1.3599566930064355     
  0.62573669339161153     
  0.20610377594287418     
   4.5401946262435953E-002
   5.8453786510928073E-003
   3.3417028823222840E-004
   4.3661265200655748E-006
   1.1730106667507514E-009
*****  m =   10  l =   15
   2.7023409407147693E-009
   9.9070190871094939E-006
   7.3735310834206400E-004
   1.2367883438480746E-002
   9.0640685897331083E-002
  0.38065370178256785     
   1.0415795587324117     
   1.9628860826528498     
   2.5340437377775529     
   1.9752258180450137     
  0.22542722680085925     
  -1.5581150656700109     
  -1.8341988754654510     
 -0.31050190312184806     
   1.4788111614240136     
   1.6409665960282298     
  -2.6677361125020502E-031
  -1.6409665960282298     
  -1.4788111614240136     
  0.31050190312184806     
   1.8341988754654510     
   1.5581150656700109     
 -0.22542722680085925     
  -1.9752258180450137     
  -2.5340437377775529     
  -1.9628860826528498     
  -1.0415795587324117     
 -0.38065370178256785     
  -9.0640685897331083E-002
  -1.2367883438480746E-002
  -7.3735310834206400E-004
  -9.9070190871094939E-006
  -2.7023409407147693E-009
*****  m =   10  l =   16
   5.7822416095716644E-009
   2.0857124464651510E-005
   1.5064738887115485E-003
   2.4148354782802476E-002
  0.16608548532425940     
  0.63956343048295627     
   1.5527515057269938     
   2.4573956254973415     
   2.3534211046774463     
  0.72209970729782025     
  -1.3639604732939221     
  -1.9002864464861264     
 -0.27878114050743208     
   1.5955028562969478     
   1.4042979165141769     
 -0.59705615880887242     
  -1.7878712140280399     
 -0.59705615880887242     
   1.4042979165141769     
   1.5955028562969478     
 -0.27878114050743208     
  -1.9002864464861264     
  -1.3639604732939221     
  0.72209970729782025     
   2.3534211046774463     
   2.4573956254973415     
   1.5527515057269938     
  0.63956343048295627     
  0.16608548532425940     
   2.4148354782802476E-002
   1.5064738887115485E-003
   2.0857124464651510E-005
   5.7822416095716644E-009
*****  m =   10  l =   17
   1.1648568735173285E-008
   4.1298110439902093E-005
   2.8887447705623738E-003
   4.4097279733178923E-002
  0.28296814273138843     
  0.98908639650629737     
   2.0889694988814411     
   2.6444380437749340     
   1.5199510053641674     
 -0.81745289974094026     
  -2.0161004240269271     
 -0.61850033711519703     
   1.5181746025861096     
   1.3946854970557967     
 -0.78034234063788965     
  -1.7223021956157096     
   3.1200722144519247E-031
   1.7223021956157096     
  0.78034234063788965     
  -1.3946854970557967     
  -1.5181746025861096     
  0.61850033711519703     
   2.0161004240269271     
  0.81745289974094026     
  -1.5199510053641674     
  -2.6444380437749340     
  -2.0889694988814411     
 -0.98908639650629737     
 -0.28296814273138843     
  -4.4097279733178923E-002
  -2.8887447705623738E-003
  -4.1298110439902093E-005
  -1.1648568735173285E-008
*****  m =   10  l =   18
   2.2311935173873703E-008
   7.7666795002588973E-005
   5.2500718986447457E-003
   7.6040786127691301E-002
  0.45237298502896756     
   1.4184401334464205     
   2.5389015748995112     
   2.3609973889339737     
  0.20243670888890150     
  -1.9017737834691875     
  -1.2590002126423920     
   1.1763262756268777     
   1.6084134788712730     
 -0.62090690180971486     
  -1.7156831449547247     
  0.19297927381959340     
   1.7389496880279667     
  0.19297927381959340     
  -1.7156831449547247     
 -0.62090690180971486     
   1.6084134788712730     
   1.1763262756268777     
  -1.2590002126423920     
  -1.9017737834691875     
  0.20243670888890150     
   2.3609973889339737     
   2.5389015748995112     
   1.4184401334464205     
  0.45237298502896756     
   7.6040786127691301E-002
   5.2500718986447457E-003
   7.7666795002588973E-005
   2.2311935173873703E-008
*****  m =   10  l =   19
   4.0936199419794602E-008
   1.3976039896693623E-004
   9.1101205551413142E-003
  0.12471197683421140     
  0.68305377832765690     
   1.8944027459748227     
   2.7697779220563641     
   1.5621905473155113     
  -1.1618852205253087     
  -1.9294139332602132     
  0.39257405734427275     
   1.8546262026164535     
  -9.9188620618505363E-002
  -1.7691835093059367     
   1.0989558126191134E-002
   1.7267545301141625     
  -3.5551601706136225E-031
  -1.7267545301141625     
  -1.0989558126191134E-002
   1.7691835093059367     
   9.9188620618505363E-002
  -1.8546262026164535     
 -0.39257405734427275     
   1.9294139332602132     
   1.1618852205253087     
  -1.5621905473155113     
  -2.7697779220563641     
  -1.8944027459748227     
 -0.68305377832765690     
 -0.12471197683421140     
  -9.1101205551413142E-003
  -1.3976039896693623E-004
  -4.0936199419794602E-008
*****  m =   10  l =   20
   7.2357913400530534E-008
   2.4203359823590960E-004
   1.5179705521197269E-002
  0.19560724317006722     
  0.97874223438830388     
   2.3598506327158093     
   2.6621761180333117     
  0.37678432225540853     
  -2.0274566907975884     
 -0.85098181816311025     
   1.7195911380965880     
  0.77971226426442763     
  -1.6631307022730146     
 -0.52424282678950573     
   1.6892952358252231     
  0.18378322062879482     
  -1.7074095634628250     
  0.18378322062879482     
   1.6892952358252231     
 -0.52424282678950573     
  -1.6631307022730146     
  0.77971226426442763     
   1.7195911380965880     
 -0.85098181816311025     
  -2.0274566907975884     
  0.37678432225540853     
   2.6621761180333117     
   2.3598506327158093     
  0.97874223438830388     
  0.19560724317006722     
   1.5179705521197269E-002
   2.4203359823590960E-004
   7.2357913400530534E-008
*****  m =   10  l =   21
   1.2378503600753843E-007
   4.0523010530092100E-004
   2.4397815780645291E-002
  0.29467466051180502     
   1.3353291580735558     
   2.7381294427520593     
   2.1519584191353749     
 -0.89840590356855055     
  -1.9984587359003865     
  0.71946306782637492     
   1.6989019213256733     
  -1.0255096297572819     
  -1.2876584176794279     
   1.4115276427081962     
  0.70530674656893533     
  -1.6615271635043045     
   3.9799503858858673E-031
   1.6615271635043045     
 -0.70530674656893533     
  -1.4115276427081962     
   1.2876584176794279     
   1.0255096297572819     
  -1.6989019213256733     
 -0.71946306782637492     
   1.9984587359003865     
  0.89840590356855055     
  -2.1519584191353749     
  -2.7381294427520593     
  -1.3353291580735558     
 -0.29467466051180502     
  -2.4397815780645291E-002
  -4.0523010530092100E-004
  -1.2378503600753843E-007
*****  m =   10  l =   22
   2.0572012030356068E-007
   6.5838711299927679E-004
   3.7964706087290190E-002
  0.42781620605838910     
   1.7384589840495790     
   2.9440121050432864     
   1.2660907739054521     
  -1.8789404188087175     
  -1.0567246268558343     
   1.8256954209125036     
  0.33651188646898966     
  -1.8099497456500944     
  0.58301121990639015     
   1.3971830464900383     
  -1.3725696327531272     
 -0.53066202298771126     
   1.6856352920062023     
 -0.53066202298771126     
  -1.3725696327531272     
   1.3971830464900383     
  0.58301121990639015     
  -1.8099497456500944     
  0.33651188646898966     
   1.8256954209125036     
  -1.0567246268558343     
  -1.8789404188087175     
   1.2660907739054521     
   2.9440121050432864     
   1.7384589840495790     
  0.42781620605838910     
   3.7964706087290190E-002
   6.5838711299927679E-004
   2.0572012030356068E-007
*****  m =   10  l =   23
   3.3316068457273514E-007
   1.0412433905122105E-003
   5.7366715019917532E-002
  0.60020746402872305     
   2.1621633276067262     
   2.9002942234882405     
  0.13772346995625803     
  -2.2287747877720920     
  0.37716224141991783     
   1.7621182651621012     
  -1.2818884144818203     
 -0.80152254206313467     
   1.7478842605047429     
 -0.53495997280713947     
  -1.2658336015342526     
   1.5331372974837114     
  -4.3980017038147668E-031
  -1.5331372974837114     
   1.2658336015342526     
  0.53495997280713947     
  -1.7478842605047429     
  0.80152254206313467     
   1.2818884144818203     
  -1.7621182651621012     
 -0.37716224141991783     
   2.2287747877720920     
 -0.13772346995625803     
  -2.9002942234882405     
  -2.1621633276067262     
 -0.60020746402872305     
  -5.7366715019917532E-002
  -1.0412433905122105E-003
  -3.3316068457273514E-007
*****  m =   10  l =   24
   5.2713754520026626E-007
   1.6070708676218348E-003
   8.4387901721946920E-002
  0.81546611088158916     
   2.5691298127984985     
   2.5571953306524806     
  -1.0100274049559095     
  -1.8018724542677218     
   1.6124050039385920     
  0.55665942392812873     
  -1.8373306658971114     
  0.99638885224258444     
  0.83088844571592924     
  -1.7107707893842219     
  0.84061798032584967     
  0.84144718530889706     
  -1.6698619480318710     
  0.84144718530889706     
  0.84061798032584967     
  -1.7107707893842219     
  0.83088844571592924     
  0.99638885224258444     
  -1.8373306658971114     
  0.55665942392812873     
   1.6124050039385920     
  -1.8018724542677218     
  -1.0100274049559095     
   2.5571953306524806     
   2.5691298127984985     
  0.81546611088158916     
   8.4387901721946920E-002
   1.6070708676218348E-003
   5.2713754520026626E-007
*****  m =   10  l =   25
   8.1666047482806453E-007
   2.4259350404358900E-003
  0.12110333393829566     
   1.0747309529135605     
   2.9130366906889535     
   1.9102078247441172     
  -1.9130806223341483     
 -0.72684718333768772     
   2.0241319950199537     
  -1.0066815982388930     
 -0.86665533909212566     
   1.7772761442593810     
  -1.0696006809237513     
 -0.50554804904134665     
   1.5974893855582222     
  -1.3488013213655801     
   4.8113586085097502E-031
   1.3488013213655801     
  -1.5974893855582222     
  0.50554804904134665     
   1.0696006809237513     
  -1.7772761442593810     
  0.86665533909212566     
   1.0066815982388930     
  -2.0241319950199537     
  0.72684718333768772     
   1.9130806223341483     
  -1.9102078247441172     
  -2.9130366906889535     
  -1.0747309529135605     
 -0.12110333393829566     
  -2.4259350404358900E-003
  -8.1666047482806453E-007
*****  m =   10  l =   26
   1.2411495916660070E-006
   3.5883714921764553E-003
  0.16984900139528464     
   1.3757427124536992     
   3.1430854329769939     
   1.0114040154415695     
  -2.3380688186105258     
  0.61254312711083081     
   1.3882967261866888     
  -1.8834906568581209     
  0.82290795541625050     
  0.75032559666145171     
  -1.6738170040412912     
   1.3946112136622066     
 -0.18946556302281392     
  -1.1090553788182176     
   1.6580165952006720     
  -1.1090553788182176     
 -0.18946556302281392     
   1.3946112136622066     
  -1.6738170040412912     
  0.75032559666145171     
  0.82290795541625050     
  -1.8834906568581209     
   1.3882967261866888     
  0.61254312711083081     
  -2.3380688186105258     
   1.0114040154415695     
   3.1430854329769939     
   1.3757427124536992     
  0.16984900139528464     
   3.5883714921764553E-003
   1.2411495916660070E-006
*****  m =   10  l =   27
   1.8534403118112987E-006
   5.2094444271921728E-003
  0.23316394465736334     
   1.7120415647932288     
   3.2104666213618147     
  -3.0145073550326064E-002
  -2.1564964179377792     
   1.7076507259118228     
   2.5959358791344121E-002
  -1.4739407987684858     
   1.8061577781071918     
  -1.0363312294738996     
 -0.25710684164259084     
   1.3358466007725833     
  -1.6635669090195380     
   1.1168407194422632     
  -5.2212930058043433E-031
  -1.1168407194422632     
   1.6635669090195380     
  -1.3358466007725833     
  0.25710684164259084     
   1.0363312294738996     
  -1.8061577781071918     
   1.4739407987684858     
  -2.5959358791344121E-002
  -1.7076507259118228     
   2.1564964179377792     
   3.0145073550326064E-002
  -3.2104666213618147     
  -1.7120415647932288     
 -0.23316394465736334     
  -5.2094444271921728E-003
  -1.8534403118112987E-006
*****  m =   10  l =   28
   2.7234594198214277E-006
   7.4331287283307245E-003
  0.31370132444858595     
   2.0724099727497216     
   3.0760614480717923     
  -1.0611958647070550     
  -1.3967101797598238     
   2.1226085330107081     
  -1.3427478816769445     
  -5.2534293943348409E-002
   1.2441200577847225     
  -1.7486832427393550     
   1.4629350945569399     
 -0.59298743958939326     
 -0.47558055350857659     
   1.3268083079925301     
  -1.6488670447320481     
   1.3268083079925301     
 -0.47558055350857659     
 -0.59298743958939326     
   1.4629350945569399     
  -1.7486832427393550     
   1.2441200577847225     
  -5.2534293943348409E-002
  -1.3427478816769445     
   2.1226085330107081     
  -1.3967101797598238     
  -1.0611958647070550     
   3.0760614480717923     
   2.0724099727497216     
  0.31370132444858595     
   7.4331287283307245E-003
   2.7234594198214277E-006
*****  m =   10  l =   29
   3.9426797350307103E-006
   1.0436930219317237E-002
  0.41410681595091015     
   2.4406886013101743     
   2.7182942121621840     
  -1.9097362902952253     
 -0.25282563372650457     
   1.6796560771091968     
  -1.9759570180392019     
   1.3984112811490428     
 -0.38358117392910090     
 -0.65204744529642267     
   1.3975736997285910     
  -1.6799895925224813     
   1.4665105387930446     
 -0.84670377235730232     
   5.6286439779899978E-031
  0.84670377235730232     
  -1.4665105387930446     
   1.6799895925224813     
  -1.3975736997285910     
  0.65204744529642267     
  0.38358117392910090     
  -1.3984112811490428     
   1.9759570180392019     
  -1.6796560771091968     
  0.25282563372650457     
   1.9097362902952253     
  -2.7182942121621840     
  -2.4406886013101743     
 -0.41410681595091015     
  -1.0436930219317237E-002
  -3.9426797350307103E-006
*****  m =   10  l =   30
   5.6294708615673936E-006
   1.4436630284913007E-002
  0.53686485803910011     
   2.7960752611551869     
   2.1397980642427603     
  -2.4189107463977999     
  0.95828185303153079     
  0.54877694088865270     
  -1.5203161013449933     
   1.8623231837576693     
  -1.6726233798519090     
   1.1161031295304473     
 -0.37058499241778731     
 -0.39881737995583011     
   1.0534159745264804     
  -1.4891409691946145     
   1.6416374018203193     
  -1.4891409691946145     
   1.0534159745264804     
 -0.39881737995583011     
 -0.37058499241778731     
   1.1161031295304473     
  -1.6726233798519090     
   1.8623231837576693     
  -1.5203161013449933     
  0.54877694088865270     
  0.95828185303153079     
  -2.4189107463977999     
   2.1397980642427603     
   2.7960752611551869     
  0.53686485803910011     
   1.4436630284913007E-002
   5.6294708615673936E-006
*****  m =   10  l =   31
   7.9354734865708971E-006
   1.9691011691414573E-002
  0.68411583201471260     
   3.1139810642267673     
   1.3715124010996749     
  -2.4825365436954758     
   1.8839406548375914     
 -0.80671524890452362     
 -0.22150093591266287     
   1.0080850718031993     
  -1.5027772459062927     
   1.7149296169612143     
  -1.6788912794328046     
   1.4394728461910187     
  -1.0458135288350849     
  0.54880140834540536     
  -6.0339906204077214E-031
 -0.54880140834540536     
   1.0458135288350849     
  -1.4394728461910187     
   1.6788912794328046     
  -1.7149296169612143     
   1.5027772459062927     
  -1.0080850718031993     
  0.22150093591266287     
  0.80671524890452362     
  -1.8839406548375914     
   2.4825365436954758     
  -1.3715124010996749     
  -3.1139810642267673     
 -0.68411583201471260     
  -1.9691011691414573E-002
  -7.9354734865708971E-006
*****  m =   10  l =   32
   1.1053134500757448E-005
   2.6506393439058151E-002
  0.85745005371325211     
   3.3674657361854501     
  0.47304116531292012     
  -2.0738023371367960     
   2.2423962202713819     
  -1.8158433708713067     
   1.1970329645998643     
 -0.56065800071009064     
  -2.0755262155325031E-002
  0.51914581903072643     
 -0.92551205967895778     
   1.2386591903467532     
  -1.4601519870872157     
   1.5920356162578284     
  -1.6358165174596442     
   1.5920356162578284     
  -1.4601519870872157     
   1.2386591903467532     
 -0.92551205967895778     
  0.51914581903072643     
  -2.0755262155325031E-002
 -0.56065800071009064     
   1.1970329645998643     
  -1.8158433708713067     
   2.2423962202713819     
  -2.0738023371367960     
  0.47304116531292012     
   3.3674657361854501     
  0.85745005371325211     
   2.6506393439058151E-002
   1.1053134500757448E-005
*****  m =   11  l =   11
   7.1849245615743343E-013
   6.4323092542287924E-009
   8.4061296673154209E-007
   2.2742062147518777E-005
   2.6566984256089275E-004
   1.8258448568989542E-003
   8.6566236785776789E-003
   3.1059064037905790E-002
   8.9392376266106771E-002
  0.21456010385261770     
  0.44117770638466514     
  0.79212353211431541     
   1.2591021282478168     
   1.7894229055925293     
   2.2896637682106267     
   2.6499868373594797     
   2.7814838439702609     
   2.6499868373594797     
   2.2896637682106267     
   1.7894229055925293     
   1.2591021282478168     
  0.79212353211431541     
  0.44117770638466514     
  0.21456010385261770     
   8.9392376266106771E-002
   3.1059064037905790E-002
   8.6566236785776789E-003
   1.8258448568989542E-003
   2.6566984256089275E-004
   2.2742062147518777E-005
   8.4061296673154209E-007
   6.4323092542287924E-009
   7.1849245615743343E-013
*****  m =   11  l =   12
   3.5832105920060631E-012
   3.1725941483601729E-008
   4.0636193720926331E-006
   1.0673922879724669E-004
   1.1985917681322583E-003
   7.8329625575452658E-003
   3.4893220710504623E-002
  0.11604139920151543     
  0.30470819939122845     
  0.65466830548959265     
   1.1765986740118788     
   1.7896051583388402     
   2.3062926954566230     
   2.4838003862277001     
   2.1344165374852313     
   1.2406054604149102     
  -1.7142217679780544E-031
  -1.2406054604149102     
  -2.1344165374852313     
  -2.4838003862277001     
  -2.3062926954566230     
  -1.7896051583388402     
  -1.1765986740118788     
 -0.65466830548959265     
 -0.30470819939122845     
 -0.11604139920151543     
  -3.4893220710504623E-002
  -7.8329625575452658E-003
  -1.1985917681322583E-003
  -1.0673922879724669E-004
  -4.0636193720926331E-006
  -3.1725941483601729E-008
  -3.5832105920060631E-012
*****  m =   11  l =   13
   1.2863565892203078E-011
   1.1253665548391793E-007
   1.4102541419448423E-005
   3.5867662867247887E-004
   3.8564080558230289E-003
   2.3833456920178814E-002
   9.8993536088472861E-002
  0.30186697322425898     
  0.71194066026229508     
   1.3372286314356479     
   2.0225636753475227     
   2.4382815573127830     
   2.2239942320768216     
   1.2436537560344603     
 -0.22497611619940980     
  -1.5518930846551713     
  -2.0861128829776958     
  -1.5518930846551713     
 -0.22497611619940980     
   1.2436537560344603     
   2.2239942320768216     
   2.4382815573127830     
   2.0225636753475227     
   1.3372286314356479     
  0.71194066026229508     
  0.30186697322425898     
   9.8993536088472861E-002
   2.3833456920178814E-002
   3.8564080558230289E-003
   3.5867662867247887E-004
   1.4102541419448423E-005
   1.1253665548391793E-007
   1.2863565892203078E-011
*****  m =   11  l =   14
   3.8369026069225239E-011
   3.3135622517206128E-007
   4.0553613525773841E-005
   9.9590202404174072E-004
   1.0210521852245056E-002
   5.9324739950052129E-002
  0.22779248249832315     
  0.62883593219165690     
   1.3056779534653211     
   2.0726055757782293     
   2.4719696487544387     
   2.0178520183454931     
  0.64533125942932801     
  -1.0245723227860817     
  -1.9745960410831034     
  -1.5384345058749678     
   2.3078416841351849E-031
   1.5384345058749678     
   1.9745960410831034     
   1.0245723227860817     
 -0.64533125942932801     
  -2.0178520183454931     
  -2.4719696487544387     
  -2.0726055757782293     
  -1.3056779534653211     
 -0.62883593219165690     
 -0.22779248249832315     
  -5.9324739950052129E-002
  -1.0210521852245056E-002
  -9.9590202404174072E-004
  -4.0553613525773841E-005
  -3.3135622517206128E-007
  -3.8369026069225239E-011
*****  m =   11  l =   15
   1.0081345701482888E-010
   8.5862606175663803E-007
   1.0244373248030960E-004
   2.4221779626145664E-003
   2.3578474704976597E-002
  0.12796796255264661     
  0.44983639541369286     
   1.1068324983257412     
   1.9692317740163556     
   2.5018249426835704     
   2.0361886752581464     
  0.46200043630841753     
  -1.3286308317336746     
  -1.9679072105397624     
 -0.87766300982744017     
  0.98862162338649229     
   1.8982383011284483     
  0.98862162338649229     
 -0.87766300982744017     
  -1.9679072105397624     
  -1.3286308317336746     
  0.46200043630841753     
   2.0361886752581464     
   2.5018249426835704     
   1.9692317740163556     
   1.1068324983257412     
  0.44983639541369286     
  0.12796796255264661     
   2.3578474704976597E-002
   2.4221779626145664E-003
   1.0244373248030960E-004
   8.5862606175663803E-007
   1.0081345701482888E-010
*****  m =   11  l =   16
   2.4087789401774218E-010
   2.0213485760384109E-006
   2.3467887871521452E-004
   5.3264984053078826E-003
   4.9006062445744382E-002
  0.24670381981171688     
  0.78499150904296289     
   1.6879392378777449     
   2.4730840921006165     
   2.2621693036834269     
  0.67527574946781588     
  -1.3146276601174249     
  -1.9440713824721521     
 -0.54457534118767914     
   1.3983441272327328     
   1.6952247875145852     
  -2.8048794389548163E-031
  -1.6952247875145852     
  -1.3983441272327328     
  0.54457534118767914     
   1.9440713824721521     
   1.3146276601174249     
 -0.67527574946781588     
  -2.2621693036834269     
  -2.4730840921006165     
  -1.6879392378777449     
 -0.78499150904296289     
 -0.24670381981171688     
  -4.9006062445744382E-002
  -5.3264984053078826E-003
  -2.3467887871521452E-004
  -2.0213485760384109E-006
  -2.4087789401774218E-010
*****  m =   11  l =   17
   5.3393572254082606E-010
   4.4103936067314020E-006
   4.9734049290429234E-004
   1.0802863379166687E-002
   9.3484655200218161E-002
  0.43312498254770265     
   1.2308262486034414     
   2.2528441981812510     
   2.5449829341166632     
   1.2366361754281601     
 -0.99505791326074389     
  -1.9975750955947682     
 -0.60185492875581970     
   1.4780386299382493     
   1.5195525347032921     
 -0.52548073170953224     
  -1.8080737898995407     
 -0.52548073170953224     
   1.5195525347032921     
   1.4780386299382493     
 -0.60185492875581970     
  -1.9975750955947682     
 -0.99505791326074389     
   1.2366361754281601     
   2.5449829341166632     
   2.2528441981812510     
   1.2308262486034414     
  0.43312498254770265     
   9.3484655200218161E-002
   1.0802863379166687E-002
   4.9734049290429234E-004
   4.4103936067314020E-006
   5.3393572254082606E-010
*****  m =   11  l =   18
   1.1130725216991415E-009
   9.0414704901533376E-006
   9.8841189940677065E-004
   2.0481496163610953E-002
  0.16584595917249886     
  0.70098159228849843     
   1.7499815370065217     
   2.6258473725310592     
   1.9998700696372014     
 -0.27305602800061518     
  -1.9910173174827532     
  -1.0133859467067852     
   1.3157956547329872     
   1.5609258259421095     
 -0.63144053864891092     
  -1.7572377387489813     
   3.2647615656452406E-031
   1.7572377387489813     
  0.63144053864891092     
  -1.5609258259421095     
  -1.3157956547329872     
   1.0133859467067852     
   1.9910173174827532     
  0.27305602800061518     
  -1.9998700696372014     
  -2.6258473725310592     
  -1.7499815370065217     
 -0.70098159228849843     
 -0.16584595917249886     
  -2.0481496163610953E-002
  -9.8841189940677065E-004
  -9.0414704901533376E-006
  -1.1130725216991415E-009
*****  m =   11  l =   19
   2.2039117086149300E-009
   1.7588052125151406E-005
   1.8603863581673546E-003
   3.6654906579111877E-002
  0.27617978359933842     
   1.0542886209694224     
   2.2643464146751850     
   2.6240639751476778     
  0.87231931977534238     
  -1.6091408436215899     
  -1.6380118446579279     
  0.81650930885377038     
   1.7662463942596058     
 -0.37238031826528878     
  -1.7638858829612429     
  0.10671036792097008     
   1.7553221376752166     
  0.10671036792097008     
  -1.7638858829612429     
 -0.37238031826528878     
   1.7662463942596058     
  0.81650930885377038     
  -1.6380118446579279     
  -1.6091408436215899     
  0.87231931977534238     
   2.6240639751476778     
   2.2643464146751850     
   1.0542886209694224     
  0.27617978359933842     
   3.6654906579111877E-002
   1.8603863581673546E-003
   1.7588052125151406E-005
   2.2039117086149300E-009
*****  m =   11  l =   20
   4.1758314976519325E-009
   3.2707894314222229E-005
   3.3409703554121242E-003
   6.2375177194898983E-002
  0.43466635863055214     
   1.4811918321090463     
   2.6615097349351018     
   2.1304055607749444     
 -0.52884756746518846     
  -2.0842238784872107     
 -0.14774488621039264     
   1.8726320847170852     
  0.26437476944120808     
  -1.7714529104544232     
 -0.17079012024538373     
   1.7395551420851976     
  -3.7054334370516170E-031
  -1.7395551420851976     
  0.17079012024538373     
   1.7714529104544232     
 -0.26437476944120808     
  -1.8726320847170852     
  0.14774488621039264     
   2.0842238784872107     
  0.52884756746518846     
  -2.1304055607749444     
  -2.6615097349351018     
  -1.4811918321090463     
 -0.43466635863055214     
  -6.2375177194898983E-002
  -3.3409703554121242E-003
  -3.2707894314222229E-005
  -4.1758314976519325E-009
*****  m =   11  l =   21
   7.6154508229925345E-009
   5.8487987544009063E-005
   5.7577411665155837E-003
  0.10149318080855928     
  0.64980723349535452     
   1.9493237742682965     
   2.8160889894415120     
   1.1637415228429129     
  -1.7015160128065465     
  -1.4076728449108369     
   1.4210289410039625     
   1.1855322904510888     
  -1.5044016843692920     
 -0.78918547886007884     
   1.6546764896139619     
  0.27767938917383866     
  -1.7210197999969876     
  0.27767938917383866     
   1.6546764896139619     
 -0.78918547886007884     
  -1.5044016843692920     
   1.1855322904510888     
   1.4210289410039625     
  -1.4076728449108369     
  -1.7015160128065465     
   1.1637415228429129     
   2.8160889894415120     
   1.9493237742682965     
  0.64980723349535452     
  0.10149318080855928     
   5.7577411665155837E-003
   5.8487987544009063E-005
   7.6154508229925345E-009
*****  m =   11  l =   22
   1.3429793844028608E-008
   1.0103556982216977E-004
   9.5661487122443781E-003
  0.15860760448744232     
  0.92617086716474317     
   2.4046058423900516     
   2.6235393156131916     
  -8.7853718170992551E-002
  -2.1579667346641918     
   6.6812203334423892E-002
   1.8953149804133200     
 -0.60520821677409087     
  -1.5324810879095345     
   1.2366466294167617     
  0.88025457118321104     
  -1.6510677536503569     
   4.1345825566699546E-031
   1.6510677536503569     
 -0.88025457118321104     
  -1.2366466294167617     
   1.5324810879095345     
  0.60520821677409087     
  -1.8953149804133200     
  -6.6812203334423892E-002
   2.1579667346641918     
   8.7853718170992551E-002
  -2.6235393156131916     
  -2.4046058423900516     
 -0.92617086716474317     
 -0.15860760448744232     
  -9.5661487122443781E-003
  -1.0103556982216977E-004
  -1.3429793844028608E-008
*****  m =   11  l =   23
   2.2988335619942357E-008
   1.6924494775163678E-004
   1.5379683755672989E-002
  0.23889307677152738     
   1.2619216431343929     
   2.7751359894988283     
   2.0383774674291399     
  -1.2970754808746583     
  -1.6715966492035106     
   1.4809893517077963     
  0.90038223441807719     
  -1.7917207395883021     
  0.20533413004615936     
   1.5598819686052776     
  -1.2580852094017154     
 -0.62580384762199848     
   1.6971639530310008     
 -0.62580384762199848     
  -1.2580852094017154     
   1.5598819686052776     
  0.20533413004615936     
  -1.7917207395883021     
  0.90038223441807719     
   1.4809893517077963     
  -1.6715966492035106     
  -1.2970754808746583     
   2.0383774674291399     
   2.7751359894988283     
   1.2619216431343929     
  0.23889307677152738     
   1.5379683755672989E-002
   1.6924494775163678E-004
   2.2988335619942357E-008
*****  m =   11  l =   24
   3.8315205246398905E-008
   2.7577102620617673E-004
   2.4000397635670589E-002
  0.34778346853982600     
   1.6465444621327874     
   2.9808769356063709     
   1.1045806895681882     
  -2.0937138823625916     
 -0.43145153355142296     
   1.9672528566273477     
 -0.79235590400316336     
  -1.2233750972330966     
   1.6835311151154722     
 -0.24773181821240353     
  -1.3975121766681249     
   1.4996518867756701     
  -4.5561610601401917E-031
  -1.4996518867756701     
   1.3975121766681249     
  0.24773181821240353     
  -1.6835311151154722     
   1.2233750972330966     
  0.79235590400316336     
  -1.9672528566273477     
  0.43145153355142296     
   2.0937138823625916     
  -1.1045806895681882     
  -2.9808769356063709     
  -1.6465444621327874     
 -0.34778346853982600     
  -2.4000397635670589E-002
  -2.7577102620617673E-004
  -3.8315205246398905E-008
*****  m =   11  l =   25
   6.2345195031979689E-008
   4.3824033198266478E-004
   3.6447297749240465E-002
  0.49049907750833394     
   2.0592754087614145     
   2.9484380796938674     
  -3.4648425130682114E-002
  -2.1999085910838629     
  0.99950877241224456     
   1.2073805795616406     
  -1.8322494116080876     
  0.54246276403789229     
   1.1700923281184901     
  -1.6970351448342107     
  0.66501537676302191     
  0.93205518878267157     
  -1.6797721949653366     
  0.93205518878267157     
  0.66501537676302191     
  -1.6970351448342107     
   1.1700923281184901     
  0.54246276403789229     
  -1.8322494116080876     
   1.2073805795616406     
  0.99950877241224456     
  -2.1999085910838629     
  -3.4648425130682114E-002
   2.9484380796938674     
   2.0592754087614145     
  0.49049907750833394     
   3.6447297749240465E-002
   4.3824033198266478E-004
   6.2345195031979689E-008
*****  m =   11  l =   26
   9.9259910593877161E-008
   6.8072863450385269E-004
   5.3979515847301512E-002
  0.67142461613413462     
   2.4687672766899520     
   2.6286239176292483     
  -1.1563705539106224     
  -1.5526989126633044     
   1.9313569468418534     
 -0.32369535498567437     
  -1.3714923135941912     
   1.7533921026988391     
 -0.72253784797279130     
 -0.79416125658053593     
   1.6586648779898079     
  -1.2936829041165085     
   4.9724472668592984E-031
   1.2936829041165085     
  -1.6586648779898079     
  0.79416125658053593     
  0.72253784797279130     
  -1.7533921026988391     
   1.3714923135941912     
  0.32369535498567437     
  -1.9313569468418534     
   1.5526989126633044     
   1.1563705539106224     
  -2.6286239176292483     
  -2.4687672766899520     
 -0.67142461613413462     
  -5.3979515847301512E-002
  -6.8072863450385269E-004
  -9.9259910593877161E-008
*****  m =   11  l =   27
   1.5492340961561994E-007
   1.0355307372444289E-003
   7.8110621069623409E-002
  0.89336746235569675     
   2.8344313001533616     
   2.0130364961118716     
  -2.0068293927054892     
 -0.35773448173251865     
   1.8912999471307201     
  -1.6304603188828803     
  0.21613297206069590     
   1.1965444378064183     
  -1.7405210632645434     
   1.2010300168712620     
   1.7301114714234813E-002
  -1.1899930728050769     
   1.6666382575157812     
  -1.1899930728050769     
   1.7301114714234813E-002
   1.2010300168712620     
  -1.7405210632645434     
   1.1965444378064183     
  0.21613297206069590     
  -1.6304603188828803     
   1.8912999471307201     
 -0.35773448173251865     
  -2.0068293927054892     
   2.0130364961118716     
   2.8344313001533616     
  0.89336746235569675     
   7.8110621069623409E-002
   1.0355307372444289E-003
   1.5492340961561994E-007
*****  m =   11  l =   28
   2.3744002559283296E-007
   1.5452423935304980E-003
  0.11061010034697101     
   1.1567503026998280     
   3.1096948977724930     
   1.1453335226240711     
  -2.3695973847767569     
  0.96072142711488095     
  0.88569188496987350     
  -1.8421250996446481     
   1.6127185339722623     
 -0.56563064967397569     
 -0.66896070074517644     
   1.5137036278895311     
  -1.6402117925097457     
   1.0424761038879551     
  -5.3848629393699216E-031
  -1.0424761038879551     
   1.6402117925097457     
  -1.5137036278895311     
  0.66896070074517644     
  0.56563064967397569     
  -1.6127185339722623     
   1.8421250996446481     
 -0.88569188496987350     
 -0.96072142711488095     
   2.3695973847767569     
  -1.1453335226240711     
  -3.1096948977724930     
  -1.1567503026998280     
 -0.11061010034697101     
  -1.5452423935304980E-003
  -2.3744002559283296E-007
*****  m =   11  l =   29
   3.5786076248947791E-007
   2.2651663999103855E-003
  0.15348792896801822     
   1.4588160730897011     
   3.2471141481455330     
  0.12311536849691901     
  -2.1339655324458242     
   1.9070371145876013     
 -0.57478159742777013     
 -0.80902327470065871     
   1.6442797523083132     
  -1.7415877431053255     
   1.2002333776446927     
 -0.28550350601594165     
 -0.67809349157681309     
   1.3936654658344187     
  -1.6564431064915672     
   1.3936654658344187     
 -0.67809349157681309     
 -0.28550350601594165     
   1.2002333776446927     
  -1.7415877431053255     
   1.6442797523083132     
 -0.80902327470065871     
 -0.57478159742777013     
   1.9070371145876013     
  -2.1339655324458242     
  0.12311536849691901     
   3.2471141481455330     
   1.4588160730897011     
  0.15348792896801822     
   2.2651663999103855E-003
   3.5786076248947791E-007
*****  m =   11  l =   30
   5.3106867780175022E-007
   3.2660446205715916E-003
  0.20895837033492348     
   1.7929424192623913     
   3.2049181633862549     
 -0.91203454244629378     
  -1.3410293894526923     
   2.1074399881622039     
  -1.7231071023427900     
  0.77090727893266686     
  0.28121277279675083     
  -1.1289146144099471     
   1.6103984506459081     
  -1.6758082362134827     
   1.3595292961214802     
 -0.75631153313062160     
   5.7943486571280175E-031
  0.75631153313062160     
  -1.3595292961214802     
   1.6758082362134827     
  -1.6103984506459081     
   1.1289146144099471     
 -0.28121277279675083     
 -0.77090727893266686     
   1.7231071023427900     
  -2.1074399881622039     
   1.3410293894526923     
  0.91203454244629378     
  -3.2049181633862549     
  -1.7929424192623913     
 -0.20895837033492348     
  -3.2660446205715916E-003
  -5.3106867780175022E-007
*****  m =   11  l =   31
   7.7687804127753701E-007
   4.6371049656669617E-003
  0.27937972846551457     
   2.1481740692525606     
   2.9542005405852128     
  -1.7962964237949197     
 -0.18882334241345367     
   1.4705364340035045     
  -1.9406152301726374     
   1.8113077775798261     
  -1.3154174501865830     
  0.64201460209945738     
   6.7492967182421856E-002
 -0.71096096545971266     
   1.2169337770102249     
  -1.5383240496981743     
   1.6483516932443150     
  -1.5383240496981743     
   1.2169337770102249     
 -0.71096096545971266     
   6.7492967182421856E-002
  0.64201460209945738     
  -1.3154174501865830     
   1.8113077775798261     
  -1.9406152301726374     
   1.4705364340035045     
 -0.18882334241345367     
  -1.7962964237949197     
   2.9542005405852128     
   2.1481740692525606     
  0.27937972846551457     
   4.6371049656669617E-003
   7.7687804127753701E-007
*****  m =   11  l =   32
   1.1213867554869564E-006
   6.4893972549561595E-003
  0.36716776037411164     
   2.5090812364390040     
   2.4856828558587623     
  -2.3740838293763704     
   1.0109755975928181     
  0.24180704670814346     
  -1.1017840692285017     
   1.5863240130715550     
  -1.7741177444964811     
   1.7417177842991072     
  -1.5506692113934935     
   1.2481417876479990     
 -0.87039947832966524     
  0.44626214051907576     
  -6.2015552460786898E-031
 -0.44626214051907576     
  0.87039947832966524     
  -1.2481417876479990     
   1.5506692113934935     
  -1.7417177842991072     
   1.7741177444964811     
  -1.5863240130715550     
   1.1017840692285017     
 -0.24180704670814346     
  -1.0109755975928181     
   2.3740838293763704     
  -2.4856828558587623     
  -2.5090812364390040     
 -0.36716776037411164     
  -6.4893972549561595E-003
  -1.1213867554869564E-006
*****  m =   12  l =   12
   5.2594000059454161E-014
   1.0768336208922325E-009
   2.1916048102965487E-007
   8.0020096533339190E-006
   1.1688480877268041E-004
   9.5715362770523520E-004
   5.2276966177785718E-003
   2.1066393205097674E-002
   6.6748232369318733E-002
  0.17348275177455658     
  0.38087398263644540     
  0.72122019379424196     
   1.1957296976609091     
   1.7545369049250505     
   2.2959045995979608     
   2.6927499423301082     
   2.8388400606342836     
   2.6927499423301082     
   2.2959045995979608     
   1.7545369049250505     
   1.1957296976609091     
  0.72122019379424196     
  0.38087398263644540     
  0.17348275177455658     
   6.6748232369318733E-002
   2.1066393205097674E-002
   5.2276966177785718E-003
   9.5715362770523520E-004
   1.1688480877268041E-004
   8.0020096533339190E-006
   2.1916048102965487E-007
   1.0768336208922325E-009
   5.2594000059454161E-014
*****  m =   12  l =   13
   2.7258264468533336E-013
   5.5196061119940338E-009
   1.1010094838384295E-006
   3.9030594590565929E-005
   5.4802324591331165E-004
   4.2673248571519756E-003
   2.1898520438157227E-002
   8.1794981104668069E-002
  0.23644781533498835     
  0.55009858168240355     
   1.0556209021216876     
   1.6933395951157069     
   2.2761367922626925     
   2.5309180514316383     
   2.2241966440536096     
   1.3100801747327058     
  -1.8182067548924259E-031
  -1.3100801747327058     
  -2.2241966440536096     
  -2.5309180514316383     
  -2.2761367922626925     
  -1.6933395951157069     
  -1.0556209021216876     
 -0.55009858168240355     
 -0.23644781533498835     
  -8.1794981104668069E-002
  -2.1898520438157227E-002
  -4.2673248571519756E-003
  -5.4802324591331165E-004
  -3.9030594590565929E-005
  -1.1010094838384295E-006
  -5.5196061119940338E-009
  -2.7258264468533336E-013
*****  m =   12  l =   14
   1.0157357405525610E-012
   2.0324150096436149E-008
   3.9669722109359749E-006
   1.3619440067124010E-004
   1.8315450003749117E-003
   1.3493017453337064E-002
   6.4600108221639238E-002
  0.22143825293550337     
  0.57565445334704735     
   1.1730781613633423     
   1.9004699819740736     
   2.4304518601435596     
   2.3426896286953913     
   1.4161417763937092     
 -0.10542873413986606     
  -1.5349241797037743     
  -2.1200116736162631     
  -1.5349241797037743     
 -0.10542873413986606     
   1.4161417763937092     
   2.3426896286953913     
   2.4304518601435596     
   1.9004699819740736     
   1.1730781613633423     
  0.57565445334704735     
  0.22143825293550337     
   6.4600108221639238E-002
   1.3493017453337064E-002
   1.8315450003749117E-003
   1.3619440067124010E-004
   3.9669722109359749E-006
   2.0324150096436149E-008
   1.0157357405525610E-012
*****  m =   12  l =   15
   3.1411678919390434E-012
   6.2053666578335634E-008
   1.1832172116633223E-005
   3.9240376835057201E-004
   5.0352206621683713E-003
   3.4905370178015892E-002
  0.15469679878461920     
  0.48102100908208073     
   1.1044144002885850     
   1.9126015057520991     
   2.4708062008844158     
   2.2048397291128654     
  0.90499721074677664     
 -0.86316443648414065     
  -1.9750349914196366     
  -1.6035390739098536     
   2.4315492439096470E-031
   1.6035390739098536     
   1.9750349914196366     
  0.86316443648414065     
 -0.90499721074677664     
  -2.2048397291128654     
  -2.4708062008844158     
  -1.9126015057520991     
  -1.1044144002885850     
 -0.48102100908208073     
 -0.15469679878461920     
  -3.4905370178015892E-002
  -5.0352206621683713E-003
  -3.9240376835057201E-004
  -1.1832172116633223E-005
  -6.2053666578335634E-008
  -3.1411678919390434E-012
*****  m =   12  l =   16
   8.5474608927779298E-012
   1.6656332674700304E-007
   3.0974509523292588E-005
   9.8968103290543842E-004
   1.2069598620142936E-002
   7.8272933385033328E-002
  0.31830199289587990     
  0.88541071512355141     
   1.7532680440934396     
   2.4632193959816027     
   2.2589576722764857     
  0.80607919015280050     
  -1.1232503517845025     
  -2.0088854465067394     
  -1.0172189543697781     
  0.93868390626848131     
   1.9232233423305556     
  0.93868390626848131     
  -1.0172189543697781     
  -2.0088854465067394     
  -1.1232503517845025     
  0.80607919015280050     
   2.2589576722764857     
   2.4632193959816027     
   1.7532680440934396     
  0.88541071512355141     
  0.31830199289587990     
   7.8272933385033328E-002
   1.2069598620142936E-002
   9.8968103290543842E-004
   3.0974509523292588E-005
   1.6656332674700304E-007
   8.5474608927779298E-012
*****  m =   12  l =   17
   2.1128198058599254E-011
   4.0577974221471326E-007
   7.3470279819775843E-005
   2.2555152024384536E-003
   2.6034661509973685E-002
  0.15694786032218569     
  0.57975328888999200     
   1.4180641338677993     
   2.3420488050870025     
   2.4563206602707384     
   1.0932658552310113     
  -1.0310280185493976     
  -2.0064941179815912     
 -0.76789976927393244     
   1.3091382023610987     
   1.7455226817779110     
  -2.9397556545612261E-031
  -1.7455226817779110     
  -1.3091382023610987     
  0.76789976927393244     
   2.0064941179815912     
   1.0310280185493976     
  -1.0932658552310113     
  -2.4563206602707384     
  -2.3420488050870025     
  -1.4180641338677993     
 -0.57975328888999200     
 -0.15694786032218569     
  -2.6034661509973685E-002
  -2.2555152024384536E-003
  -7.3470279819775843E-005
  -4.0577974221471326E-007
  -2.1128198058599254E-011
*****  m =   12  l =   18
   4.8401852567568076E-011
   9.1536315484005320E-007
   1.6109014835426617E-004
   4.7383964892840661E-003
   5.1539460793461299E-002
  0.28681065867591532     
  0.95111162742402500     
   2.0006980363190787     
   2.6163578291780651     
   1.6795912349277979     
 -0.58272337660014384     
  -2.0156496705015461     
 -0.90410454371981741     
   1.3373893191685782     
   1.6214006951802564     
 -0.45372150900766517     
  -1.8277692311072153     
 -0.45372150900766517     
   1.6214006951802564     
   1.3373893191685782     
 -0.90410454371981741     
  -2.0156496705015461     
 -0.58272337660014384     
   1.6795912349277979     
   2.6163578291780651     
   2.0006980363190787     
  0.95111162742402500     
  0.28681065867591532     
   5.1539460793461299E-002
   4.7383964892840661E-003
   1.6109014835426617E-004
   9.1536315484005320E-007
   4.8401852567568076E-011
*****  m =   12  l =   19
   1.0418045850763833E-010
   1.9383725777823449E-006
   3.3098917279997643E-004
   9.3014259074754302E-003
   9.4893165493159917E-002
  0.48369653459866613     
   1.4198549989152920     
   2.4918050144480008     
   2.3478881854323421     
  0.28156382281204528     
  -1.8525800490601967     
  -1.3573878626390592     
   1.0749523943507766     
   1.6956629012917679     
 -0.47908014494377671     
  -1.7876976918137699     
   3.4072431736593267E-031
   1.7876976918137699     
  0.47908014494377671     
  -1.6956629012917679     
  -1.0749523943507766     
   1.3573878626390592     
   1.8525800490601967     
 -0.28156382281204528     
  -2.3478881854323421     
  -2.4918050144480008     
  -1.4198549989152920     
 -0.48369653459866613     
  -9.4893165493159917E-002
  -9.3014259074754302E-003
  -3.3098917279997643E-004
  -1.9383725777823449E-006
  -1.0418045850763833E-010
*****  m =   12  l =   20
   2.1278948067529232E-010
   3.8916582186409687E-006
   6.4364564821495945E-004
   1.7228845903292364E-002
  0.16404171907838463     
  0.75924753840096537     
   1.9388987904924611     
   2.7144059391124178     
   1.4646240610081775     
  -1.1983919788574311     
  -1.9048373290751970     
  0.42065155674387605     
   1.8604184479081505     
 -0.11969975446148537     
  -1.7946451115150504     
   2.1404963918142204E-002
   1.7714231364798292     
   2.1404963918142204E-002
  -1.7946451115150504     
 -0.11969975446148537     
   1.8604184479081505     
  0.42065155674387605     
  -1.9048373290751970     
  -1.1983919788574311     
   1.4646240610081775     
   2.7144059391124178     
   1.9388987904924611     
  0.75924753840096537     
  0.16404171907838463     
   1.7228845903292364E-002
   6.4364564821495945E-004
   3.8916582186409687E-006
   2.1278948067529232E-010
*****  m =   12  l =   21
   4.1554266690143291E-010
   7.4635518903177108E-006
   1.1934791954527654E-003
   3.0335295299002633E-002
  0.26812166168491841     
   1.1156322312536686     
   2.4240867811740174     
   2.5125416524362638     
  0.14382567265718035     
  -2.0562460526413693     
 -0.66941767149801612     
   1.7863567808206733     
  0.61258049920459945     
  -1.7340002012847124     
 -0.34816201854471934     
   1.7476436667425521     
  -3.8535703908160398E-031
  -1.7476436667425521     
  0.34816201854471934     
   1.7340002012847124     
 -0.61258049920459945     
  -1.7863567808206733     
  0.66941767149801612     
   2.0562460526413693     
 -0.14382567265718035     
  -2.5125416524362638     
  -2.4240867811740174     
  -1.1156322312536686     
 -0.26812166168491841     
  -3.0335295299002633E-002
  -1.1934791954527654E-003
  -7.4635518903177108E-006
  -4.1554266690143291E-010
*****  m =   12  l =   22
   7.8041870375341028E-010
   1.3753479363597020E-005
   2.1224936560605714E-003
   5.1062079327181494E-002
  0.41653144830678157     
   1.5401457534448026     
   2.7635042847382918     
   1.8210401708830419     
  -1.2001881749617958     
  -1.8200784372938381     
   1.0133275725272868     
   1.5137040770207126     
  -1.2862828015391488     
  -1.0311702963566631     
   1.6023893141444334     
  0.36940884748421238     
  -1.7345044058720609     
  0.36940884748421238     
   1.6023893141444334     
  -1.0311702963566631     
  -1.2862828015391488     
   1.5137040770207126     
   1.0133275725272868     
  -1.8200784372938381     
  -1.2001881749617958     
   1.8210401708830419     
   2.7635042847382918     
   1.5401457534448026     
  0.41653144830678157     
   5.1062079327181494E-002
   2.1224936560605714E-003
   1.3753479363597020E-005
   7.8041870375341028E-010
*****  m =   12  l =   23
   1.4161902608739645E-009
   2.4466320763504075E-005
   3.6371321942433917E-003
   8.2539565544403115E-002
  0.61748599707726937     
   2.0011816803554945     
   2.8400294327449838     
  0.72080380493708396     
  -2.0590374475640383     
 -0.58303735049105898     
   1.9245228958402090     
 -0.15196199888342896     
  -1.7062948523132699     
   1.0326727463871432     
   1.0422755264039201     
  -1.6359567630101710     
   4.2871522191668125E-031
   1.6359567630101710     
  -1.0422755264039201     
  -1.0326727463871432     
   1.7062948523132699     
  0.15196199888342896     
  -1.9245228958402090     
  0.58303735049105898     
   2.0590374475640383     
 -0.72080380493708396     
  -2.8400294327449838     
  -2.0011816803554945     
 -0.61748599707726937     
  -8.2539565544403115E-002
  -3.6371321942433917E-003
  -2.4466320763504075E-005
  -1.4161902608739645E-009
*****  m =   12  l =   24
   2.4926302535656447E-009
   4.2176613340883593E-005
   6.0282919870827687E-003
  0.12859098520370449     
  0.87611995262270514     
   2.4472602689925012     
   2.5639557213027482     
 -0.55031782465740198     
  -2.0587243335987182     
  0.97146618533502704     
   1.3719054883382882     
  -1.6496881059384536     
 -0.17613650184797930     
   1.6777196600969999     
  -1.1298455502599436     
 -0.71757352854205403     
   1.7086601147665124     
 -0.71757352854205403     
  -1.1298455502599436     
   1.6777196600969999     
 -0.17613650184797930     
  -1.6496881059384536     
   1.3719054883382882     
  0.97146618533502704     
  -2.0587243335987182     
 -0.55031782465740198     
   2.5639557213027482     
   2.4472602689925012     
  0.87611995262270514     
  0.12859098520370449     
   6.0282919870827687E-003
   4.2176613340883593E-005
   2.4926302535656447E-009
*****  m =   12  l =   25
   4.2688752489532550E-009
   7.0679916760804185E-005
   9.6941217822537513E-003
  0.19365155084343769     
   1.1923277230202518     
   2.8105445889837033     
   1.9076517911823612     
  -1.6488783898080546     
  -1.1663770212992985     
   1.9268402165144443     
 -0.23195378326951019     
  -1.5490352509072371     
   1.5373790819305213     
   4.2151413719035816E-002
  -1.5090743854715332     
   1.4618748740886554     
  -4.7123303426990548E-031
  -1.4618748740886554     
   1.5090743854715332     
  -4.2151413719035816E-002
  -1.5373790819305213     
   1.5490352509072371     
  0.23195378326951019     
  -1.9268402165144443     
   1.1663770212992985     
   1.6488783898080546     
  -1.9076517911823612     
  -2.8105445889837033     
  -1.1923277230202518     
 -0.19365155084343769     
  -9.6941217822537513E-003
  -7.0679916760804185E-005
  -4.2688752489532550E-009
*****  m =   12  l =   26
   7.1325727850876900E-009
   1.1545071072767662E-004
   1.5164823389037727E-002
  0.28257894227396535     
   1.5586531048409029     
   3.0155103579681408     
  0.93096045060471655     
  -2.2330062664271830     
  0.24355476694731074     
   1.6897310650576756     
  -1.6355680711327549     
   5.3698360488614115E-002
   1.4436799601962977     
  -1.6327369197033521     
  0.48313112257844315     
   1.0181453734949841     
  -1.6897104837327934     
   1.0181453734949841     
  0.48313112257844315     
  -1.6327369197033521     
   1.4436799601962977     
   5.3698360488614115E-002
  -1.6355680711327549     
   1.6897310650576756     
  0.24355476694731074     
  -2.2330062664271830     
  0.93096045060471655     
   3.0155103579681408     
   1.5586531048409029     
  0.28257894227396535     
   1.5164823389037727E-002
   1.1545071072767662E-004
   7.1325727850876900E-009
*****  m =   12  l =   27
   1.1653089274888140E-008
   1.8422791130301102E-004
   2.3128213433164159E-002
  0.40033765471278443     
   1.9586408993775655     
   2.9922337763878337     
 -0.21386992678011199     
  -2.0917415510478756     
   1.5257221847476690     
  0.39358434977734308     
  -1.7176904656040688     
   1.5881978560610861     
 -0.34191145524709748     
  -1.0535352808582183     
   1.6955300931762221     
  -1.2349194783413286     
   5.1316154173145497E-031
   1.2349194783413286     
  -1.6955300931762221     
   1.0535352808582183     
  0.34191145524709748     
  -1.5881978560610861     
   1.7176904656040688     
 -0.39358434977734308     
  -1.5257221847476690     
   2.0917415510478756     
  0.21386992678011199     
  -2.9922337763878337     
  -1.9586408993775655     
 -0.40033765471278443     
  -2.3128213433164159E-002
  -1.8422791130301102E-004
  -1.1653089274888140E-008
*****  m =   12  l =   28
   1.8652819720267323E-008
   2.8775029882194459E-004
   3.4454300398377005E-002
  0.55155078106974009     
   2.3661079097645836     
   2.6923573611907687     
  -1.3046296123659356     
  -1.2453264552912753     
   2.0605850759427540     
  -1.1437675994571921     
 -0.40612298482974718     
   1.5350410159762780     
  -1.7086121345786467     
  0.97153009905229437     
  0.22061667181761260     
  -1.2653889467296946     
   1.6753275785494055     
  -1.2653889467296946     
  0.22061667181761260     
  0.97153009905229437     
  -1.7086121345786467     
   1.5350410159762780     
 -0.40612298482974718     
  -1.1437675994571921     
   2.0605850759427540     
  -1.2453264552912753     
  -1.3046296123659356     
   2.6923573611907687     
   2.3661079097645836     
  0.55155078106974009     
   3.4454300398377005E-002
   2.8775029882194459E-004
   1.8652819720267323E-008
*****  m =   12  l =   29
   2.9301531391338082E-008
   4.4066465526185997E-004
   5.0216630267303483E-002
  0.73992823128374197     
   2.7457558025525484     
   2.1045425115844618     
  -2.0979784515084718     
   3.1976283796672465E-002
   1.5714460488646049     
  -1.9237803669218123     
   1.2289323206083398     
  -5.2675678251009508E-002
  -1.0355715755974131     
   1.6380341970227372     
  -1.5924172340402376     
  0.96537280702622286     
  -5.5465785063789662E-031
 -0.96537280702622286     
   1.5924172340402376     
  -1.6380341970227372     
   1.0355715755974131     
   5.2675678251009508E-002
  -1.2289323206083398     
   1.9237803669218123     
  -1.5714460488646049     
  -3.1976283796672465E-002
   2.0979784515084718     
  -2.1045425115844618     
  -2.7457558025525484     
 -0.73992823128374197     
  -5.0216630267303483E-002
  -4.4066465526185997E-004
  -2.9301531391338082E-008
*****  m =   12  l =   30
   4.5239702622134501E-008
   6.6262901249831746E-004
   7.1707697186463762E-002
  0.96759916417684555     
   3.0554190841036251     
   1.2655177062868346     
  -2.3943349028047800     
   1.2891230046565763     
  0.29066329112383127     
  -1.4253506145667765     
   1.8336241167182550     
  -1.5766971083731220     
  0.86943501847005422     
   2.7144849431277256E-002
 -0.86691508205332057     
   1.4541355284067348     
  -1.6641126374759829     
   1.4541355284067348     
 -0.86691508205332057     
   2.7144849431277256E-002
  0.86943501847005422     
  -1.5766971083731220     
   1.8336241167182550     
  -1.4253506145667765     
  0.29066329112383127     
   1.2891230046565763     
  -2.3943349028047800     
   1.2655177062868346     
   3.0554190841036251     
  0.96759916417684555     
   7.1707697186463762E-002
   6.6262901249831746E-004
   4.5239702622134501E-008
*****  m =   12  l =   31
   6.8737996410582918E-008
   9.7963191528705634E-004
  0.10044535553834884     
   1.2343967668475742     
   3.2500200479728161     
  0.26301297194706663     
  -2.1008840191538440     
   2.0573817831828194     
  -1.1322832683663631     
   2.5809171827711870E-002
  0.89960798346377302     
  -1.4927755373307459     
   1.7201644752089493     
  -1.6118915539070184     
   1.2323505064328462     
 -0.66430751462506288     
   5.9582615536476412E-031
  0.66430751462506288     
  -1.2323505064328462     
   1.6118915539070184     
  -1.7201644752089493     
   1.4927755373307459     
 -0.89960798346377302     
  -2.5809171827711870E-002
   1.1322832683663631     
  -2.0573817831828194     
   2.1008840191538440     
 -0.26301297194706663     
  -3.2500200479728161     
  -1.2343967668475742     
 -0.10044535553834884     
  -9.7963191528705634E-004
  -6.8737996410582918E-008
*****  m =   12  l =   32
   1.0290134764202522E-007
   1.4255458135492098E-003
  0.13816696210390658     
   1.5371630575518296     
   3.2870110347525046     
 -0.77191666216144750     
  -1.2720324656255497     
   2.0341096930545532     
  -1.9542561942360908     
   1.4516713515855297     
 -0.78867379077862143     
  0.11319156385913481     
  0.49460834139807391     
 -0.99228312571745658     
   1.3578892501646302     
  -1.5805024551665898     
   1.6551759666784203     
  -1.5805024551665898     
   1.3578892501646302     
 -0.99228312571745658     
  0.49460834139807391     
  0.11319156385913481     
 -0.78867379077862143     
   1.4516713515855297     
  -1.9542561942360908     
   2.0341096930545532     
  -1.2720324656255497     
 -0.77191666216144750     
   3.2870110347525046     
   1.5371630575518296     
  0.13816696210390658     
   1.4255458135492098E-003
   1.0290134764202522E-007
*****  m =   13  l =   13
   3.8439790942541241E-015
   1.7999528195769401E-010
   5.7050470407579101E-008
   2.8112477738282740E-006
   5.1345774310416448E-005
   5.0099137768274240E-004
   3.1521221463484870E-003
   1.4266677121375698E-002
   4.9763381185706689E-002
  0.14005365865093986     
  0.32830680178385752     
  0.65565241582780265     
   1.1337985519983229     
   1.7176823281009170     
   2.2986179243093985     
   2.7319903334775208     
   2.8929180638392666     
   2.7319903334775208     
   2.2986179243093985     
   1.7176823281009170     
   1.1337985519983229     
  0.65565241582780265     
  0.32830680178385752     
  0.14005365865093986     
   4.9763381185706689E-002
   1.4266677121375698E-002
   3.1521221463484870E-003
   5.0099137768274240E-004
   5.1345774310416448E-005
   2.8112477738282740E-006
   5.7050470407579101E-008
   1.7999528195769401E-010
   3.8439790942541241E-015
*****  m =   13  l =   14
   2.0647150921584087E-014
   9.5617573561471744E-010
   2.9703331456844732E-007
   1.4210924685638605E-005
   2.4949551005359731E-004
   2.3148423766548511E-003
   1.3684361932346614E-002
   5.7408529114106710E-002
  0.18269326372699277     
  0.46025212068936550     
  0.94302600950185167     
   1.5953903761119181     
   2.2367546975190313     
   2.5678848213423966     
   2.3078269938747340     
   1.3775206708982439     
  -1.9202403525695427E-031
  -1.3775206708982439     
  -2.3078269938747340     
  -2.5678848213423966     
  -2.2367546975190313     
  -1.5953903761119181     
 -0.94302600950185167     
 -0.46025212068936550     
 -0.18269326372699277     
  -5.7408529114106710E-002
  -1.3684361932346614E-002
  -2.3148423766548511E-003
  -2.4949551005359731E-004
  -1.4210924685638605E-005
  -2.9703331456844732E-007
  -9.5617573561471744E-010
  -2.0647150921584087E-014
*****  m =   13  l =   15
   7.9653691674147685E-014
   3.6452903042500023E-009
   1.1081890096056922E-006
   5.1356478652006398E-005
   8.6379971710045752E-004
   7.5851679460356407E-003
   4.1855827956372077E-002
  0.16126188673587621     
  0.46199953532452898     
   1.0211373015789544     
   1.7710996289801750     
   2.4005109366226618     
   2.4395536474143373     
   1.5782458804780999     
   1.3730984615012497E-002
  -1.5158879647519379     
  -2.1523999173958348     
  -1.5158879647519379     
   1.3730984615012497E-002
   1.5782458804780999     
   2.4395536474143373     
   2.4005109366226618     
   1.7710996289801750     
   1.0211373015789544     
  0.46199953532452898     
  0.16126188673587621     
   4.1855827956372077E-002
   7.5851679460356407E-003
   8.6379971710045752E-004
   5.1356478652006398E-005
   1.1081890096056922E-006
   3.6452903042500023E-009
   7.9653691674147685E-014
*****  m =   13  l =   16
   2.5476517593839836E-013
   1.1512372015935367E-008
   3.4197855323040195E-006
   1.5314716391358988E-004
   2.4591722554199880E-003
   2.0335853568136716E-002
  0.10399458483934956     
  0.36407150813874939     
  0.92366782094010280     
   1.7429019500332046     
   2.4323314499007580     
   2.3540300271544612     
   1.1502843316664675     
 -0.69529405170947522     
  -1.9663512033950170     
  -1.6656410764191094     
   2.5531667247053064E-031
   1.6656410764191094     
   1.9663512033950170     
  0.69529405170947522     
  -1.1502843316664675     
  -2.3540300271544612     
  -2.4323314499007580     
  -1.7429019500332046     
 -0.92366782094010280     
 -0.36407150813874939     
 -0.10399458483934956     
  -2.0335853568136716E-002
  -2.4591722554199880E-003
  -1.5314716391358988E-004
  -3.4197855323040195E-006
  -1.1512372015935367E-008
  -2.5476517593839836E-013
*****  m =   13  l =   17
   7.1628706789198832E-013
   3.1934417280134492E-008
   9.2549905550584470E-006
   3.9953455993815368E-004
   6.1026074051239599E-003
   4.7269529788953317E-002
  0.22222746068537336     
  0.69809891474252495     
   1.5355859609871096     
   2.3758488547836856     
   2.4226400999054576     
   1.1281145660769514     
 -0.89981210871709760     
  -2.0267255333431273     
  -1.1497854597568997     
  0.88763939523317770     
   1.9473550684138632     
  0.88763939523317770     
  -1.1497854597568997     
  -2.0267255333431273     
 -0.89981210871709760     
   1.1281145660769514     
   2.4226400999054576     
   2.3758488547836856     
   1.5355859609871096     
  0.69809891474252495     
  0.22222746068537336     
   4.7269529788953317E-002
   6.1026074051239599E-003
   3.9953455993815368E-004
   9.2549905550584470E-006
   3.1934417280134492E-008
   7.1628706789198832E-013
*****  m =   13  l =   18
   1.8277164031939820E-012
   8.0329490249748255E-008
   2.2677617370073968E-005
   9.4136095403743220E-004
   1.3625178919497606E-002
   9.8284415140430903E-002
  0.42094236684912878     
   1.1685894329403097     
   2.1653490977906764     
   2.5669008902201154     
   1.4689398096677051     
 -0.71982623558154135     
  -2.0245072404454234     
 -0.97849440131560073     
   1.2124010990612415     
   1.7920803194220984     
  -3.0725452943113938E-031
  -1.7920803194220984     
  -1.2124010990612415     
  0.97849440131560073     
   2.0245072404454234     
  0.71982623558154135     
  -1.4689398096677051     
  -2.5669008902201154     
  -2.1653490977906764     
  -1.1685894329403097     
 -0.42094236684912878     
  -9.8284415140430903E-002
  -1.3625178919497606E-002
  -9.4136095403743220E-004
  -2.2677617370073968E-005
  -8.0329490249748255E-008
  -1.8277164031939820E-012
*****  m =   13  l =   19
   4.3183538689033597E-012
   1.8694954859693198E-007
   5.1329379626898720E-005
   2.0435575701288687E-003
   2.7916176470224718E-002
  0.18635216636527666     
  0.71953884696941095     
   1.7317514033025962     
   2.5904920276326600     
   2.0409468879435768     
 -0.14976261778081876     
  -1.9616287427543411     
  -1.1797995809421562     
   1.1775553369786780     
   1.7101900617936510     
 -0.38187750680712029     
  -1.8469649816600040     
 -0.38187750680712029     
   1.7101900617936510     
   1.1775553369786780     
  -1.1797995809421562     
  -1.9616287427543411     
 -0.14976261778081876     
   2.0409468879435768     
   2.5904920276326600     
   1.7317514033025962     
  0.71953884696941095     
  0.18635216636527666     
   2.7916176470224718E-002
   2.0435575701288687E-003
   5.1329379626898720E-005
   1.8694954859693198E-007
   4.3183538689033597E-012
*****  m =   13  l =   20
   9.5782012360187651E-012
   4.0810715991672511E-007
   1.0880260872338862E-004
   4.1435293312841034E-003
   5.3196387166641122E-002
  0.32634962009410995     
   1.1221636331169160     
   2.2830437242939934     
   2.5682874471849635     
  0.81336184231061814     
  -1.6199101059924272     
  -1.6411868286729792     
  0.80579093781301792     
   1.7991304339385346     
 -0.32466139447336373     
  -1.8139326722358833     
   3.5476824186194190E-031
   1.8139326722358833     
  0.32466139447336373     
  -1.7991304339385346     
 -0.80579093781301792     
   1.6411868286729792     
   1.6199101059924272     
 -0.81336184231061814     
  -2.5682874471849635     
  -2.2830437242939934     
  -1.1221636331169160     
 -0.32634962009410995     
  -5.3196387166641122E-002
  -4.1435293312841034E-003
  -1.0880260872338862E-004
  -4.0810715991672511E-007
  -9.5782012360187651E-012
*****  m =   13  l =   21
   2.0143658880407562E-011
   8.4402449396969581E-007
   2.1814124831220918E-004
   7.9248338617800458E-003
   9.5189872915018958E-002
  0.53255510022352459     
   1.6068703370395254     
   2.6674577685816323     
   1.9508589723634977     
 -0.71129270783702436     
  -2.0548511683274944     
   1.0227214206275486E-002
   1.8931787474267583     
  0.13208852141226576     
  -1.8089876264982554     
  -6.2869000840630657E-002
   1.7872369043126595     
  -6.2869000840630657E-002
  -1.8089876264982554     
  0.13208852141226576     
   1.8931787474267583     
   1.0227214206275486E-002
  -2.0548511683274944     
 -0.71129270783702436     
   1.9508589723634977     
   2.6674577685816323     
   1.6068703370395254     
  0.53255510022352459     
   9.5189872915018958E-002
   7.9248338617800458E-003
   2.1814124831220918E-004
   8.4402449396969581E-007
   2.0143658880407562E-011
*****  m =   13  l =   22
   4.0472516688568221E-011
   1.6662643636453894E-006
   4.1679980357131613E-004
   1.4403600296365244E-002
  0.16109247646116340     
  0.81480282145535909     
   2.1181721275081435     
   2.7175366009807074     
  0.79601359142152184     
  -1.8676323275193567     
  -1.1394942441602418     
   1.6091766092163748     
  0.93448719328780239     
  -1.6606006395377284     
 -0.51984422258278573     
   1.7513046018929834     
  -3.9997227581964851E-031
  -1.7513046018929834     
  0.51984422258278573     
   1.6606006395377284     
 -0.93448719328780239     
  -1.6091766092163748     
   1.1394942441602418     
   1.8676323275193567     
 -0.79601359142152184     
  -2.7175366009807074     
  -2.1181721275081435     
 -0.81480282145535909     
 -0.16109247646116340     
  -1.4403600296365244E-002
  -4.1679980357131613E-004
  -1.6662643636453894E-006
  -4.0472516688568221E-011
*****  m =   13  l =   23
   7.8146681899141720E-011
   3.1586383502779298E-006
   7.6340639754664600E-004
   2.5021589799277790E-002
  0.25922936828348203     
   1.1737127966030814     
   2.5674799986292913     
   2.3132601221944999     
 -0.59251151655589518     
  -2.0668585340668892     
  0.53635418280369429     
   1.7523879634616955     
  -1.0216672360527674     
  -1.2465615691937488     
   1.5341908155837356     
  0.45893586145562348     
  -1.7478366881738319     
  0.45893586145562348     
   1.5341908155837356     
  -1.2465615691937488     
  -1.0216672360527674     
   1.7523879634616955     
  0.53635418280369429     
  -2.0668585340668892     
 -0.59251151655589518     
   2.3132601221944999     
   2.5674799986292913     
   1.1737127966030814     
  0.25922936828348203     
   2.5021589799277790E-002
   7.6340639754664600E-004
   3.1586383502779298E-006
   7.8146681899141720E-011
*****  m =   13  l =   24
   1.4569339616639719E-010
   5.7765900076772856E-006
   1.3466617103843085E-003
   4.1735627131651229E-002
  0.39831144907581484     
   1.5958948592726236     
   2.8447882373647149     
   1.4447810575852738     
  -1.7420675567805382     
  -1.1673939786679703     
   1.7988274316913382     
  0.30429264427314789     
  -1.8074182094627944     
  0.80652811023634241     
   1.1905784576604639     
  -1.6165127772978392     
   4.4377989850005145E-031
   1.6165127772978392     
  -1.1905784576604639     
 -0.80652811023634241     
   1.8074182094627944     
 -0.30429264427314789     
  -1.7988274316913382     
   1.1673939786679703     
   1.7420675567805382     
  -1.4447810575852738     
  -2.8447882373647149     
  -1.5958948592726236     
 -0.39831144907581484     
  -4.1735627131651229E-002
  -1.3466617103843085E-003
  -5.7765900076772856E-006
  -1.4569339616639719E-010
*****  m =   13  l =   25
   2.6328310827590388E-010
   1.0231316497715593E-005
   2.2966496681924710E-003
   6.7088793286934026E-002
  0.58624678553472620     
   2.0504282398813229     
   2.8420246051054971     
  0.25076245167546812     
  -2.1971149148462175     
  0.36634046969073913     
   1.7182901944360192     
  -1.4026970762585547     
 -0.54458986086877714     
   1.7509222903147894     
 -0.99020553437518788     
 -0.80597434416400271     
   1.7200924657231507     
 -0.80597434416400271     
 -0.99020553437518788     
   1.7509222903147894     
 -0.54458986086877714     
  -1.4026970762585547     
   1.7182901944360192     
  0.36634046969073913     
  -2.1971149148462175     
  0.25076245167546812     
   2.8420246051054971     
   2.0504282398813229     
  0.58624678553472620     
   6.7088793286934026E-002
   2.2966496681924710E-003
   1.0231316497715593E-005
   2.6328310827590388E-010
*****  m =   13  l =   26
   4.6264781349345775E-010
   1.7606303227133382E-005
   3.7987285426779316E-003
  0.10424492208904128     
  0.82853877357138772     
   2.4880836408577651     
   2.4842923724515718     
 -0.99236865027502297     
  -1.7402435648090038     
   1.6676114182883639     
  0.34199621815035275     
  -1.7635780711792091     
   1.3220437282110777     
  0.32683179465456097     
  -1.6005598262267691     
   1.4201557455120846     
  -4.8666384115938194E-031
  -1.4201557455120846     
   1.6005598262267691     
 -0.32683179465456097     
  -1.3220437282110777     
   1.7635780711792091     
 -0.34199621815035275     
  -1.6676114182883639     
   1.7402435648090038     
  0.99236865027502297     
  -2.4842923724515718     
  -2.4880836408577651     
 -0.82853877357138772     
 -0.10424492208904128     
  -3.7987285426779316E-003
  -1.7606303227133382E-005
  -4.6264781349345775E-010
*****  m =   13  l =   27
   7.9267106230006201E-010
   2.9515473400058498E-005
   6.1100051120166685E-003
  0.15696539338663096     
   1.1264007772505760     
   2.8445464726307748     
   1.7610696295995076     
  -1.9395964907556333     
 -0.53575919854056597     
   1.9598020355667538     
  -1.2816736213080306     
 -0.43206334573894023     
   1.6430961683955461     
  -1.5231013676624967     
  0.29761042359818296     
   1.0997690028746687     
  -1.6996441994346494     
   1.0997690028746687     
  0.29761042359818296     
  -1.5231013676624967     
   1.6430961683955461     
 -0.43206334573894023     
  -1.2816736213080306     
   1.9598020355667538     
 -0.53575919854056597     
  -1.9395964907556333     
   1.7610696295995076     
   2.8445464726307748     
   1.1264007772505760     
  0.15696539338663096     
   6.1100051120166685E-003
   2.9515473400058498E-005
   7.9267106230006201E-010
*****  m =   13  l =   28
   1.3272338976412248E-009
   4.8313753331076464E-005
   9.5781659028982627E-003
  0.22950682198865582     
   1.4748234916996283     
   3.0482554466347032     
  0.74695084804096257     
  -2.2902158331630873     
  0.89749000325203532     
   1.0499448687926218     
  -1.8819252378651674     
   1.3044407605232933     
   5.0742453064036616E-002
  -1.2780789481700869     
   1.7091760642944749     
  -1.1728848972613730     
   5.2889823415841111E-031
   1.1728848972613730     
  -1.7091760642944749     
   1.2780789481700869     
  -5.0742453064036616E-002
  -1.3044407605232933     
   1.8819252378651674     
  -1.0499448687926218     
 -0.89749000325203532     
   2.2902158331630873     
 -0.74695084804096257     
  -3.0482554466347032     
  -1.4748234916996283     
 -0.22950682198865582     
  -9.5781659028982627E-003
  -4.8313753331076464E-005
  -1.3272338976412248E-009
*****  m =   13  l =   29
   2.1760640217967795E-009
   7.7372464366330020E-005
   1.4662149571621250E-002
  0.32642079565995097     
   1.8609257391554415     
   3.0324435121404574     
 -0.39783449263703319     
  -1.9065303388430810     
   1.8995878788692981     
 -0.50848889208947012     
 -0.97565058121674431     
   1.7466523877512645     
  -1.5864383957098676     
  0.71540388351691342     
  0.41797777999865354     
  -1.3353513439751394     
   1.6840523931956768     
  -1.3353513439751394     
  0.41797777999865354     
  0.71540388351691342     
  -1.5864383957098676     
   1.7466523877512645     
 -0.97565058121674431     
 -0.50848889208947012     
   1.8995878788692981     
  -1.9065303388430810     
 -0.39783449263703319     
   3.0324435121404574     
   1.8609257391554415     
  0.32642079565995097     
   1.4662149571621250E-002
   7.7372464366330020E-005
   2.1760640217967795E-009
*****  m =   13  l =   30
   3.4995332428394411E-009
   1.2143349629866181E-004
   2.1953800808277329E-002
  0.45224289370676779     
   2.2629778417411526     
   2.7497430221851200     
  -1.4525107011699705     
 -0.88945453085228332     
   1.9832701046345382     
  -1.7299248435131971     
  0.71191375932868894     
  0.45735726437482732     
  -1.3398819096467611     
   1.7083581129306005     
  -1.5223642146772296     
  0.88591943812969964     
  -5.7065504179689965E-031
 -0.88591943812969964     
   1.5223642146772296     
  -1.7083581129306005     
   1.3398819096467611     
 -0.45735726437482732     
 -0.71191375932868894     
   1.7299248435131971     
  -1.9832701046345382     
  0.88945453085228332     
   1.4525107011699705     
  -2.7497430221851200     
  -2.2629778417411526     
 -0.45224289370676779     
  -2.1953800808277329E-002
  -1.2143349629866181E-004
  -3.4995332428394411E-009
*****  m =   13  l =   31
   5.5285858176161269E-009
   1.8705760186289079E-004
   3.2199263599890303E-002
  0.61106803380266250     
   2.6504860831685830     
   2.1865883040145215     
  -2.1844242059147798     
  0.42867679165053885     
   1.0924798931952691     
  -1.8206212525697378     
   1.8050373987095290     
  -1.2787698306602457     
  0.49369722416459516     
  0.33446666528636571     
  -1.0401617970393979     
   1.5083917839068943     
  -1.6718448259270215     
   1.5083917839068943     
  -1.0401617970393979     
  0.33446666528636571     
  0.49369722416459516     
  -1.2787698306602457     
   1.8050373987095290     
  -1.8206212525697378     
   1.0924798931952691     
  0.42867679165053885     
  -2.1844242059147798     
   2.1865883040145215     
   2.6504860831685830     
  0.61106803380266250     
   3.2199263599890303E-002
   1.8705760186289079E-004
   5.5285858176161269E-009
*****  m =   13  l =   32
   8.5912631764769423E-009
   2.8318326858312715E-004
   4.6318472707865516E-002
  0.80602247264052052     
   2.9856503253777573     
   1.3739588808634813     
  -2.4108454185960544     
   1.5846968886765769     
 -0.34045668645191313     
 -0.71275892940240493     
   1.3997583506291800     
  -1.7189222261548898     
   1.7269943351247588     
  -1.4940640148036519     
   1.0880740438325600     
 -0.57108283315894059     
   6.1204856783155960E-031
  0.57108283315894059     
  -1.0880740438325600     
   1.4940640148036519     
  -1.7269943351247588     
   1.7189222261548898     
  -1.3997583506291800     
  0.71275892940240493     
  0.34045668645191313     
  -1.5846968886765769     
   2.4108454185960544     
  -1.3739588808634813     
  -2.9856503253777573     
 -0.80602247264052052     
  -4.6318472707865516E-002
  -2.8318326858312715E-004
  -8.5912631764769423E-009
*****  m =   14  l =   14
   2.8057605641590468E-016
   3.0046812824513062E-011
   1.4831360445422874E-008
   9.8633388487884822E-007
   2.2525587125411201E-005
   2.6188078163437228E-004
   1.8981060602240546E-003
   9.6489544056721499E-003
   3.7051412394885221E-002
  0.11291649524330025     
  0.28262021918821312     
  0.59525661239663363     
   1.0736520446258226     
   1.6793760785753857     
   2.2982883465051618     
   2.7681337259029122     
   2.9441241287795736     
   2.7681337259029122     
   2.2982883465051618     
   1.6793760785753857     
   1.0736520446258226     
  0.59525661239663363     
  0.28262021918821312     
  0.11291649524330025     
   3.7051412394885221E-002
   9.6489544056721499E-003
   1.8981060602240546E-003
   2.6188078163437228E-004
   2.2525587125411201E-005
   9.8633388487884822E-007
   1.4831360445422874E-008
   3.0046812824513062E-011
   2.8057605641590468E-016
*****  m =   14  l =   15
   1.5581582733108311E-015
   1.6502770369942985E-010
   7.9837838297040701E-008
   5.1550040939964124E-006
   1.1316600755747249E-004
   1.2510557091419397E-003
   8.5196908816221103E-003
   4.0143542030261180E-002
  0.14063689493891879     
  0.38365474829145951     
  0.83932250385918405     
   1.4975432660270953     
   2.1899180518027817     
   2.5957478520501183     
   2.3857384107908381     
   1.4430716034545905     
  -2.0204933393388706E-031
  -1.4430716034545905     
  -2.3857384107908381     
  -2.5957478520501183     
  -2.1899180518027817     
  -1.4975432660270953     
 -0.83932250385918405     
 -0.38365474829145951     
 -0.14063689493891879     
  -4.0143542030261180E-002
  -8.5196908816221103E-003
  -1.2510557091419397E-003
  -1.1316600755747249E-004
  -5.1550040939964124E-006
  -7.9837838297040701E-008
  -1.6502770369942985E-010
  -1.5581582733108311E-015
*****  m =   14  l =   16
   6.2092419164909751E-015
   6.4991380578465275E-010
   3.0772706337919145E-007
   1.9249432431673790E-005
   4.0493012066223732E-004
   4.2381030644535016E-003
   2.6952478220188404E-002
  0.11670454137886808     
  0.36841246907348940     
  0.88298869463923380     
   1.6389730240896492     
   2.3526068172535042     
   2.5163928009078571     
   1.7300306379742616     
  0.13217713379423532     
  -1.4949853434561402     
  -2.1834208909676911     
  -1.4949853434561402     
  0.13217713379423532     
   1.7300306379742616     
   2.5163928009078571     
   2.3526068172535042     
   1.6389730240896492     
  0.88298869463923380     
  0.36841246907348940     
  0.11670454137886808     
   2.6952478220188404E-002
   4.2381030644535016E-003
   4.0493012066223732E-004
   1.9249432431673790E-005
   3.0772706337919145E-007
   6.4991380578465275E-010
   6.2092419164909751E-015
*****  m =   14  l =   17
   2.0495863191432082E-014
   2.1185008055470189E-009
   9.8034575692257995E-007
   5.9278697497219105E-005
   1.1910391277715473E-003
   1.1747104290529968E-002
   6.9300846562896451E-002
  0.27305949929560208     
  0.76508138766349143     
   1.5714843427443232     
   2.3644834744850596     
   2.4681135835333698     
   1.3796881582927965     
 -0.52285569817871169     
  -1.9493070853596632     
  -1.7249103397895007     
   2.6728614507764463E-031
   1.7249103397895007     
   1.9493070853596632     
  0.52285569817871169     
  -1.3796881582927965     
  -2.4681135835333698     
  -2.3644834744850596     
  -1.5714843427443232     
 -0.76508138766349143     
 -0.27305949929560208     
  -6.9300846562896451E-002
  -1.1747104290529968E-002
  -1.1910391277715473E-003
  -5.9278697497219105E-005
  -9.8034575692257995E-007
  -2.1185008055470189E-009
  -2.0495863191432082E-014
*****  m =   14  l =   18
   5.9420112523085064E-014
   6.0605679653262308E-009
   2.7370384456926580E-006
   1.5961770549100849E-004
   3.0528602864523919E-003
   2.8234035828284806E-002
  0.15337497334150241     
  0.54366174345463336     
   1.3265007042604635     
   2.2533400353813118     
   2.5322524520723273     
   1.4238401392235966     
 -0.66355763239038867     
  -2.0231565630680639     
  -1.2752717919453624     
  0.83561925417048011     
   1.9706878674810169     
  0.83561925417048011     
  -1.2752717919453624     
  -2.0231565630680639     
 -0.66355763239038867     
   1.4238401392235966     
   2.5322524520723273     
   2.2533400353813118     
   1.3265007042604635     
  0.54366174345463336     
  0.15337497334150241     
   2.8234035828284806E-002
   3.0528602864523919E-003
   1.5961770549100849E-004
   2.7370384456926580E-006
   6.0605679653262308E-009
   5.9420112523085064E-014
*****  m =   14  l =   19
   1.5621305304016009E-013
   1.5710340239874088E-008
   6.9141586418422591E-006
   3.8798086619497643E-004
   7.0388829062374859E-003
   6.0718376797326432E-002
  0.30122047885891740     
  0.94748962894290834     
   1.9629871932023630     
   2.6054241236515145     
   1.7959674590494155     
 -0.39210609728548468     
  -2.0016254853165747     
  -1.1748220554992022     
   1.1092246762158169     
   1.8350940074435025     
  -3.2034040187193960E-031
  -1.8350940074435025     
  -1.1092246762158169     
   1.1748220554992022     
   2.0016254853165747     
  0.39210609728548468     
  -1.7959674590494155     
  -2.6054241236515145     
  -1.9629871932023630     
 -0.94748962894290834     
 -0.30122047885891740     
  -6.0718376797326432E-002
  -7.0388829062374859E-003
  -3.8798086619497643E-004
  -6.9141586418422591E-006
  -1.5710340239874088E-008
  -1.5621305304016009E-013
*****  m =   14  l =   20
   3.7996727289035813E-013
   3.7650656915732719E-008
   1.6124053295789806E-005
   8.6852047975064309E-004
   1.4891464278314814E-002
  0.11912554645143883     
  0.53465283153221355     
   1.4674665060280414     
   2.4908110183871797     
   2.3180668931406521     
  0.28464647661357795     
  -1.8439957476125646     
  -1.4247380196623125     
   1.0022540857212647     
   1.7862987365228653     
 -0.31004399432907614     
  -1.8656741646674364     
 -0.31004399432907614     
   1.7862987365228653     
   1.0022540857212647     
  -1.4247380196623125     
  -1.8439957476125646     
  0.28464647661357795     
   2.3180668931406521     
   2.4908110183871797     
   1.4674665060280414     
  0.53465283153221355     
  0.11912554645143883     
   1.4891464278314814E-002
   8.6852047975064309E-004
   1.6124053295789806E-005
   3.7650656915732719E-008
   3.7996727289035813E-013
*****  m =   14  l =   21
   8.6696952179144195E-013
   8.4577841793379535E-008
   3.5193289441549613E-005
   1.8152487321449156E-003
   2.9300232027137236E-002
  0.21600541676993942     
  0.86759736473385196     
   2.0336418462901529     
   2.6742579498025698     
   1.2982575500337028     
  -1.3135274562875627     
  -1.8594050672838993     
  0.51775133148927999     
   1.8720277542183337     
 -0.16942796241414393     
  -1.8361701032764632     
   3.6862229513294232E-031
   1.8361701032764632     
  0.16942796241414393     
  -1.8720277542183337     
 -0.51775133148927999     
   1.8594050672838993     
   1.3135274562875627     
  -1.2982575500337028     
  -2.6742579498025698     
  -2.0336418462901529     
 -0.86759736473385196     
 -0.21600541676993942     
  -2.9300232027137236E-002
  -1.8152487321449156E-003
  -3.5193289441549613E-005
  -8.4577841793379535E-008
  -8.6696952179144195E-013
*****  m =   14  l =   22
   1.8742923180479163E-012
   1.7988019439451969E-007
   7.2616152484151049E-005
   3.5775377299087927E-003
   5.4139727199735574E-002
  0.36528971268121224     
   1.2963243442528385     
   2.5209075279314779     
   2.3188355169712072     
 -0.18633186547082412     
  -2.0910986320987259     
 -0.39596416026634046     
   1.8683318884821325     
  0.37861624393646287     
  -1.8079352534016535     
 -0.14604474521465741     
   1.8027558951730960     
 -0.14604474521465741     
  -1.8079352534016535     
  0.37861624393646287     
   1.8683318884821325     
 -0.39596416026634046     
  -2.0910986320987259     
 -0.18633186547082412     
   2.3188355169712072     
   2.5209075279314779     
   1.2963243442528385     
  0.36528971268121224     
   5.4139727199735574E-002
   3.5775377299087927E-003
   7.2616152484151049E-005
   1.7988019439451969E-007
   1.8742923180479163E-012
*****  m =   14  l =   23
   3.8684735542039156E-012
   3.6495912342528302E-007
   1.4271725797364337E-004
   6.6984147213591206E-003
   9.4626339589391179E-002
  0.57986632409955940     
   1.7901752701447431     
   2.7700191897872593     
   1.3838631675529844     
  -1.5488271160470668     
  -1.5338361454921747     
   1.3569487210767464     
   1.2215300113337566     
  -1.5552342970039192     
 -0.68475001717368089     
   1.7507992120201115     
  -4.1440231499972367E-031
  -1.7507992120201115     
  0.68475001717368089     
   1.5552342970039192     
  -1.2215300113337566     
  -1.3569487210767464     
   1.5338361454921747     
   1.5488271160470668     
  -1.3838631675529844     
  -2.7700191897872593     
  -1.7901752701447431     
 -0.57986632409955940     
  -9.4626339589391179E-002
  -6.6984147213591206E-003
  -1.4271725797364337E-004
  -3.6495912342528302E-007
  -3.8684735542039156E-012
*****  m =   14  l =   24
   7.6680569866526256E-012
   7.1057870599066153E-007
   2.6875259728751624E-004
   1.1984632351614070E-002
  0.15731117861712612     
  0.86799984845318401     
   2.2865226938128886     
   2.6330514893320411     
   5.7409107197250488E-002
  -2.1447916391265438     
   2.8572251429458295E-002
   1.8962222083842226     
 -0.72340791409463157     
  -1.4327274680393616     
   1.4517723056099772     
  0.54622503966420688     
  -1.7609986619850542     
  0.54622503966420688     
   1.4517723056099772     
  -1.4327274680393616     
 -0.72340791409463157     
   1.8962222083842226     
   2.8572251429458295E-002
  -2.1447916391265438     
   5.7409107197250488E-002
   2.6330514893320411     
   2.2865226938128886     
  0.86799984845318401     
  0.15731117861712612     
   1.1984632351614070E-002
   2.6875259728751624E-004
   7.1057870599066153E-007
   7.6680569866526256E-012
*****  m =   14  l =   25
   1.4666883238490488E-011
   1.3339788535097594E-006
   4.8720624406585423E-004
   2.0585033791395677E-002
  0.24981793721711179     
   1.2289935442022255     
   2.6938269528561198     
   2.0329291306525774     
  -1.2622667658075191     
  -1.6404878779575118     
   1.5405418481920639     
  0.73760008130166133     
  -1.8371957853255385     
  0.56478072947250169     
   1.3245893412348779     
  -1.5930305747870641     
   4.5866455501820684E-031
   1.5930305747870641     
  -1.3245893412348779     
 -0.56478072947250169     
   1.8371957853255385     
 -0.73760008130166133     
  -1.5405418481920639     
   1.6404878779575118     
   1.2622667658075191     
  -2.0329291306525774     
  -2.6938269528561198     
  -1.2289935442022255     
 -0.24981793721711179     
  -2.0585033791395677E-002
  -4.8720624406585423E-004
  -1.3339788535097594E-006
  -1.4666883238490488E-011
*****  m =   14  l =   26
   2.7175915932924594E-011
   2.4240398189329880E-006
   8.5355381528079584E-004
   3.4070648317583122E-002
  0.38024483072672416     
   1.6488983327788049     
   2.9052685742555950     
   1.0159315715476980     
  -2.0984993458995107     
 -0.26683583624290363     
   1.9218448920572966     
  -1.0734987818134920     
 -0.88586924527449884     
   1.7807398359434568     
 -0.84137070631193678     
 -0.89100966460996767     
   1.7314380135535719     
 -0.89100966460996767     
 -0.84137070631193678     
   1.7807398359434568     
 -0.88586924527449884     
  -1.0734987818134920     
   1.9218448920572966     
 -0.26683583624290363     
  -2.0984993458995107     
   1.0159315715476980     
   2.9052685742555950     
   1.6488983327788049     
  0.38024483072672416     
   3.4070648317583122E-002
   8.5355381528079584E-004
   2.4240398189329880E-006
   2.7175915932924594E-011
*****  m =   14  l =   27
   4.8935785922533216E-011
   4.2774494585803687E-006
   1.4497562247819343E-003
   5.4506491276630840E-002
  0.55618249578453383     
   2.0974168928406791     
   2.8225281816861005     
 -0.22812403970350853     
  -2.1016777065361927     
   1.2358837172382506     
  0.87908795843881937     
  -1.8612609062880925     
   1.0516001453723853     
  0.59949809819448907     
  -1.6722159455765839     
   1.3748191397557132     
  -5.0191990858705847E-031
  -1.3748191397557132     
   1.6722159455765839     
 -0.59949809819448907     
  -1.0516001453723853     
   1.8612609062880925     
 -0.87908795843881937     
  -1.2358837172382506     
   2.1016777065361927     
  0.22812403970350853     
  -2.8225281816861005     
  -2.0974168928406791     
 -0.55618249578453383     
  -5.4506491276630840E-002
  -1.4497562247819343E-003
  -4.2774494585803687E-006
  -4.8935785922533216E-011
*****  m =   14  l =   28
   8.5870997018174706E-011
   7.3496036508743983E-006
   2.3937104988859051E-003
   8.4501608365858016E-002
  0.78335698709283019     
   2.5272924399981327     
   2.3854714470727778     
  -1.3966882680800972     
  -1.2363689699985070     
   2.0049085627267078     
 -0.81485024453007404     
 -0.88199440642537608     
   1.7642070448353089     
  -1.3739434633675194     
  0.11085398046670737     
   1.1769771417604713     
  -1.7095483284551678     
   1.1769771417604713     
  0.11085398046670737     
  -1.3739434633675194     
   1.7642070448353089     
 -0.88199440642537608     
 -0.81485024453007404     
   2.0049085627267078     
  -1.2363689699985070     
  -1.3966882680800972     
   2.3854714470727778     
   2.5272924399981327     
  0.78335698709283019     
   8.4501608365858016E-002
   2.3937104988859051E-003
   7.3496036508743983E-006
   8.5870997018174706E-011
*****  m =   14  l =   29
   1.4718086541233160E-010
   1.2324863651324809E-005
   3.8508109530700236E-003
  0.12722104640145401     
   1.0639852725917631     
   2.8772961230006286     
   1.5999655150191323     
  -2.1574822370653588     
  0.15373282409791955     
   1.5715361567864681     
  -1.8617766244402243     
  0.93060067214965869     
  0.43583291075996572     
  -1.4637809362120680     
   1.7008509273967674     
  -1.1079267551425263     
   5.4446538926496047E-031
   1.1079267551425263     
  -1.7008509273967674     
   1.4637809362120680     
 -0.43583291075996572     
 -0.93060067214965869     
   1.8617766244402243     
  -1.5715361567864681     
 -0.15373282409791955     
   2.1574822370653588     
  -1.5999655150191323     
  -2.8772961230006286     
  -1.0639852725917631     
 -0.12722104640145401     
  -3.8508109530700236E-003
  -1.2324863651324809E-005
  -1.4718086541233160E-010
*****  m =   14  l =   30
   2.4689292966417727E-010
   2.0211794537729511E-005
   6.0476575367508093E-003
  0.18634180002506498     
   1.3950204743242991     
   3.0793766975751500     
  0.55425368634255923     
  -2.2620798565629512     
   1.4612125390703714     
  0.18310787201388315     
  -1.4384521771421939     
   1.8240881098207908     
  -1.3859094276739201     
  0.44168684013558296     
  0.60721495760108790     
  -1.3999877487050103     
   1.6927873311740795     
  -1.3999877487050103     
  0.60721495760108790     
  0.44168684013558296     
  -1.3859094276739201     
   1.8240881098207908     
  -1.4384521771421939     
  0.18310787201388315     
   1.4612125390703714     
  -2.2620798565629512     
  0.55425368634255923     
   3.0793766975751500     
   1.3950204743242991     
  0.18634180002506498     
   6.0476575367508093E-003
   2.0211794537729511E-005
   2.4689292966417727E-010
*****  m =   14  l =   31
   4.0604311075256228E-010
   3.2470101079911394E-005
   9.2877844789123441E-003
  0.26593505272427043     
   1.7665504088976682     
   3.0696488261640722     
 -0.58456218427306450     
  -1.6498110066297931     
   2.0803123821245171     
  -1.3073992036371251     
  0.12588862833611136     
  0.92483710898777938     
  -1.5699849305553168     
   1.7258513002479339     
  -1.4322958903125769     
  0.80447668511301029     
  -5.8648773528986407E-031
 -0.80447668511301029     
   1.4322958903125769     
  -1.7258513002479339     
   1.5699849305553168     
 -0.92483710898777938     
 -0.12588862833611136     
   1.3073992036371251     
  -2.0803123821245171     
   1.6498110066297931     
  0.58456218427306450     
  -3.0696488261640722     
  -1.7665504088976682     
 -0.26593505272427043     
  -9.2877844789123441E-003
  -3.2470101079911394E-005
  -4.0604311075256228E-010
*****  m =   14  l =   32
   6.5569485150435319E-010
   5.1177137133640762E-005
   1.3969070540651907E-002
  0.37025980811358322     
   2.1606766208463903     
   2.8018205942799379     
  -1.5979497590445531     
 -0.49710033834588335     
   1.7041020308096013     
  -1.9559637674315542     
   1.5765874569458997     
 -0.88056097607972084     
   9.6065494168616816E-002
  0.62723886675258445     
  -1.1963470525188697     
   1.5566054375037310     
  -1.6796148669788180     
   1.5566054375037310     
  -1.1963470525188697     
  0.62723886675258445     
   9.6065494168616816E-002
 -0.88056097607972084     
   1.5765874569458997     
  -1.9559637674315542     
   1.7041020308096013     
 -0.49710033834588335     
  -1.5979497590445531     
   2.8018205942799379     
   2.1606766208463903     
  0.37025980811358322     
   1.3969070540651907E-002
   5.1177137133640762E-005
   6.5569485150435319E-010
*****  m =   15  l =   15
   2.0455986706372093E-017
   5.0099793743560480E-012
   3.8512613023928588E-009
   3.4565991461485454E-007
   9.8706958032033645E-006
   1.3673422762128492E-004
   1.1416635869531623E-003
   6.5183535448495832E-003
   2.7554966736852232E-002
   9.0932798621171262E-002
  0.24301149298125474     
  0.53980266885335970     
   1.0155269408406289     
   1.6400357465677959     
   2.2953159642294820     
   2.8015295727287874     
   2.9927906344832773     
   2.8015295727287874     
   2.2953159642294820     
   1.6400357465677959     
   1.0155269408406289     
  0.53980266885335970     
  0.24301149298125474     
   9.0932798621171262E-002
   2.7554966736852232E-002
   6.5183535448495832E-003
   1.1416635869531623E-003
   1.3673422762128492E-004
   9.8706958032033645E-006
   3.4565991461485454E-007
   3.8512613023928588E-009
   5.0099793743560480E-012
   2.0455986706372093E-017
*****  m =   15  l =   16
   1.1720807115707779E-016
   2.8390334273507729E-011
   2.1389808117036858E-008
   1.8639325932145890E-006
   5.1163914654226542E-005
   6.7394799468224731E-004
   5.2871013357671144E-003
   2.7980113407497269E-002
  0.10791219227582020     
  0.31877178055621841     
  0.74460950425623529     
   1.4011553861179042     
   2.1371346235579325     
   2.6154352803232639     
   2.4583114737513960     
   1.5068573762557398     
  -2.1191112919670642E-031
  -1.5068573762557398     
  -2.4583114737513960     
  -2.6154352803232639     
  -2.1371346235579325     
  -1.4011553861179042     
 -0.74460950425623529     
 -0.31877178055621841     
 -0.10791219227582020     
  -2.7980113407497269E-002
  -5.2871013357671144E-003
  -6.7394799468224731E-004
  -5.1163914654226542E-005
  -1.8639325932145890E-006
  -2.1389808117036858E-008
  -2.8390334273507729E-011
  -1.1720807115707779E-016
*****  m =   15  l =   17
   4.8150910046459073E-016
   1.1526826109427127E-010
   8.5004595856338781E-008
   7.1772319614555859E-006
   1.8882138648349626E-004
   2.3553994889263007E-003
   1.7262505456516877E-002
   8.3998445791110515E-002
  0.29214812319652628     
  0.75914078928376394     
   1.5075209011614994     
   2.2903728452431542     
   2.5749625284721289     
   1.8716338998106958     
  0.24963319719081686     
  -1.4723916541665052     
  -2.2131985209645482     
  -1.4723916541665052     
  0.24963319719081686     
   1.8716338998106958     
   2.5749625284721289     
   2.2903728452431542     
   1.5075209011614994     
  0.75914078928376394     
  0.29214812319652628     
   8.3998445791110515E-002
   1.7262505456516877E-002
   2.3553994889263007E-003
   1.8882138648349626E-004
   7.1772319614555859E-006
   8.5004595856338781E-008
   1.1526826109427127E-010
   4.8150910046459073E-016
*****  m =   15  l =   18
   1.6372213747483906E-015
   3.8707821964281152E-010
   2.7902901704474982E-007
   2.2779910397538504E-005
   5.7264901852228044E-004
   6.7354941633178149E-003
   4.5830677316559813E-002
  0.20318771007102213     
  0.62846144503544199     
   1.4040989995320705     
   2.2742725203944700     
   2.5500863235525371     
   1.5922228189477134     
 -0.34749741600943113     
  -1.9245944269766164     
  -1.7814966366096259     
   2.7907778544909001E-031
   1.7814966366096259     
   1.9245944269766164     
  0.34749741600943113     
  -1.5922228189477134     
  -2.5500863235525371     
  -2.2742725203944700     
  -1.4040989995320705     
 -0.62846144503544199     
 -0.20318771007102213     
  -4.5830677316559813E-002
  -6.7354941633178149E-003
  -5.7264901852228044E-004
  -2.2779910397538504E-005
  -2.7902901704474982E-007
  -3.8707821964281152E-010
  -1.6372213747483906E-015
*****  m =   15  l =   19
   4.8855986258341184E-015
   1.1399558480294732E-009
   8.0218153432696600E-007
   6.3188987100324607E-005
   1.5130469819206291E-003
   1.6703238819813053E-002
  0.10480187356407479     
  0.41890477360706740     
   1.1324667028421009     
   2.1073203636407283     
   2.5936815077298072     
   1.6905181294307041     
 -0.41909989125293290     
  -1.9998806672321927     
  -1.3936276743755032     
  0.78274388656328719     
   1.9932730538263097     
  0.78274388656328719     
  -1.3936276743755032     
  -1.9998806672321927     
 -0.41909989125293290     
   1.6905181294307041     
   2.5936815077298072     
   2.1073203636407283     
   1.1324667028421009     
  0.41890477360706740     
  0.10480187356407479     
   1.6703238819813053E-002
   1.5130469819206291E-003
   6.3188987100324607E-005
   8.0218153432696600E-007
   1.1399558480294732E-009
   4.8855986258341184E-015
*****  m =   15  l =   20
   1.3210693505246527E-014
   3.0399507378803456E-009
   2.0854276251796986E-006
   1.5815664728210821E-004
   3.5954203058349257E-003
   3.7070514656509380E-002
  0.21285557971435407     
  0.75762754079706340     
   1.7504925978683303     
   2.5842265455428088     
   2.0713392015752961     
  -5.7469199772603688E-002
  -1.9416550104848447     
  -1.3557243754668458     
   1.0005996316441674     
   1.8747404914861439     
  -3.3324673613929458E-031
  -1.8747404914861439     
  -1.0005996316441674     
   1.3557243754668458     
   1.9416550104848447     
   5.7469199772603688E-002
  -2.0713392015752961     
  -2.5842265455428088     
  -1.7504925978683303     
 -0.75762754079706340     
 -0.21285557971435407     
  -3.7070514656509380E-002
  -3.5954203058349257E-003
  -1.5815664728210821E-004
  -2.0854276251796986E-006
  -3.0399507378803456E-009
  -1.3210693505246527E-014
*****  m =   15  l =   21
   3.3027249022938443E-014
   7.4898764150554563E-009
   5.0020797998922755E-006
   3.6441951819531635E-004
   7.8384340315704303E-003
   7.5083080238207409E-002
  0.39118587453639908     
   1.2214491202456617     
   2.3390282879884383     
   2.5136847974849705     
  0.70504325683119229     
  -1.6719558449167973     
  -1.6360393626001337     
  0.81492076031319471     
   1.8501300049983216     
 -0.23831118904094367     
  -1.8839131119788046     
 -0.23831118904094367     
   1.8501300049983216     
  0.81492076031319471     
  -1.6360393626001337     
  -1.6719558449167973     
  0.70504325683119229     
   2.5136847974849705     
   2.3390282879884383     
   1.2214491202456617     
  0.39118587453639908     
   7.5083080238207409E-002
   7.8384340315704303E-003
   3.6441951819531635E-004
   5.0020797998922755E-006
   7.4898764150554563E-009
   3.3027249022938443E-014
*****  m =   15  l =   22
   7.7402459687109280E-014
   1.7286528277688230E-008
   1.1223481853534523E-005
   7.8369652936043359E-004
   1.5892234028692082E-002
  0.14061938078988789     
  0.65833197533010201     
   1.7698646775070355     
   2.6837706802760875     
   1.7203782374810417     
 -0.95382046996571057     
  -2.0099680539296596     
  0.21944449310074302     
   1.9154255098687067     
  -1.4484632084192504E-002
  -1.8546179306633739     
   3.8229906826667311E-031
   1.8546179306633739     
   1.4484632084192504E-002
  -1.9154255098687067     
 -0.21944449310074302     
   2.0099680539296596     
  0.95382046996571057     
  -1.7203782374810417     
  -2.6837706802760875     
  -1.7698646775070355     
 -0.65833197533010201     
 -0.14061938078988789     
  -1.5892234028692082E-002
  -7.8369652936043359E-004
  -1.1223481853534523E-005
  -1.7286528277688230E-008
  -7.7402459687109280E-014
*****  m =   15  l =   23
   1.7176406687551394E-013
   3.7750637564050309E-008
   2.3794523597784534E-005
   1.5887314978817245E-003
   3.0259460312689487E-002
  0.24578546827990871     
   1.0223692585132818     
   2.3095940057666322     
   2.5687255950530581     
  0.34342998289915488     
  -2.0222973755331344     
 -0.78209214696441587     
   1.7908239932400736     
  0.61614737867587754     
  -1.7925004263794644     
 -0.22805828007850690     
   1.8179781542852649     
 -0.22805828007850690     
  -1.7925004263794644     
  0.61614737867587754     
   1.7908239932400736     
 -0.78209214696441587     
  -2.0222973755331344     
  0.34342998289915488     
   2.5687255950530581     
   2.3095940057666322     
   1.0223692585132818     
  0.24578546827990871     
   3.0259460312689487E-002
   1.5887314978817245E-003
   2.3794523597784534E-005
   3.7750637564050309E-008
   1.7176406687551394E-013
*****  m =   15  l =   24
   3.6367218792754116E-013
   7.8600966677407955E-008
   4.8028009728853548E-005
   3.0589748534299694E-003
   5.4504724103995247E-002
  0.40362512828789499     
   1.4718499744213220     
   2.7018652985867435     
   1.8793676481144703     
  -1.1338753461194389     
  -1.8367362079443876     
   1.0467274172651959     
   1.4673582032967212     
  -1.4219782987782434     
 -0.84196589075484063     
   1.7463688891364599     
  -4.2865884468222094E-031
  -1.7463688891364599     
  0.84196589075484063     
   1.4219782987782434     
  -1.4673582032967212     
  -1.0467274172651959     
   1.8367362079443876     
   1.1338753461194389     
  -1.8793676481144703     
  -2.7018652985867435     
  -1.4718499744213220     
 -0.40362512828789499     
  -5.4504724103995247E-002
  -3.0589748534299694E-003
  -4.8028009728853548E-005
  -7.8600966677407955E-008
  -3.6367218792754116E-013
*****  m =   15  l =   25
   7.3905071119996356E-013
   1.5696518260062185E-007
   9.2844592931001424E-005
   5.6268900402259249E-003
   9.3399616357089696E-002
  0.62577560906148255     
   1.9681563605808252     
   2.7925846485471069     
  0.69586566668857452     
  -2.0646190083613272     
 -0.47539866379059526     
   1.9453365962410030     
 -0.40387317290715674     
  -1.5879229826141608     
   1.3567571873680304     
  0.63124289587469573     
  -1.7739786218979201     
  0.63124289587469573     
   1.3567571873680304     
  -1.5879229826141608     
 -0.40387317290715674     
   1.9453365962410030     
 -0.47539866379059526     
  -2.0646190083613272     
  0.69586566668857452     
   2.7925846485471069     
   1.9681563605808252     
  0.62577560906148255     
   9.3399616357089696E-002
   5.6268900402259249E-003
   9.2844592931001424E-005
   1.5696518260062185E-007
   7.3905071119996356E-013
*****  m =   15  l =   26
   1.4484356934458451E-012
   3.0208113804116322E-007
   1.7271380160057865E-004
   9.9347511200556828E-003
  0.15293426079468239     
  0.91912445975948243     
   2.4427353747391587     
   2.4621889226842049     
 -0.67936529300194526     
  -1.9738723409106498     
   1.1782088910020110     
   1.1266929228770313     
  -1.7994141588351547     
  0.31356463721099009     
   1.4439241309646302     
  -1.5657842110303883     
   4.7338005870969867E-031
   1.5657842110303883     
  -1.4439241309646302     
 -0.31356463721099009     
   1.7994141588351547     
  -1.1266929228770313     
  -1.1782088910020110     
   1.9738723409106498     
  0.67936529300194526     
  -2.4621889226842049     
  -2.4427353747391587     
 -0.91912445975948243     
 -0.15293426079468239     
  -9.9347511200556828E-003
  -1.7271380160057865E-004
  -3.0208113804116322E-007
  -1.4484356934458451E-012
*****  m =   15  l =   27
   2.7484167405597421E-012
   5.6245107044944953E-007
   3.1037894899519492E-004
   1.6900111011785554E-002
  0.24011812274886418     
   1.2818421976596244     
   2.8024728277382041     
   1.6813461553919640     
  -1.7974237890477163     
 -0.86865349713421935     
   1.9783821627166485     
 -0.68666945546758451     
  -1.1885785250990040     
   1.7692530091164229     
 -0.68540005491300249     
 -0.97268430696562902     
   1.7426799770317343     
 -0.97268430696562902     
 -0.68540005491300249     
   1.7692530091164229     
  -1.1885785250990040     
 -0.68666945546758451     
   1.9783821627166485     
 -0.86865349713421935     
  -1.7974237890477163     
   1.6813461553919640     
   2.8024728277382041     
   1.2818421976596244     
  0.24011812274886418     
   1.6900111011785554E-002
   3.1037894899519492E-004
   5.6245107044944953E-007
   2.7484167405597421E-012
*****  m =   15  l =   28
   5.0656652525123231E-012
   1.0164763672816006E-006
   5.4057073753395295E-004
   2.7785880677588647E-002
  0.36249780916619267     
   1.6995193187436046     
   2.9448947183327432     
  0.55071283352422062     
  -2.2328851085675421     
  0.68835291252781083     
   1.3388137237913562     
  -1.8442429848950745     
  0.74074758261651497     
  0.85438149386749240     
  -1.7244659937881333     
   1.3261677250658115     
  -5.1701136265452994E-031
  -1.3261677250658115     
   1.7244659937881333     
 -0.85438149386749240     
 -0.74074758261651497     
   1.8442429848950745     
  -1.3388137237913562     
 -0.68835291252781083     
   2.2328851085675421     
 -0.55071283352422062     
  -2.9448947183327432     
  -1.6995193187436046     
 -0.36249780916619267     
  -2.7785880677588647E-002
  -5.4057073753395295E-004
  -1.0164763672816006E-006
  -5.0656652525123231E-012
*****  m =   15  l =   29
   9.0939367590806632E-012
   1.7879301321756542E-006
   9.1492658611455168E-004
   4.4268284551495334E-002
  0.52734263974198392     
   2.1424296827358118     
   2.7820506790542452     
 -0.69738115018443669     
  -1.7833318163078866     
   1.8385427952776545     
 -0.28341228799366558     
  -1.2695898577740772     
   1.8067579214855745     
  -1.1914318828044699     
  -7.4971163678965988E-002
   1.2498217773064380     
  -1.7194036733014753     
   1.2498217773064380     
  -7.4971163678965988E-002
  -1.1914318828044699     
   1.8067579214855745     
  -1.2695898577740772     
 -0.28341228799366558     
   1.8385427952776545     
  -1.7833318163078866     
 -0.69738115018443669     
   2.7820506790542452     
   2.1424296827358118     
  0.52734263974198392     
   4.4268284551495334E-002
   9.1492658611455168E-004
   1.7879301321756542E-006
   9.0939367590806632E-012
*****  m =   15  l =   30
   1.5938418635793256E-011
   3.0680262959265133E-006
   1.5083297773707688E-003
   6.8493080597867920E-002
  0.74049217891816699     
   2.5650633192764420     
   2.2684831689848584     
  -1.7475129275672499     
 -0.60062997592848744     
   1.9104246321419642     
  -1.6721419767663583     
  0.49793280169443338     
  0.79630640537501551     
  -1.6080745213844316     
   1.6719247948898017     
  -1.0403691174368270     
   5.5987246356682233E-031
   1.0403691174368270     
  -1.6719247948898017     
   1.6080745213844316     
 -0.79630640537501551     
 -0.49793280169443338     
   1.6721419767663583     
  -1.9104246321419642     
  0.60062997592848744     
   1.7475129275672499     
  -2.2684831689848584     
  -2.5650633192764420     
 -0.74049217891816699     
  -6.8493080597867920E-002
  -1.5083297773707688E-003
  -3.0680262959265133E-006
  -1.5938418635793256E-011
*****  m =   15  l =   31
   2.7327029678660930E-011
   5.1463235632521721E-006
   2.4268586669989995E-003
  0.10310771007196794     
   1.0049222863469993     
   2.9089203863776150     
   1.4257248104343001     
  -2.2936862130951181     
  0.82911767186808716     
  0.84455339022773823     
  -1.7575839200139267     
   1.7704953116776312     
  -1.1213658178658983     
  0.15894986855351859     
  0.78647061148911646     
  -1.4594056893883720     
   1.7015123214525718     
  -1.4594056893883720     
  0.78647061148911646     
  0.15894986855351859     
  -1.1213658178658983     
   1.7704953116776312     
  -1.7575839200139267     
  0.84455339022773823     
  0.82911767186808716     
  -2.2936862130951181     
   1.4257248104343001     
   2.9089203863776150     
   1.0049222863469993     
  0.10310771007196794     
   2.4268586669989995E-003
   5.1463235632521721E-006
   2.7327029678660930E-011
*****  m =   15  l =   32
   4.5915076262933545E-011
   8.4532640833650800E-006
   3.8174856348948383E-003
  0.15125493398928058     
   1.3191614445141906     
   3.1090822351272136     
  0.35456242553312012     
  -2.1487718711871073     
   1.8746918116572067     
 -0.72595957528290811     
 -0.46568867842164846     
   1.3177817093930744     
  -1.7189311889943577     
   1.6930707230071147     
  -1.3244828946292693     
  0.72137995303830460     
  -6.0216478105774033E-031
 -0.72137995303830460     
   1.3244828946292693     
  -1.6930707230071147     
   1.7189311889943577     
  -1.3177817093930744     
  0.46568867842164846     
  0.72595957528290811     
  -1.8746918116572067     
   2.1487718711871073     
 -0.35456242553312012     
  -3.1090822351272136     
  -1.3191614445141906     
 -0.15125493398928058     
  -3.8174856348948383E-003
  -8.4532640833650800E-006
  -4.5915076262933545E-011
*****  m =   16  l =   16
   1.4898825034352629E-018
   8.3451707174535175E-013
   9.9904889384749082E-010
   1.2101406359560018E-007
   4.3209692682691554E-006
   7.1320210487855879E-005
   6.8598968368465394E-004
   4.3990341290025842E-003
   2.0471835141469750E-002
   7.3155247903988418E-002
  0.20874311477893492     
  0.48902108808352751     
  0.95957981577066875     
   1.6000016361818450     
   2.2900354261340308     
   2.8324686841520403     
   3.0391932564471209     
   2.8324686841520403     
   2.2900354261340308     
   1.6000016361818450     
  0.95957981577066875     
  0.48902108808352751     
  0.20874311477893492     
   7.3155247903988418E-002
   2.0471835141469750E-002
   4.3990341290025842E-003
   6.8598968368465394E-004
   7.1320210487855879E-005
   4.3209692682691554E-006
   1.2101406359560018E-007
   9.9904889384749082E-010
   8.3451707174535175E-013
   1.4898825034352629E-018
*****  m =   16  l =   17
   8.7915643335985634E-018
   4.8702005548375658E-012
   5.7143613314854018E-009
   6.7203838748045699E-007
   2.3066103032964948E-005
   3.6202520833996841E-004
   3.2717048792272464E-003
   1.9446701224790378E-002
   8.2566609687451206E-002
  0.26410817813081916     
  0.65870502037824585     
   1.3072417600743986     
   2.0796899234233872     
   2.6277747948251142     
   2.5258856401121519     
   1.5689861372259224     
  -2.2162196372074583E-031
  -1.5689861372259224     
  -2.5258856401121519     
  -2.6277747948251142     
  -2.0796899234233872     
  -1.3072417600743986     
 -0.65870502037824585     
 -0.26410817813081916     
  -8.2566609687451206E-002
  -1.9446701224790378E-002
  -3.2717048792272464E-003
  -3.6202520833996841E-004
  -2.3066103032964948E-005
  -6.7203838748045699E-007
  -5.7143613314854018E-009
  -4.8702005548375658E-012
  -8.7915643335985634E-018
*****  m =   16  l =   18
   3.7168199590890287E-017
   2.0349907057515284E-011
   2.3372938836207929E-008
   2.6636873190135270E-006
   8.7639396922864523E-005
   1.3029282407999168E-003
   1.1004030438598844E-002
   6.0168470072495948E-002
  0.23053877435380948     
  0.64937638901951888     
   1.3792834057265386     
   2.2169666148332743     
   2.6169490278708594     
   2.0032505178455358     
  0.36586413598415657     
  -1.4482608282526601     
  -2.2418405616133326     
  -1.4482608282526601     
  0.36586413598415657     
   2.0032505178455358     
   2.6169490278708594     
   2.2169666148332743     
   1.3792834057265386     
  0.64937638901951888     
  0.23053877435380948     
   6.0168470072495948E-002
   1.1004030438598844E-002
   1.3029282407999168E-003
   8.7639396922864523E-005
   2.6636873190135270E-006
   2.3372938836207929E-008
   2.0349907057515284E-011
   3.7168199590890287E-017
*****  m =   16  l =   19
   1.2996438189205458E-016
   7.0280909340259042E-011
   7.8917687509299108E-008
   8.6983897586289498E-006
   2.7356032684329299E-004
   3.8367633480831912E-003
   3.0106853978206848E-002
  0.15015200848980986     
  0.51249495732149664     
   1.2446954535622741     
   2.1677614397919203     
   2.6030847228671568     
   1.7873234553461959     
 -0.17065290843719175     
  -1.8928445586310203     
  -1.8355332856130746     
   2.9070417781665465E-031
   1.8355332856130746     
   1.8928445586310203     
  0.17065290843719175     
  -1.7873234553461959     
  -2.6030847228671568     
  -2.1677614397919203     
  -1.2446954535622741     
 -0.51249495732149664     
 -0.15015200848980986     
  -3.0106853978206848E-002
  -3.8367633480831912E-003
  -2.7356032684329299E-004
  -8.6983897586289498E-006
  -7.8917687509299108E-008
  -7.0280909340259042E-011
  -1.2996438189205458E-016
*****  m =   16  l =   20
   3.9855393123337443E-016
   2.1273221549591462E-010
   2.3324233614566494E-007
   2.4814241286864044E-005
   7.4375860280623003E-004
   9.7986533845337044E-003
   7.0986722654931320E-002
  0.31979239767291812     
  0.95702196691015307     
   1.9473797588826915     
   2.6131841404051777     
   1.9266546062491905     
 -0.17046437847712870     
  -1.9585598801308619     
  -1.5048377508013635     
  0.72912353547908837     
   2.0151584148213901     
  0.72912353547908837     
  -1.5048377508013635     
  -1.9585598801308619     
 -0.17046437847712870     
   1.9266546062491905     
   2.6131841404051777     
   1.9473797588826915     
  0.95702196691015307     
  0.31979239767291812     
   7.0986722654931320E-002
   9.7986533845337044E-003
   7.4375860280623003E-004
   2.4814241286864044E-005
   2.3324233614566494E-007
   2.1273221549591462E-010
   3.9855393123337443E-016
*****  m =   16  l =   21
   1.1067791837441111E-015
   5.8270718036102329E-010
   6.2302768692356318E-007
   6.3847897114418817E-005
   1.8182956930717742E-003
   2.2399307525744896E-002
  0.14876978437597899     
  0.59857109465239733     
   1.5393020201490435     
   2.5154576414006122     
   2.2946305485138336     
  0.27594724006406568     
  -1.8485496858994370     
  -1.5203669933389692     
  0.88742740427464717     
   1.9111801676271285     
  -3.4598543422945498E-031
  -1.9111801676271285     
 -0.88742740427464717     
   1.5203669933389692     
   1.8485496858994370     
 -0.27594724006406568     
  -2.2946305485138336     
  -2.5154576414006122     
  -1.5393020201490435     
 -0.59857109465239733     
 -0.14876978437597899     
  -2.2399307525744896E-002
  -1.8182956930717742E-003
  -6.3847897114418817E-005
  -6.2302768692356318E-007
  -5.8270718036102329E-010
  -1.1067791837441111E-015
*****  m =   16  l =   22
   2.8398717585132321E-015
   1.4738063747014509E-009
   1.5346886572838153E-006
   1.5118271733228152E-004
   4.0777724643022012E-003
   4.6741664305409943E-002
  0.28239988314403630     
   1.0012096613488537     
   2.1539672408140453     
   2.6341661081935257     
   1.0995284639372187     
  -1.4549391947714085     
  -1.8119540612624547     
  0.61871245042061040     
   1.9021074233725228     
 -0.16676367900506020     
  -1.9016998035632438     
 -0.16676367900506020     
   1.9021074233725228     
  0.61871245042061040     
  -1.8119540612624547     
  -1.4549391947714085     
   1.0995284639372187     
   2.6341661081935257     
   2.1539672408140453     
   1.0012096613488537     
  0.28239988314403630     
   4.6741664305409943E-002
   4.0777724643022012E-003
   1.5118271733228152E-004
   1.5346886572838153E-006
   1.4738063747014509E-009
   2.8398717585132321E-015
*****  m =   16  l =   23
   6.8266558611962550E-015
   3.4898766463245624E-009
   3.5346526841795414E-006
   3.3400037795963222E-004
   8.5040566890220576E-003
   9.0226180083693416E-002
  0.49152696131001178     
   1.5104535069661544     
   2.6165049297069656     
   2.0708865131818017     
 -0.55997406509900671     
  -2.0934889871355540     
  -8.1417669608423809E-002
   1.9306860989190135     
  0.13918786119716497     
  -1.8694675291838627     
   3.9580968515604166E-031
   1.8694675291838627     
 -0.13918786119716497     
  -1.9306860989190135     
   8.1417669608423809E-002
   2.0934889871355540     
  0.55997406509900671     
  -2.0708865131818017     
  -2.6165049297069656     
  -1.5104535069661544     
 -0.49152696131001178     
  -9.0226180083693416E-002
  -8.5040566890220576E-003
  -3.3400037795963222E-004
  -3.5346526841795414E-006
  -3.4898766463245624E-009
  -6.8266558611962550E-015
*****  m =   16  l =   24
   1.5529561460890969E-014
   7.8149926776691511E-009
   7.6886401006423023E-006
   6.9537766328772147E-004
   1.6655039391917963E-002
  0.16263020263967606     
  0.79083696504183565     
   2.0628562798018808     
   2.7092310597957003     
  0.85136663700495951     
  -1.8610335570997454     
  -1.1353740786279756     
   1.6663908463895638     
  0.84153202109158987     
  -1.7636821156710465     
 -0.30884932755299882     
   1.8329055198798203     
 -0.30884932755299882     
  -1.7636821156710465     
  0.84153202109158987     
   1.6663908463895638     
  -1.1353740786279756     
  -1.8610335570997454     
  0.85136663700495951     
   2.7092310597957003     
   2.0628562798018808     
  0.79083696504183565     
  0.16263020263967606     
   1.6655039391917963E-002
   6.9537766328772147E-004
   7.6886401006423023E-006
   7.8149926776691511E-009
   1.5529561460890969E-014
*****  m =   16  l =   25
   3.3687414812084710E-014
   1.6676702609779544E-008
   1.5916076293495520E-005
   1.3746930586884234E-003
   3.0859379980625070E-002
  0.27560631592613610     
   1.1823162464013675     
   2.5461488311834444     
   2.2683446531769897     
 -0.65684320121273965     
  -2.0400572359427658     
  0.69573947500562272     
   1.6676374099384745     
  -1.2649196425876998     
 -0.99073256667593135     
   1.7382378228708915     
  -4.4275224282660299E-031
  -1.7382378228708915     
  0.99073256667593135     
   1.2649196425876998     
  -1.6676374099384745     
 -0.69573947500562272     
   2.0400572359427658     
  0.65684320121273965     
  -2.2683446531769897     
  -2.5461488311834444     
  -1.1823162464013675     
 -0.27560631592613610     
  -3.0859379980625070E-002
  -1.3746930586884234E-003
  -1.5916076293495520E-005
  -1.6676702609779544E-008
  -3.3687414812084710E-014
*****  m =   16  l =   26
   7.0101870637877526E-014
   3.4115348508169227E-008
   3.1542330165699682E-005
   2.5957462005024501E-003
   5.4403194512533413E-002
  0.44136454645701223     
   1.6470594815055060     
   2.8156172719944226     
   1.2819880286282674     
  -1.8467998310970106     
 -0.94629637726807603     
   1.9043114132572965     
  -7.4618218113667575E-002
  -1.7111801606006707     
   1.2506992392581249     
  0.71395878804167145     
  -1.7867694230265543     
  0.71395878804167145     
   1.2506992392581249     
  -1.7111801606006707     
  -7.4618218113667575E-002
   1.9043114132572965     
 -0.94629637726807603     
  -1.8467998310970106     
   1.2819880286282674     
   2.8156172719944226     
   1.6470594815055060     
  0.44136454645701223     
   5.4403194512533413E-002
   2.5957462005024501E-003
   3.1542330165699682E-005
   3.4115348508169227E-008
   7.0101870637877526E-014
*****  m =   16  l =   27
   1.4061412515239710E-013
   6.7224902359613552E-008
   6.0130907098390097E-005
   4.7036539933530642E-003
   9.1665122214703951E-002
  0.67041015346460875     
   2.1392777309728865     
   2.7313867477131759     
  -5.0092746329962877E-002
  -2.1549979685033138     
  0.74330389214504866     
   1.4552697389033946     
  -1.6997545543584951     
   5.8524676480038736E-002
   1.5483650235903608     
  -1.5350295093438633     
   4.8793610123337937E-031
   1.5350295093438633     
  -1.5483650235903608     
  -5.8524676480038736E-002
   1.6997545543584951     
  -1.4552697389033946     
 -0.74330389214504866     
   2.1549979685033138     
   5.0092746329962877E-002
  -2.7313867477131759     
  -2.1392777309728865     
 -0.67041015346460875     
  -9.1665122214703951E-002
  -4.7036539933530642E-003
  -6.0130907098390097E-005
  -6.7224902359613552E-008
  -1.4061412515239710E-013
*****  m =   16  l =   28
   2.7294325399954378E-013
   1.2810220770639168E-007
   1.1069933702826122E-004
   8.2108808710133728E-003
  0.14814218167289137     
  0.96841177677576884     
   2.5856692490759445     
   2.2095686284610685     
  -1.3415501375937309     
  -1.3917024938202609     
   1.8949184711747493     
 -0.26689533923393732     
  -1.4440584725388512     
   1.7192004957128248     
 -0.52420912687211452     
  -1.0510053724572597     
   1.7538062519919804     
  -1.0510053724572597     
 -0.52420912687211452     
   1.7192004957128248     
  -1.4440584725388512     
 -0.26689533923393732     
   1.8949184711747493     
  -1.3917024938202609     
  -1.3415501375937309     
   2.2095686284610685     
   2.5856692490759445     
  0.96841177677576884     
  0.14814218167289137     
   8.2108808710133728E-003
   1.1069933702826122E-004
   1.2810220770639168E-007
   2.7294325399954378E-013
*****  m =   16  l =   29
   5.1437596091791597E-013
   2.3683644662978969E-007
   1.9744503241283428E-004
   1.3851619645515378E-002
  0.23030036976610083     
   1.3325557613707033     
   2.8928303322969078     
   1.2710404059642679     
  -2.1435455819072748     
   8.4197527273071907E-002
   1.6919842906444169     
  -1.7210962047178879     
  0.40412182309779032     
   1.0867285768588648     
  -1.7578809678305787     
   1.2744845604585440     
  -5.3194727021046039E-031
  -1.2744845604585440     
   1.7578809678305787     
  -1.0867285768588648     
 -0.40412182309779032     
   1.7210962047178879     
  -1.6919842906444169     
  -8.4197527273071907E-002
   2.1435455819072748     
  -1.2710404059642679     
  -2.8928303322969078     
  -1.3325557613707033     
 -0.23030036976610083     
  -1.3851619645515378E-002
  -1.9744503241283428E-004
  -2.3683644662978969E-007
  -5.1437596091791597E-013
*****  m =   16  l =   30
   9.4374157488310912E-013
   4.2599425016556914E-007
   3.4212893297849375E-004
   2.2642139044437879E-002
  0.34518563076428543     
   1.7480501741186842     
   2.9636843007198670     
   6.6673376674386234E-002
  -2.1318484446802999     
   1.4936376630094004     
  0.26515506142036604     
  -1.5752813820689233     
   1.7737747842211871     
 -0.98188944582411652     
 -0.25792074927137676     
   1.3183565177743586     
  -1.7291955250171291     
   1.3183565177743586     
 -0.25792074927137676     
 -0.98188944582411652     
   1.7737747842211871     
  -1.5752813820689233     
  0.26515506142036604     
   1.4936376630094004     
  -2.1318484446802999     
   6.6673376674386234E-002
   2.9636843007198670     
   1.7480501741186842     
  0.34518563076428543     
   2.2642139044437879E-002
   3.4212893297849375E-004
   4.2599425016556914E-007
   9.4374157488310912E-013
*****  m =   16  l =   31
   1.6897162506953342E-012
   7.4721373710391504E-007
   5.7728268493957991E-004
   3.5942694488635893E-002
  0.49974678793240851     
   2.1856955027484544     
   2.7211776311917846     
  -1.1389947265435936     
  -1.2761870582777455     
   2.0449256825489850     
  -1.3408418814639720     
   3.7945062218624495E-002
   1.1180078765111767     
  -1.7096916064733547     
   1.6238592976034114     
 -0.97051479902481208     
   5.7512795580781940E-031
  0.97051479902481208     
  -1.6238592976034114     
   1.7096916064733547     
  -1.1180078765111767     
  -3.7945062218624495E-002
   1.3408418814639720     
  -2.0449256825489850     
   1.2761870582777455     
   1.1389947265435936     
  -2.7211776311917846     
  -2.1856955027484544     
 -0.49974678793240851     
  -3.5942694488635893E-002
  -5.7728268493957991E-004
  -7.4721373710391504E-007
  -1.6897162506953342E-012
*****  m =   16  l =   32
   2.9583272801319764E-012
   1.2807187349344822E-006
   9.5041610807883477E-004
   5.5514283386397321E-002
  0.69985489029558468     
   2.6015424965879426     
   2.1343926784224170     
  -2.0312133000075652     
   9.9469752261122160E-002
   1.4043106722664167     
  -1.9137064854327968     
   1.5975780208561940     
 -0.80855496736732491     
 -0.12485813457592326     
  0.95417772050035909     
  -1.5137133014180701     
   1.7102114598657909     
  -1.5137133014180701     
  0.95417772050035909     
 -0.12485813457592326     
 -0.80855496736732491     
   1.5975780208561940     
  -1.9137064854327968     
   1.4043106722664167     
   9.9469752261122160E-002
  -2.0312133000075652     
   2.1343926784224170     
   2.6015424965879426     
  0.69985489029558468     
   5.5514283386397321E-002
   9.5041610807883477E-004
   1.2807187349344822E-006
   2.9583272801319764E-012
*****  m =   17  l =   17
   1.0841670151428238E-019
   1.3888236260624521E-013
   2.5893042465738943E-010
   4.2328731491764974E-008
   1.8898492818762016E-006
   3.7167262384556856E-005
   4.1182205600101248E-004
   2.9661242083501619E-003
   1.5195893559855084E-002
   5.8800767952345442E-002
  0.17914722625907611     
  0.44262172939740496     
  0.90590642974831770     
   1.5595529419765493     
   2.2827297937691493     
   2.8611959764681831     
   3.0835633882169975     
   2.8611959764681831     
   2.2827297937691493     
   1.5595529419765493     
  0.90590642974831770     
  0.44262172939740496     
  0.17914722625907611     
   5.8800767952345442E-002
   1.5195893559855084E-002
   2.9661242083501619E-003
   4.1182205600101248E-004
   3.7167262384556856E-005
   1.8898492818762016E-006
   4.2328731491764974E-008
   2.5893042465738943E-010
   1.3888236260624521E-013
   1.0841670151428238E-019
*****  m =   17  l =   18
   6.5777470489058427E-019
   8.3334638558875458E-013
   1.5227579602393621E-009
   2.4169091733689844E-007
   1.0372586373524543E-005
   1.9397850565999758E-004
   2.0194494167703990E-003
   1.3481703878259416E-002
   6.3014538409592799E-002
  0.21826605601633497     
  0.58124033197102909     
   1.2165442096179020     
   2.0186808599178709     
   2.6335082185115257     
   2.5887662031250063     
   1.6295527927942450     
  -2.3119274539094193E-031
  -1.6295527927942450     
  -2.5887662031250063     
  -2.6335082185115257     
  -2.0186808599178709     
  -1.2165442096179020     
 -0.58124033197102909     
 -0.21826605601633497     
  -6.3014538409592799E-002
  -1.3481703878259416E-002
  -2.0194494167703990E-003
  -1.9397850565999758E-004
  -1.0372586373524543E-005
  -2.4169091733689844E-007
  -1.5227579602393621E-009
  -8.3334638558875458E-013
  -6.5777470489058427E-019
*****  m =   17  l =   19
   2.8573444531680521E-018
   3.5779739142593972E-012
   6.4003324620645826E-009
   9.8451417704946347E-007
   4.0509010396030751E-005
   7.1774243931735154E-004
   6.9851429153100827E-003
   4.2915927015994039E-002
  0.18113474387409315     
  0.55301096859048859     
   1.2560808539295139     
   2.1351117469457668     
   2.6439573126587597     
   2.1251193525297003     
  0.48066997628473396     
  -1.4227287800853934     
  -2.2694412050746813     
  -1.4227287800853934     
  0.48066997628473396     
   2.1251193525297003     
   2.6439573126587597     
   2.1351117469457668     
   1.2560808539295139     
  0.55301096859048859     
  0.18113474387409315     
   4.2915927015994039E-002
   6.9851429153100827E-003
   7.1774243931735154E-004
   4.0509010396030751E-005
   9.8451417704946347E-007
   6.4003324620645826E-009
   3.5779739142593972E-012
   2.8573444531680521E-018
*****  m =   17  l =   20
   1.0259301305423187E-017
   1.2689558166379925E-011
   2.2195169114304501E-008
   3.3026841735021866E-006
   1.2993703647039842E-004
   2.1728929954665721E-003
   1.9660658544776253E-002
  0.11028282893641021     
  0.41525785205123100     
   1.0958046494882507     
   2.0500973994076643     
   2.6302650519523159     
   1.9647656569068119     
   6.4316668964083824E-003
  -1.8546364107477331     
  -1.8871399272116667     
   3.0217637691541900E-031
   1.8871399272116667     
   1.8546364107477331     
  -6.4316668964083824E-003
  -1.9647656569068119     
  -2.6302650519523159     
  -2.0500973994076643     
  -1.0958046494882507     
 -0.41525785205123100     
 -0.11028282893641021     
  -1.9660658544776253E-002
  -2.1728929954665721E-003
  -1.2993703647039842E-004
  -3.3026841735021866E-006
  -2.2195169114304501E-008
  -1.2689558166379925E-011
  -1.0259301305423187E-017
*****  m =   17  l =   21
   3.2286039829953403E-017
   3.9420743494253205E-011
   6.7338816589430507E-008
   9.6749268734132300E-006
   3.6294821026119380E-004
   5.7053958400201700E-003
   4.7711187041695302E-002
  0.24214235267052173     
  0.80159692180873343     
   1.7811814982039749     
   2.5970282402655371     
   2.1317523201013797     
   7.8867460529850511E-002
  -1.9008061347099208     
  -1.6089167080605751     
  0.67485906152836261     
   2.0363881237361832     
  0.67485906152836261     
  -1.6089167080605751     
  -1.9008061347099208     
   7.8867460529850511E-002
   2.1317523201013797     
   2.5970282402655371     
   1.7811814982039749     
  0.80159692180873343     
  0.24214235267052173     
   4.7711187041695302E-002
   5.7053958400201700E-003
   3.6294821026119380E-004
   9.6749268734132300E-006
   6.7338816589430507E-008
   3.9420743494253205E-011
   3.2286039829953403E-017
*****  m =   17  l =   22
   9.1952710187908850E-017
   1.1075981622852736E-010
   1.8455635209366150E-007
   2.5553678134784984E-005
   9.1145147921376391E-004
   1.3410775126186113E-002
  0.10297670596797855     
  0.46795920857779161     
   1.3373506550201482     
   2.4104337024656401     
   2.4673570497911399     
  0.60140322581011252     
  -1.7262991144003819     
  -1.6681926857024161     
  0.77052998730317535     
   1.9445595988134619     
  -3.5856702668180550E-031
  -1.9445595988134619     
 -0.77052998730317535     
   1.6681926857024161     
   1.7262991144003819     
 -0.60140322581011252     
  -2.4673570497911399     
  -2.4104337024656401     
  -1.3373506550201482     
 -0.46795920857779161     
 -0.10297670596797855     
  -1.3410775126186113E-002
  -9.1145147921376391E-004
  -2.5553678134784984E-005
  -1.8455635209366150E-007
  -1.1075981622852736E-010
  -9.1952710187908850E-017
*****  m =   17  l =   23
   2.4184076325312907E-016
   2.8719728171990974E-010
   4.6623573715572083E-007
   6.2090275136609673E-005
   2.0993826364717029E-003
   2.8781595529256642E-002
  0.20147782707321840     
  0.80984508677327105     
   1.9510935353312941     
   2.6880859866791420     
   1.4594572753825219     
  -1.2022267806684577     
  -1.9516897159313384     
  0.41651484800916172     
   1.9426703632591260     
  -9.5480266768023347E-002
  -1.9190528780690597     
  -9.5480266768023347E-002
   1.9426703632591260     
  0.41651484800916172     
  -1.9516897159313384     
  -1.2022267806684577     
   1.4594572753825219     
   2.6880859866791420     
   1.9510935353312941     
  0.80984508677327105     
  0.20147782707321840     
   2.8781595529256642E-002
   2.0993826364717029E-003
   6.2090275136609673E-005
   4.6623573715572083E-007
   2.8719728171990974E-010
   2.4184076325312907E-016
*****  m =   17  l =   24
   5.9556192171088075E-016
   6.9684376545668090E-010
   1.1007941978137822E-006
   1.4071828795970739E-004
   4.4963327687125385E-003
   5.7157017901546474E-002
  0.36183954320357525     
   1.2676600222514129     
   2.4917360165784177     
   2.3466475505014284     
 -0.14927386974851425     
  -2.1126975802461891     
 -0.37805153806107455     
   1.9193963475474247     
  0.29072017619074869     
  -1.8808960136173454     
   4.0916404235677920E-031
   1.8808960136173454     
 -0.29072017619074869     
  -1.9193963475474247     
  0.37805153806107455     
   2.1126975802461891     
  0.14927386974851425     
  -2.3466475505014284     
  -2.4917360165784177     
  -1.2676600222514129     
 -0.36183954320357525     
  -5.7157017901546474E-002
  -4.4963327687125385E-003
  -1.4071828795970739E-004
  -1.1007941978137822E-006
  -6.9684376545668090E-010
  -5.9556192171088075E-016
*****  m =   17  l =   25
   1.3871916205029176E-015
   1.5981819125944940E-009
   2.4535998824079559E-006
   3.0046036272630760E-004
   9.0433264063193210E-003
  0.10603518789234451     
  0.60155162806855489     
   1.8036088933164112     
   2.7542575252821027     
   1.3174649065485757     
  -1.6222140100846258     
  -1.4459976524174885     
   1.5012622138029683     
   1.0521606114129065     
  -1.7224622089695238     
 -0.38836179225889050     
   1.8475423843967562     
 -0.38836179225889050     
  -1.7224622089695238     
   1.0521606114129065     
   1.5012622138029683     
  -1.4459976524174885     
  -1.6222140100846258     
   1.3174649065485757     
   2.7542575252821027     
   1.8036088933164112     
  0.60155162806855489     
  0.10603518789234451     
   9.0433264063193210E-003
   3.0046036272630760E-004
   2.4535998824079559E-006
   1.5981819125944940E-009
   1.3871916205029176E-015
*****  m =   17  l =   26
   3.0795163297905747E-015
   3.4912109703228945E-009
   5.2025439819878259E-006
   6.0901654379401805E-004
   1.7208013600093646E-002
  0.18505265241543903     
  0.93098391725231511     
   2.3333105323475851     
   2.5476705987015560     
 -0.14930461513188409     
  -2.1421029732986478     
  0.32059679945786779     
   1.8198324406794217     
  -1.0880851988015210     
  -1.1304284684584516     
   1.7266151546819108     
  -4.5669178461221855E-031
  -1.7266151546819108     
   1.1304284684584516     
   1.0880851988015210     
  -1.8198324406794217     
 -0.32059679945786779     
   2.1421029732986478     
  0.14930461513188409     
  -2.5476705987015560     
  -2.3333105323475851     
 -0.93098391725231511     
 -0.18505265241543903     
  -1.7208013600093646E-002
  -6.0901654379401805E-004
  -5.2025439819878259E-006
  -3.4912109703228945E-009
  -3.0795163297905747E-015
*****  m =   17  l =   27
   6.5549571603665955E-015
   7.3078357311202814E-009
   1.0556975505285727E-005
   1.1788267131239028E-003
   3.1157746803946017E-002
  0.30540692549813236     
   1.3459138470218333     
   2.7310819585612207     
   1.7879963259419966     
  -1.5176255347809173     
  -1.3609708674068797     
   1.7811534393770028     
  0.25384612772716358     
  -1.8022058146194224     
   1.1350813645607927     
  0.79434545137385015     
  -1.7993672482953722     
  0.79434545137385015     
   1.1350813645607927     
  -1.8022058146194224     
  0.25384612772716358     
   1.7811534393770028     
  -1.3609708674068797     
  -1.5176255347809173     
   1.7879963259419966     
   2.7310819585612207     
   1.3459138470218333     
  0.30540692549813236     
   3.1157746803946017E-002
   1.1788267131239028E-003
   1.0556975505285727E-005
   7.3078357311202814E-009
   6.5549571603665955E-015
*****  m =   17  l =   28
   1.3442832215147327E-014
   1.4728395343727624E-008
   2.0599629659697091E-005
   2.1893169406327112E-003
   5.3927453817683733E-002
  0.47852481424678028     
   1.8203266675851790     
   2.8543989095894933     
  0.57662531407440054     
  -2.1847015843503206     
  0.26753999004798873     
   1.7119444790878564     
  -1.5452930822649824     
 -0.19521863801279385     
   1.6378395644771253     
  -1.5010061006043414     
   5.0234137899598957E-031
   1.5010061006043414     
  -1.6378395644771253     
  0.19521863801279385     
   1.5452930822649824     
  -1.7119444790878564     
 -0.26753999004798873     
   2.1847015843503206     
 -0.57662531407440054     
  -2.8543989095894933     
  -1.8203266675851790     
 -0.47852481424678028     
  -5.3927453817683733E-002
  -2.1893169406327112E-003
  -2.0599629659697091E-005
  -1.4728395343727624E-008
  -1.3442832215147327E-014
*****  m =   17  l =   29
   2.6666121686501542E-014
   2.8693893933342783E-008
   3.8804466760512921E-005
   3.9163688327033775E-003
   8.9546158591507552E-002
  0.71388124993266056     
   2.3020802581074928     
   2.5859446598951203     
 -0.78336642556620228     
  -1.8022227667493183     
   1.6870626708732228     
  0.16237198197619523     
  -1.6462660721416575     
   1.6338253664180984     
 -0.35957350390667159     
  -1.1259827369696451     
   1.7648082810644858     
  -1.1259827369696451     
 -0.35957350390667159     
   1.6338253664180984     
  -1.6462660721416575     
  0.16237198197619523     
   1.6870626708732228     
  -1.8022227667493183     
 -0.78336642556620228     
   2.5859446598951203     
   2.3020802581074928     
  0.71388124993266056     
   8.9546158591507552E-002
   3.9163688327033775E-003
   3.8804466760512921E-005
   2.8693893933342783E-008
   2.6666121686501542E-014
*****  m =   17  l =   30
   5.1334043241113214E-014
   5.4214831484991162E-008
   7.0798820431901868E-005
   6.7696189523081948E-003
  0.14307372732742946     
   1.0160575900007376     
   2.7142670686418384     
   1.8830216669621489     
  -1.8631142036605306     
 -0.52103058469758834     
   1.9209020304323619     
  -1.5052539042245356     
   5.5747199533239540E-002
   1.2927573430123098     
  -1.7731549489439344     
   1.2200350598059964     
  -5.4673579642382877E-031
  -1.2200350598059964     
   1.7731549489439344     
  -1.2927573430123098     
  -5.5747199533239540E-002
   1.5052539042245356     
  -1.9209020304323619     
  0.52103058469758834     
   1.8631142036605306     
  -1.8830216669621489     
  -2.7142670686418384     
  -1.0160575900007376     
 -0.14307372732742946     
  -6.7696189523081948E-003
  -7.0798820431901868E-005
  -5.4214831484991162E-008
  -5.1334043241113214E-014
*****  m =   17  l =   31
   9.6168774418052774E-014
   9.9619991273212669E-008
   1.2545543734172356E-004
   1.1337437066618904E-002
  0.22049112966351753     
   1.3813777109634935     
   2.9643966583855739     
  0.81680910581218713     
  -2.2655400470783147     
   1.0154236667919103     
  0.78788667212786589     
  -1.7864915175212197     
   1.6709477749051147     
 -0.75162650523950247     
 -0.43626239809581074     
   1.3826370031888693     
  -1.7389126644900919     
   1.3826370031888693     
 -0.43626239809581074     
 -0.75162650523950247     
   1.6709477749051147     
  -1.7864915175212197     
  0.78788667212786589     
   1.0154236667919103     
  -2.2655400470783147     
  0.81680910581218713     
   2.9643966583855739     
   1.3813777109634935     
  0.22049112966351753     
   1.1337437066618904E-002
   1.2545543734172356E-004
   9.9619991273212669E-008
   9.6168774418052774E-014
*****  m =   17  l =   32
   1.7574246048757718E-013
   1.7844498768806468E-007
   2.1641797505834513E-004
   1.8438305650721673E-002
  0.32838694701975207     
   1.7947298938098706     
   2.9617406620851621     
 -0.41795917598357590     
  -1.8066375261580434     
   1.9769003386687949     
 -0.90404362247530334     
 -0.41962770193360582     
   1.3898483590658630     
  -1.7685118064545480     
   1.5581811566887147     
 -0.89864728911200953     
   5.9023954515275637E-031
  0.89864728911200953     
  -1.5581811566887147     
   1.7685118064545480     
  -1.3898483590658630     
  0.41962770193360582     
  0.90404362247530334     
  -1.9769003386687949     
   1.8066375261580434     
  0.41795917598357590     
  -2.9617406620851621     
  -1.7947298938098706     
 -0.32838694701975207     
  -1.8438305650721673E-002
  -2.1641797505834513E-004
  -1.7844498768806468E-007
  -1.7574246048757718E-013
*****  m =   18  l =   18
   7.8830704569873529E-021
   2.3094789828843407E-014
   6.7055510300158814E-011
   1.4794139545235227E-008
   8.2590141541544992E-007
   1.9353681022917827E-005
   2.4703396460333099E-004
   1.9983722185212900E-003
   1.1270696578438886E-002
   4.7225390512808177E-002
  0.15362541361612073     
  0.40030675784088399     
  0.85455619712802700     
   1.5189198782875790     
   2.2736408398201289     
   2.8879198928877865     
   3.1260973062742954     
   2.8879198928877865     
   2.2736408398201289     
   1.5189198782875790     
  0.85455619712802700     
  0.40030675784088399     
  0.15362541361612073     
   4.7225390512808177E-002
   1.1270696578438886E-002
   1.9983722185212900E-003
   2.4703396460333099E-004
   1.9353681022917827E-005
   8.2590141541544992E-007
   1.4794139545235227E-008
   6.7055510300158814E-011
   2.3094789828843407E-014
   7.8830704569873529E-021
*****  m =   18  l =   19
   4.9102977542941495E-020
   1.4227346741589681E-013
   4.0486823858633157E-010
   8.6725383442817632E-008
   4.6539267325813657E-006
   1.0370222061448651E-004
   1.2436881226194692E-003
   9.3253099436486301E-003
   4.7984029579183941E-002
  0.17997417946037414     
  0.51172915439472633     
   1.1295865914051137     
   1.9550433544682013     
   2.6333031764773867     
   2.6472296962764581     
   1.6886413241440905     
  -2.4063303870175258E-031
  -1.6886413241440905     
  -2.6472296962764581     
  -2.6333031764773867     
  -1.9550433544682013     
  -1.1295865914051137     
 -0.51172915439472633     
 -0.17997417946037414     
  -4.7984029579183941E-002
  -9.3253099436486301E-003
  -1.2436881226194692E-003
  -1.0370222061448651E-004
  -4.6539267325813657E-006
  -8.6725383442817632E-008
  -4.0486823858633157E-010
  -1.4227346741589681E-013
  -4.9102977542941495E-020
*****  m =   18  l =   20
   2.1885943416932122E-019
   6.2678966890848699E-013
   1.7462181687852920E-009
   3.6254553461073556E-007
   1.8655146419554995E-005
   3.9391413742557622E-004
   4.4174295605320830E-003
   3.0494317652396477E-002
  0.14176896962650443     
  0.46908078921022445     
   1.1391582706946288     
   2.0471401284363293     
   2.6575038836900302     
   2.2375128409259637     
  0.59388057912569292     
  -1.3959161721219528     
  -2.2960832184513911     
  -1.3959161721219528     
  0.59388057912569292     
   2.2375128409259637     
   2.6575038836900302     
   2.0471401284363293     
   1.1391582706946288     
  0.46908078921022445     
  0.14176896962650443     
   3.0494317652396477E-002
   4.4174295605320830E-003
   3.9391413742557622E-004
   1.8655146419554995E-005
   3.6254553461073556E-007
   1.7462181687852920E-009
   6.2678966890848699E-013
   2.1885943416932122E-019
*****  m =   18  l =   21
   8.0582575688220023E-019
   2.2797146615018730E-012
   6.2109475928443186E-009
   1.2476580180594887E-006
   6.1403232464832887E-005
   1.2242177898654776E-003
   1.2771221620709988E-002
   8.0559957449894262E-002
  0.33456188025292283     
  0.95886777373724985     
   1.9255744533128261     
   2.6347164398111786     
   2.1245986199255302     
  0.18267507367974878     
  -1.8105030162454103     
  -1.9364246989119500     
   3.1350416457432837E-031
   1.9364246989119500     
   1.8105030162454103     
 -0.18267507367974878     
  -2.1245986199255302     
  -2.6347164398111786     
  -1.9255744533128261     
 -0.95886777373724985     
 -0.33456188025292283     
  -8.0559957449894262E-002
  -1.2771221620709988E-002
  -1.2242177898654776E-003
  -6.1403232464832887E-005
  -1.2476580180594887E-006
  -6.2109475928443186E-009
  -2.2797146615018730E-012
  -8.0582575688220023E-019
*****  m =   18  l =   22
   2.5990577172307424E-018
   7.2590481712525843E-012
   1.9318242011844481E-008
   3.7480720175059948E-006
   1.7596471686998896E-004
   3.2999482099905744E-003
   3.1846858272889286E-002
  0.18202191998596437     
  0.66617066601442276     
   1.6146552950217681     
   2.5512443328378427     
   2.3060984409640559     
  0.32591405562110587     
  -1.8281738117482724     
  -1.7059050213812033     
  0.62004276617289134     
   2.0570028456861200     
  0.62004276617289134     
  -1.7059050213812033     
  -1.8281738117482724     
  0.32591405562110587     
   2.3060984409640559     
   2.5512443328378427     
   1.6146552950217681     
  0.66617066601442276     
  0.18202191998596437     
   3.1846858272889286E-002
   3.2999482099905744E-003
   1.7596471686998896E-004
   3.7480720175059948E-006
   1.9318242011844481E-008
   7.2590481712525843E-012
   2.5990577172307424E-018
*****  m =   18  l =   23
   7.5824420311695523E-018
   2.0894796022903618E-011
   5.4255310050205222E-008
   1.0148457765942667E-005
   4.5327759763337332E-004
   7.9637497391444045E-003
   7.0668687540307279E-002
  0.36246679017507505     
   1.1497271996861809     
   2.2792646026865051     
   2.5924253354622362     
  0.91345742469231150     
  -1.5788423051822298     
  -1.7988810712284355     
  0.65065814326751370     
   1.9750135171853784     
  -3.7100089280012850E-031
  -1.9750135171853784     
 -0.65065814326751370     
   1.7988810712284355     
   1.5788423051822298     
 -0.91345742469231150     
  -2.5924253354622362     
  -2.2792646026865051     
  -1.1497271996861809     
 -0.36246679017507505     
  -7.0668687540307279E-002
  -7.9637497391444045E-003
  -4.5327759763337332E-004
  -1.0148457765942667E-005
  -5.4255310050205222E-008
  -2.0894796022903618E-011
  -7.5824420311695523E-018
*****  m =   18  l =   24
   2.0416984772821539E-017
   5.5478667507375092E-011
   1.4039365869636657E-007
   2.5270996611866452E-005
   1.0708184225398194E-003
   1.7550672691197880E-002
  0.14225168516306863     
  0.64747058870822882     
   1.7425111436959448     
   2.6851185026655866     
   1.7790499459681153     
 -0.92267752745908538     
  -2.0552539886581647     
  0.21095095530549574     
   1.9722700431328060     
  -2.4534054632530833E-002
  -1.9359910077168063     
  -2.4534054632530833E-002
   1.9722700431328060     
  0.21095095530549574     
  -2.0552539886581647     
 -0.92267752745908538     
   1.7790499459681153     
   2.6851185026655866     
   1.7425111436959448     
  0.64747058870822882     
  0.14225168516306863     
   1.7550672691197880E-002
   1.0708184225398194E-003
   2.5270996611866452E-005
   1.4039365869636657E-007
   5.5478667507375092E-011
   2.0416984772821539E-017
*****  m =   18  l =   25
   5.1450429587629451E-017
   1.3777425811308559E-010
   3.3939335601364895E-007
   5.8678427673651813E-005
   2.3520018176288906E-003
   3.5799110426356577E-002
  0.26307365445029979     
   1.0485588833364701     
   2.3270175896760246     
   2.5489036823830920     
  0.26329166220837186     
  -2.0719254330739747     
 -0.66460040485249605     
   1.8833104750597947     
  0.43934344483738558     
  -1.8890681030040313     
   4.2237099935276364E-031
   1.8890681030040313     
 -0.43934344483738558     
  -1.8833104750597947     
  0.66460040485249605     
   2.0719254330739747     
 -0.26329166220837186     
  -2.5489036823830920     
  -2.3270175896760246     
  -1.0485588833364701     
 -0.26307365445029979     
  -3.5799110426356577E-002
  -2.3520018176288906E-003
  -5.8678427673651813E-005
  -3.3939335601364895E-007
  -1.3777425811308559E-010
  -5.1450429587629451E-017
*****  m =   18  l =   26
   1.2257138135634171E-016
   3.2325945663025189E-010
   7.7426867518481054E-007
   1.2833128536631020E-004
   4.8511269907679580E-003
   6.8238003273832795E-002
  0.45088712832620681     
   1.5485064156946566     
   2.7202541521448564     
   1.7279486113693645     
  -1.3217955415319733     
  -1.7069356282390973     
   1.3019164971619805     
   1.2459189982467909     
  -1.6698023756363540     
 -0.46654395175960361     
   1.8618948325746061     
 -0.46654395175960361     
  -1.6698023756363540     
   1.2459189982467909     
   1.3019164971619805     
  -1.7069356282390973     
  -1.3217955415319733     
   1.7279486113693645     
   2.7202541521448564     
   1.5485064156946566     
  0.45088712832620681     
   6.8238003273832795E-002
   4.8511269907679580E-003
   1.2833128536631020E-004
   7.7426867518481054E-007
   3.2325945663025189E-010
   1.2257138135634171E-016
*****  m =   18  l =   27
   2.7817883504709118E-016
   7.2211580607861065E-010
   1.6797266008863720E-006
   2.6637383050335861E-004
   9.4663117223773349E-003
  0.12241744803474089     
  0.72048076542790851     
   2.0891128552286058     
   2.7223612205075809     
  0.36124130319004810     
  -2.1463803440243781     
  -6.3280824547315262E-002
   1.9229823052990682     
 -0.89538611862761452     
  -1.2605551782998365     
   1.7116967398015031     
  -4.7048580813798902E-031
  -1.7116967398015031     
   1.2605551782998365     
  0.89538611862761452     
  -1.9229823052990682     
   6.3280824547315262E-002
   2.1463803440243781     
 -0.36124130319004810     
  -2.7223612205075809     
  -2.0891128552286058     
 -0.72048076542790851     
 -0.12241744803474089     
  -9.4663117223773349E-003
  -2.6637383050335861E-004
  -1.6797266008863720E-006
  -7.2211580607861065E-010
  -2.7817883504709118E-016
*****  m =   18  l =   28
   6.0507101499950825E-016
   1.5450634380680740E-009
   3.4861803715132327E-006
   5.2788667073746544E-004
   1.7578177588425621E-002
  0.20780402273503457     
   1.0775499156731121     
   2.5684505806675619     
   2.1980390087963131     
  -1.1059380558848022     
  -1.7025505373735654     
   1.5863372139311449     
  0.57220389479909473     
  -1.8612867454849327     
   1.0113148154258198     
  0.87237926582331626     
  -1.8117707144196535     
  0.87237926582331626     
   1.0113148154258198     
  -1.8612867454849327     
  0.57220389479909473     
   1.5863372139311449     
  -1.7025505373735654     
  -1.1059380558848022     
   2.1980390087963131     
   2.5684505806675619     
   1.0775499156731121     
  0.20780402273503457     
   1.7578177588425621E-002
   5.2788667073746544E-004
   3.4861803715132327E-006
   1.5450634380680740E-009
   6.0507101499950825E-016
*****  m =   18  l =   29
   1.2674633805343938E-015
   3.1817657211285442E-009
   6.9553355451971840E-006
   1.0035762497689379E-003
   3.1204787924501765E-002
  0.33514381267122217     
   1.5116488839471438     
   2.8539147320190446     
   1.1621461100916857     
  -2.0741986807820258     
 -0.21919508844198621     
   1.8899568490015590     
  -1.3440544783157942     
 -0.44308796016879809     
   1.7124021488038055     
  -1.4639391155139081     
   5.1660373833552229E-031
   1.4639391155139081     
  -1.7124021488038055     
  0.44308796016879809     
   1.3440544783157942     
  -1.8899568490015590     
  0.21919508844198621     
   2.0741986807820258     
  -1.1621461100916857     
  -2.8539147320190446     
  -1.5116488839471438     
 -0.33514381267122217     
  -3.1204787924501765E-002
  -1.0035762497689379E-003
  -6.9553355451971840E-006
  -3.1817657211285442E-009
  -1.2674633805343938E-015
*****  m =   18  l =   30
   2.5670412080842459E-015
   6.3313018970644212E-009
   1.3392373688520996E-005
   1.8374301619710751E-003
   5.3153711168743407E-002
  0.51512714962677630     
   1.9900777955376363     
   2.8133027886200450     
 -0.17384878536492748     
  -2.0800623883963572     
   1.3763851828461608     
  0.57990869645472376     
  -1.7915844064950406     
   1.5167394743025617     
 -0.19313262922569385     
  -1.1976293085865561     
   1.7756802117294708     
  -1.1976293085865561     
 -0.19313262922569385     
   1.5167394743025617     
  -1.7915844064950406     
  0.57990869645472376     
   1.3763851828461608     
  -2.0800623883963572     
 -0.17384878536492748     
   2.8133027886200450     
   1.9900777955376363     
  0.51512714962677630     
   5.3153711168743407E-002
   1.8374301619710751E-003
   1.3392373688520996E-005
   6.3313018970644212E-009
   2.5670412080842459E-015
*****  m =   18  l =   31
   5.0435187846011912E-015
   1.2213911223695882E-008
   2.4968682688875055E-005
   3.2503003082555463E-003
   8.7141011050146128E-002
  0.75628647566567730     
   2.4551838181728494     
   2.3590942086841151     
  -1.4330542785098721     
  -1.0796207253646912     
   2.0186119724067204     
  -1.2135052455756818     
 -0.29138318854956569     
   1.4696006846132352     
  -1.7710833622183781     
   1.1630686453465573     
  -5.6138433256111349E-031
  -1.1630686453465573     
   1.7710833622183781     
  -1.4696006846132352     
  0.29138318854956569     
   1.2135052455756818     
  -2.0186119724067204     
   1.0796207253646912     
   1.4330542785098721     
  -2.3590942086841151     
  -2.4551838181728494     
 -0.75628647566567730     
  -8.7141011050146128E-002
  -3.2503003082555463E-003
  -2.4968682688875055E-005
  -1.2213911223695882E-008
  -5.0435187846011912E-015
*****  m =   18  l =   32
   9.6394142181691534E-015
   2.2906836546489814E-008
   4.5199853731692321E-005
   5.5701249267496276E-003
  0.13783619845449810     
   1.0622267130883278     
   2.8275638017398883     
   1.4932996780138050     
  -2.1917560863037440     
  0.45477974343102240     
   1.2488543295811683     
  -1.8972621684439273     
   1.5060258158564439     
 -0.50680393893375364     
 -0.60846470994884228     
   1.4427211187265199     
  -1.7485466033883570     
   1.4427211187265199     
 -0.60846470994884228     
 -0.50680393893375364     
   1.5060258158564439     
  -1.8972621684439273     
   1.2488543295811683     
  0.45477974343102240     
  -2.1917560863037440     
   1.4932996780138050     
   2.8275638017398883     
   1.0622267130883278     
  0.13783619845449810     
   5.5701249267496276E-003
   4.5199853731692321E-005
   2.2906836546489814E-008
   9.6394142181691534E-015
*****  m =   19  l =   19
   5.7277693326434128E-022
   3.8377071065568804E-015
   1.7353087384165775E-011
   5.1669595487198457E-009
   3.6067840826584703E-007
   1.0070649427605143E-005
   1.4807939377356900E-004
   1.3454089955478258E-003
   8.3534555700496109E-003
   3.7901728047664722E-002
  0.13164577803039862     
  0.36177954348018942     
  0.80554314710302310     
   1.4782929402237386     
   2.2629768413272617     
   2.9128194944712940     
   3.1669630578152219     
   2.9128194944712940     
   2.2629768413272617     
   1.4782929402237386     
  0.80554314710302310     
  0.36177954348018942     
  0.13164577803039862     
   3.7901728047664722E-002
   8.3534555700496109E-003
   1.3454089955478258E-003
   1.4807939377356900E-004
   1.0070649427605143E-005
   3.6067840826584703E-007
   5.1669595487198457E-009
   1.7353087384165775E-011
   3.8377071065568804E-015
   5.7277693326434128E-022
*****  m =   19  l =   20
   3.6581167708574503E-021
   2.4240487679097521E-014
   1.0742753605967840E-010
   3.1056406615551443E-008
   2.0838722945882311E-006
   5.5327567916110509E-005
   7.6437957027184747E-004
   6.4372569342856711E-003
   3.6464624847495339E-002
  0.14809939362001648     
  0.44961796501542739     
   1.0467193143938038     
   1.8895752719605725     
   2.6277625863628686     
   2.7015281597812288     
   1.7463265955284029     
  -2.4995129167123115E-031
  -1.7463265955284029     
  -2.7015281597812288     
  -2.6277625863628686     
  -1.8895752719605725     
  -1.0467193143938038     
 -0.44961796501542739     
 -0.14809939362001648     
  -3.6464624847495339E-002
  -6.4372569342856711E-003
  -7.6437957027184747E-004
  -5.5327567916110509E-005
  -2.0838722945882311E-006
  -3.1056406615551443E-008
  -1.0742753605967840E-010
  -2.4240487679097521E-014
  -3.6581167708574503E-021
*****  m =   19  l =   21
   1.6708552806962098E-020
   1.0943996596541545E-013
   4.7485525042052062E-010
   1.3306558690339856E-007
   8.5625335171742026E-006
   2.1546793352420236E-004
   2.7841987919310809E-003
   2.1594279663887873E-002
  0.11057456235351373     
  0.39647716644757258     
   1.0293063851962696     
   1.9550330844458434     
   2.6590128221761753     
   2.3407285749300670     
  0.70535134415702827     
  -1.3679306777949518     
  -2.3218396946477391     
  -1.3679306777949518     
  0.70535134415702827     
   2.3407285749300670     
   2.6590128221761753     
   1.9550330844458434     
   1.0293063851962696     
  0.39647716644757258     
  0.11057456235351373     
   2.1594279663887873E-002
   2.7841987919310809E-003
   2.1546793352420236E-004
   8.5625335171742026E-006
   1.3306558690339856E-007
   4.7485525042052062E-010
   1.0943996596541545E-013
   1.6708552806962098E-020
*****  m =   19  l =   22
   6.3010071913838651E-020
   4.0771402958444113E-013
   1.7301761414386355E-009
   4.6918533016147750E-007
   2.8883597659648095E-005
   6.8652160900118395E-004
   8.2566469329348018E-003
   5.8561329769287990E-002
  0.26818103798556381     
  0.83451064277672116     
   1.7977128961147788     
   2.6193999659520655     
   2.2670895129554927     
  0.35714167656342155     
  -1.7609368357766801     
  -1.9834859652426231     
   3.2469625244402491E-031
   1.9834859652426231     
   1.7609368357766801     
 -0.35714167656342155     
  -2.2670895129554927     
  -2.6193999659520655     
  -1.7977128961147788     
 -0.83451064277672116     
 -0.26818103798556381     
  -5.8561329769287990E-002
  -8.2566469329348018E-003
  -6.8652160900118395E-004
  -2.8883597659648095E-005
  -4.6918533016147750E-007
  -1.7301761414386355E-009
  -4.0771402958444113E-013
  -6.3010071913838651E-020
*****  m =   19  l =   23
   2.0804578404353251E-019
   1.3291309624303736E-012
   5.5104437429018352E-009
   1.4436408578697674E-006
   8.4812374280360747E-005
   1.8972527118035459E-003
   2.1126460279175901E-002
  0.13594479853306260     
  0.54978126767667235     
   1.4522275154780289     
   2.4814626951503898     
   2.4505840600173912     
  0.56814994409512665     
  -1.7421543607242114     
  -1.7958652589158601     
  0.56475919388216611     
   2.0770399397895254     
  0.56475919388216611     
  -1.7958652589158601     
  -1.7421543607242114     
  0.56814994409512665     
   2.4505840600173912     
   2.4814626951503898     
   1.4522275154780289     
  0.54978126767667235     
  0.13594479853306260     
   2.1126460279175901E-002
   1.8972527118035459E-003
   8.4812374280360747E-005
   1.4436408578697674E-006
   5.5104437429018352E-009
   1.3291309624303736E-012
   2.0804578404353251E-019
*****  m =   19  l =   24
   6.2103012526700384E-019
   3.9150619725042971E-012
   1.5840634012996703E-008
   4.0023942322039209E-006
   2.2382167478780105E-004
   4.6945063724853570E-003
   4.8125217281429128E-002
  0.27844627422250612     
  0.97930544445089118     
   2.1306790922654053     
   2.6736780031006639     
   1.2078503735922632     
  -1.4100021435403760     
  -1.9123137419416396     
  0.52849837322018323     
   2.0026664391963318     
  -3.8329543630129079E-031
  -2.0026664391963318     
 -0.52849837322018323     
   1.9123137419416396     
   1.4100021435403760     
  -1.2078503735922632     
  -2.6736780031006639     
  -2.1306790922654053     
 -0.97930544445089118     
 -0.27844627422250612     
  -4.8125217281429128E-002
  -4.6945063724853570E-003
  -2.2382167478780105E-004
  -4.0023942322039209E-006
  -1.5840634012996703E-008
  -3.9150619725042971E-012
  -6.2103012526700384E-019
*****  m =   19  l =   25
   1.7102106415203118E-018
   1.0632758257543731E-011
   4.1939376151517575E-008
   1.0202030213371710E-005
   5.4163030244639137E-004
   1.0609101384210782E-002
   9.9504787709964307E-002
  0.51234760539283419     
   1.5372345281885409     
   2.6352085396732261     
   2.0549688591403679     
 -0.62453809058257070     
  -2.1233137733958878     
   4.3912827832236273E-003
   1.9913660315404460     
   4.6007336199989313E-002
  -1.9525325084818899     
   4.6007336199989313E-002
   1.9913660315404460     
   4.3912827832236273E-003
  -2.1233137733958878     
 -0.62453809058257070     
   2.0549688591403679     
   2.6352085396732261     
   1.5372345281885409     
  0.51234760539283419     
   9.9504787709964307E-002
   1.0609101384210782E-002
   5.4163030244639137E-004
   1.0202030213371710E-005
   4.1939376151517575E-008
   1.0632758257543731E-011
   1.7102106415203118E-018
*****  m =   19  l =   26
   4.4055750282792904E-018
   2.6997392053249591E-011
   1.0369616697635283E-007
   2.4242237019142583E-005
   1.2185239089335120E-003
   2.2195130740010987E-002
  0.18916136345801049     
  0.85635726143319446     
   2.1374755942875354     
   2.6820576504995106     
  0.66520111164895890     
  -1.9766536624777091     
 -0.93611033122761522     
   1.8243017755852102     
  0.58437974749099830     
  -1.8941376441298841     
   4.3543853144349689E-031
   1.8941376441298841     
 -0.58437974749099830     
  -1.8243017755852102     
  0.93611033122761522     
   1.9766536624777091     
 -0.66520111164895890     
  -2.6820576504995106     
  -2.1374755942875354     
 -0.85635726143319446     
 -0.18916136345801049     
  -2.2195130740010987E-002
  -1.2185239089335120E-003
  -2.4242237019142583E-005
  -1.0369616697635283E-007
  -2.6997392053249591E-011
  -4.4055750282792904E-018
*****  m =   19  l =   27
   1.0724240845386850E-017
   6.4738166552531034E-011
   2.4187135670681864E-007
   5.4244049887060341E-005
   2.5740935480521058E-003
   4.3404490109995017E-002
  0.33358769995464999     
   1.3087061405856526     
   2.6242361570123229     
   2.0745671960802117     
 -0.97578606389361144     
  -1.9136906376306884     
   1.0748800801764298     
   1.4211447730517917     
  -1.6066414028822402     
 -0.54334847178265511     
   1.8759700372590022     
 -0.54334847178265511     
  -1.6066414028822402     
   1.4211447730517917     
   1.0748800801764298     
  -1.9136906376306884     
 -0.97578606389361144     
   2.0745671960802117     
   2.6242361570123229     
   1.3087061405856526     
  0.33358769995464999     
   4.3404490109995017E-002
   2.5740935480521058E-003
   5.4244049887060341E-005
   2.4187135670681864E-007
   6.4738166552531034E-011
   1.0724240845386850E-017
*****  m =   19  l =   28
   2.4858826526811474E-017
   1.4774066059458070E-010
   5.3631607519989250E-007
   1.1517060014838204E-004
   5.1444710065399902E-003
   7.9916444551219448E-002
  0.54914565176122165     
   1.8338892531624482     
   2.8028637124217353     
  0.85219445574032826     
  -2.0603659116317434     
 -0.44206225779226743     
   1.9774761922523383     
 -0.69057435952357704     
  -1.3807245538848438     
   1.6936666060599821     
  -4.8414184846508638E-031
  -1.6936666060599821     
   1.3807245538848438     
  0.69057435952357704     
  -1.9774761922523383     
  0.44206225779226743     
   2.0603659116317434     
 -0.85219445574032826     
  -2.8028637124217353     
  -1.8338892531624482     
 -0.54914565176122165     
  -7.9916444551219448E-002
  -5.1444710065399902E-003
  -1.1517060014838204E-004
  -5.3631607519989250E-007
  -1.4774066059458070E-010
  -2.4858826526811474E-017
*****  m =   19  l =   29
   5.5203140006725937E-017
   3.2281885164446367E-010
   1.1373261014429136E-006
   2.3341906965057682E-004
   9.7841506440710831E-003
  0.13929611016112514     
  0.84745554645861143     
   2.3547544717721287     
   2.5062534986769367     
 -0.64054931096675183     
  -1.9601776874183015     
   1.3319417553099830     
  0.87241824809673207     
  -1.8892024232649396     
  0.88073886847135330     
  0.94804034983813423     
  -1.8239802171907895     
  0.94804034983813423     
  0.88073886847135330     
  -1.8892024232649396     
  0.87241824809673207     
   1.3319417553099830     
  -1.9601776874183015     
 -0.64054931096675183     
   2.5062534986769367     
   2.3547544717721287     
  0.84745554645861143     
  0.13929611016112514     
   9.7841506440710831E-003
   2.3341906965057682E-004
   1.1373261014429136E-006
   3.2281885164446367E-010
   5.5203140006725937E-017
*****  m =   19  l =   30
   1.1801085993616268E-016
   6.7864401813309727E-010
   2.3178047659791026E-006
   4.5374994052627723E-004
   1.7790600433235038E-002
  0.23081873294082378     
   1.2292765703106459     
   2.7564006103047816     
   1.6787960064889578     
  -1.8420107607072287     
 -0.69029951535849343     
   1.9867195870342962     
  -1.1046218011175939     
 -0.68105479535497793     
   1.7722175688705288     
  -1.4240406048448617     
   5.3073029372929436E-031
   1.4240406048448617     
  -1.7722175688705288     
  0.68105479535497793     
   1.1046218011175939     
  -1.9867195870342962     
  0.69029951535849343     
   1.8420107607072287     
  -1.6787960064889578     
  -2.7564006103047816     
  -1.2292765703106459     
 -0.23081873294082378     
  -1.7790600433235038E-002
  -4.5374994052627723E-004
  -2.3178047659791026E-006
  -6.7864401813309727E-010
  -1.1801085993616268E-016
*****  m =   19  l =   31
   2.4382761336242149E-016
   1.3780857035582611E-009
   4.5574048459778922E-006
   8.4934215538746733E-004
   3.1043818786433079E-002
  0.36478600889802926     
   1.6780204333729232     
   2.9063630506255071     
  0.44184288280338707     
  -2.2174570497218666     
  0.98796972339544575     
  0.96739390005986492     
  -1.8785858460587315     
   1.3718046227006093     
  -2.6393946887456207E-002
  -1.2659611285153864     
   1.7864182629972980     
  -1.2659611285153864     
  -2.6393946887456207E-002
   1.3718046227006093     
  -1.8785858460587315     
  0.96739390005986492     
  0.98796972339544575     
  -2.2174570497218666     
  0.44184288280338707     
   2.9063630506255071     
   1.6780204333729232     
  0.36478600889802926     
   3.1043818786433079E-002
   8.4934215538746733E-004
   4.5574048459778922E-006
   1.3780857035582611E-009
   2.4382761336242149E-016
*****  m =   19  l =   32
   4.8852572611224058E-016
   2.7120736114890582E-009
   8.6744399747379917E-006
   1.5358409140818550E-003
   5.2144910292606976E-002
  0.55119483746466924     
   2.1547927402195342     
   2.6904961671586802     
 -0.89997114313801396     
  -1.5541558467722771     
   1.9875329320468977     
 -0.86460957706873565     
 -0.62561238812072539     
   1.6152411389497352     
  -1.7525437750038360     
   1.1038201549254749     
  -5.7589960068596637E-031
  -1.1038201549254749     
   1.7525437750038360     
  -1.6152411389497352     
  0.62561238812072539     
  0.86460957706873565     
  -1.9875329320468977     
   1.5541558467722771     
  0.89997114313801396     
  -2.6904961671586802     
  -2.1547927402195342     
 -0.55119483746466924     
  -5.2144910292606976E-002
  -1.5358409140818550E-003
  -8.6744399747379917E-006
  -2.7120736114890582E-009
  -4.8852572611224058E-016
*****  m =   20  l =   20
   4.1590779398598320E-023
   6.3731048837920915E-016
   4.4878720135736969E-012
   1.8034405883749496E-009
   1.5741043021383342E-007
   5.2368821929914889E-006
   8.8706208044488281E-005
   9.0521907761784972E-004
   6.1873260644723016E-003
   3.0399321603593359E-002
  0.11273849512675055     
  0.32675069388545563     
  0.75885432606043490     
   1.4378300881140365     
   2.2509185745026010     
   2.9360498851518275     
   3.2063057222924791     
   2.9360498851518275     
   2.2509185745026010     
   1.4378300881140365     
  0.75885432606043490     
  0.32675069388545563     
  0.11273849512675055     
   3.0399321603593359E-002
   6.1873260644723016E-003
   9.0521907761784972E-004
   8.8706208044488281E-005
   5.2368821929914889E-006
   1.5741043021383342E-007
   1.8034405883749496E-009
   4.4878720135736969E-012
   6.3731048837920915E-016
   4.1590779398598320E-023
*****  m =   20  l =   21
   2.7202661857512087E-022
   4.1225211441480953E-015
   2.8452578073460932E-011
   1.1100953457818723E-008
   9.3137968631357159E-007
   2.9464508825993341E-005
   4.6893295810788136E-004
   4.4354992921489872E-003
   2.7659917832047604E-002
  0.12164673601038392     
  0.39432222249861215     
  0.96815534961354310     
   1.8229556509386977     
   2.6174324896912977     
   2.7518925576408679     
   1.8026757860736315     
  -2.5915501504644276E-031
  -1.8026757860736315     
  -2.7518925576408679     
  -2.6174324896912977     
  -1.8229556509386977     
 -0.96815534961354310     
 -0.39432222249861215     
 -0.12164673601038392     
  -2.7659917832047604E-002
  -4.4354992921489872E-003
  -4.6893295810788136E-004
  -2.9464508825993341E-005
  -9.3137968631357159E-007
  -1.1100953457818723E-008
  -2.8452578073460932E-011
  -4.1225211441480953E-015
  -2.7202661857512087E-022
*****  m =   20  l =   22
   1.2718026540955464E-021
   1.9051806945228622E-014
   1.2874423357445229E-010
   4.8693296665984287E-008
   3.9183298053157365E-006
   1.1750370642689532E-004
   1.7494782023853143E-003
   1.5244801414809449E-002
   8.5974842474889221E-002
  0.33403998297924969     
  0.92696193524295201     
   1.8604605312612723     
   2.6498144143361899     
   2.4350824712458077     
  0.81495965420428362     
  -1.3388688422707673     
  -2.3467754912103969     
  -1.3388688422707673     
  0.81495965420428362     
   2.4350824712458077     
   2.6498144143361899     
   1.8604605312612723     
  0.92696193524295201     
  0.33403998297924969     
   8.5974842474889221E-002
   1.5244801414809449E-002
   1.7494782023853143E-003
   1.1750370642689532E-004
   3.9183298053157365E-006
   4.8693296665984287E-008
   1.2874423357445229E-010
   1.9051806945228622E-014
   1.2718026540955464E-021
*****  m =   20  l =   23
   4.9069220429743755E-021
   7.2620207997939632E-014
   4.8000137618541746E-010
   1.7571228364546955E-007
   1.3530202350449230E-005
   3.8337163271093537E-004
   5.3151140447158596E-003
   4.2383048393701585E-002
  0.21399089167699947     
  0.72276704994250818     
   1.6693458171642681     
   2.5871077391029620     
   2.3926770801627217     
  0.52902478616754667     
  -1.7063941771088889     
  -2.0284137112165976     
   3.3576044424316389E-031
   2.0284137112165976     
   1.7063941771088889     
 -0.52902478616754667     
  -2.3926770801627217     
  -2.5871077391029620     
  -1.6693458171642681     
 -0.72276704994250818     
 -0.21399089167699947     
  -4.2383048393701585E-002
  -5.3151140447158596E-003
  -3.8337163271093537E-004
  -1.3530202350449230E-005
  -1.7571228364546955E-007
  -4.8000137618541746E-010
  -7.2620207997939632E-014
  -4.9069220429743755E-021
*****  m =   20  l =   24
   1.6568159299382972E-020
   2.4211451809168651E-013
   1.5637109478474571E-009
   5.5314530420907458E-007
   4.0662021188678251E-005
   1.0849049246855348E-003
   1.3936859737268518E-002
  0.10094194789072512     
  0.45090801134989983     
   1.2970592701554864     
   2.3928154016465175     
   2.5665521620562193     
  0.80346321869907666     
  -1.6441725972851537     
  -1.8788788765211515     
  0.50908588188107462     
   2.0965337030287161     
  0.50908588188107462     
  -1.8788788765211515     
  -1.6441725972851537     
  0.80346321869907666     
   2.5665521620562193     
   2.3928154016465175     
   1.2970592701554864     
  0.45090801134989983     
  0.10094194789072512     
   1.3936859737268518E-002
   1.0849049246855348E-003
   4.0662021188678251E-005
   5.5314530420907458E-007
   1.5637109478474571E-009
   2.4211451809168651E-013
   1.6568159299382972E-020
*****  m =   20  l =   25
   5.0553203676114188E-020
   7.2905324711908903E-013
   4.5962051395634915E-009
   1.5685513025172348E-006
   1.0981023587005036E-004
   2.7490419397938103E-003
   3.2546931547884989E-002
  0.21232519936610283     
  0.82730650598780842     
   1.9719883732419006     
   2.7155254322577651     
   1.4813790007465260     
  -1.2234367359529827     
  -2.0085439638678260     
  0.40467889810712887     
   2.0276339843049906     
  -3.9545822712492972E-031
  -2.0276339843049906     
 -0.40467889810712887     
   2.0085439638678260     
   1.2234367359529827     
  -1.4813790007465260     
  -2.7155254322577651     
  -1.9719883732419006     
 -0.82730650598780842     
 -0.21232519936610283     
  -3.2546931547884989E-002
  -2.7490419397938103E-003
  -1.0981023587005036E-004
  -1.5685513025172348E-006
  -4.5962051395634915E-009
  -7.2905324711908903E-013
  -5.0553203676114188E-020
*****  m =   20  l =   26
   1.4223857276023417E-019
   2.0232850468731453E-012
   1.2438041410882666E-008
   4.0883600736624170E-006
   2.7189495051183868E-004
   6.3627041827348726E-003
   6.9023901028399823E-002
  0.40171923094883522     
   1.3416023455673249     
   2.5479858414885177     
   2.2858954891212848     
 -0.31531921576033572     
  -2.1570698970833813     
 -0.20103488532658959     
   2.0004231879637193     
  0.11608147722210059     
  -1.9686951036017775     
  0.11608147722210059     
   2.0004231879637193     
 -0.20103488532658959     
  -2.1570698970833813     
 -0.31531921576033572     
   2.2858954891212848     
   2.5479858414885177     
   1.3416023455673249     
  0.40171923094883522     
   6.9023901028399823E-002
   6.3627041827348726E-003
   2.7189495051183868E-004
   4.0883600736624170E-006
   1.2438041410882666E-008
   2.0232850468731453E-012
   1.4223857276023417E-019
*****  m =   20  l =   27
   3.7421370897678130E-019
   5.2475062915764575E-012
   3.1423107371541454E-008
   9.9314408108902570E-006
   6.2581977706735296E-004
   1.3635295679101593E-002
  0.13467436942448541     
  0.69155330043121244     
   1.9355434544180332     
   2.7526179533744575     
   1.0464020279420958     
  -1.8331239344434300     
  -1.1884895109448363     
   1.7443217356918050     
  0.72523373077723907     
  -1.8962488709714225     
   4.4837385401678288E-031
   1.8962488709714225     
 -0.72523373077723907     
  -1.7443217356918050     
   1.1884895109448363     
   1.8331239344434300     
  -1.0464020279420958     
  -2.7526179533744575     
  -1.9355434544180332     
 -0.69155330043121244     
 -0.13467436942448541     
  -1.3635295679101593E-002
  -6.2581977706735296E-004
  -9.9314408108902570E-006
  -3.1423107371541454E-008
  -5.2475062915764575E-012
  -3.7421370897678130E-019
*****  m =   20  l =   28
   9.2994398404047419E-019
   1.2848352229827608E-011
   7.4866459239385978E-008
   2.2712795536657141E-005
   1.3524766725083505E-003
   2.7320319713102035E-002
  0.24395651843054550     
   1.0908843759254547     
   2.4824250566002943     
   2.3537156684009042     
 -0.59949620453695074     
  -2.0639996578012574     
  0.82656601717127898     
   1.5765851980461543     
  -1.5338929734925275     
 -0.61873231368469428     
   1.8897758337358344     
 -0.61873231368469428     
  -1.5338929734925275     
   1.5765851980461543     
  0.82656601717127898     
  -2.0639996578012574     
 -0.59949620453695074     
   2.3537156684009042     
   2.4824250566002943     
   1.0908843759254547     
  0.24395651843054550     
   2.7320319713102035E-002
   1.3524766725083505E-003
   2.2712795536657141E-005
   7.4866459239385978E-008
   1.2848352229827608E-011
   9.2994398404047419E-019
*****  m =   20  l =   29
   2.1997529747131167E-018
   2.9928503029309777E-011
   1.6951448122968348E-007
   4.9277590761166849E-005
   2.7651839983662105E-003
   5.1554273637223251E-002
  0.41293957964459410     
   1.5826406063552241     
   2.8027547181908479     
   1.3060976416114871     
  -1.8943520413785560     
 -0.80375009609111103     
   1.9848366763789769     
 -0.47720941495388286     
  -1.4906472439508769     
   1.6726981750746990     
  -4.9766674723162163E-031
  -1.6726981750746990     
   1.4906472439508769     
  0.47720941495388286     
  -1.9848366763789769     
  0.80375009609111103     
   1.8943520413785560     
  -1.3060976416114871     
  -2.8027547181908479     
  -1.5826406063552241     
 -0.41293957964459410     
  -5.1554273637223251E-002
  -2.7651839983662105E-003
  -4.9277590761166849E-005
  -1.6951448122968348E-007
  -2.9928503029309777E-011
  -2.1997529747131167E-018
*****  m =   20  l =   30
   4.9830579302190158E-018
   6.6725183075969227E-011
   3.6696728961340577E-007
   1.0203578965430742E-004
   5.3800619931497198E-003
   9.2133113328020558E-002
  0.65611644102565048     
   2.1129603726038790     
   2.7145263411918812     
 -0.14835950135890666     
  -2.1284509141335368     
   1.0308992161804154     
   1.1477623659656677     
  -1.8871449785322112     
  0.74462091392721641     
   1.0213125411642514     
  -1.8359974480199333     
   1.0213125411642514     
  0.74462091392721641     
  -1.8871449785322112     
   1.1477623659656677     
   1.0308992161804154     
  -2.1284509141335368     
 -0.14835950135890666     
   2.7145263411918812     
   2.1129603726038790     
  0.65611644102565048     
   9.2133113328020558E-002
   5.3800619931497198E-003
   1.0203578965430742E-004
   3.6696728961340577E-007
   6.6725183075969227E-011
   4.9830579302190158E-018
*****  m =   20  l =   31
   1.0862617008714271E-017
   1.4307791650494240E-010
   7.6322944397923184E-007
   2.0261367906570778E-004
   1.0008178350531458E-002
  0.15660699207033774     
  0.98154435785817606     
   2.5884357516575212     
   2.1093075188638535     
  -1.5111166378939616     
  -1.1233794131873922     
   2.0032653689257813     
 -0.83580200991427478     
 -0.90563464807651228     
   1.8175463281695818     
  -1.3815107438778391     
   5.4472752501825878E-031
   1.3815107438778391     
  -1.8175463281695818     
  0.90563464807651228     
  0.83580200991427478     
  -2.0032653689257813     
   1.1233794131873922     
   1.5111166378939616     
  -2.1093075188638535     
  -2.5884357516575212     
 -0.98154435785817606     
 -0.15660699207033774     
  -1.0008178350531458E-002
  -2.0261367906570778E-004
  -7.6322944397923184E-007
  -1.4307791650494240E-010
  -1.0862617008714271E-017
*****  m =   20  l =   32
   2.2878241548483495E-017
   2.9625509010853764E-010
   1.5311492196700877E-006
   3.8735320900489429E-004
   1.7868046710149941E-002
  0.25404431132897765     
   1.3848748807544660     
   2.8867023865337917     
   1.0268351241670639     
  -2.2170897424082421     
  0.54827381349594029     
   1.3098083740707698     
  -1.9077670140706857     
   1.2030292770613127     
  0.13926269234287389     
  -1.3309973672369415     
   1.7970202448758714     
  -1.3309973672369415     
  0.13926269234287389     
   1.2030292770613127     
  -1.9077670140706857     
   1.3098083740707698     
  0.54827381349594029     
  -2.2170897424082421     
   1.0268351241670639     
   2.8867023865337917     
   1.3848748807544660     
  0.25404431132897765     
   1.7868046710149941E-002
   3.8735320900489429E-004
   1.5311492196700877E-006
   2.9625509010853764E-010
   2.2878241548483495E-017
*****  m =   21  l =   21
   3.0182572188706451E-024
   1.0577376303675771E-016
   1.1599835283414390E-012
   6.2909504972400499E-010
   6.8658532599640858E-008
   2.7216719698587775E-006
   5.3108135118555064E-005
   6.0869638033392575E-004
   4.5802321373188733E-003
   2.4367805672475370E-002
   9.6490638706050055E-002
  0.29494204051545392     
  0.71445630154748152     
   1.3976623999702671     
   2.2376239939038447     
   2.9577464230092407     
   3.2442514895274166     
   2.9577464230092407     
   2.2376239939038447     
   1.3976623999702671     
  0.71445630154748152     
  0.29494204051545392     
   9.6490638706050055E-002
   2.4367805672475370E-002
   4.5802321373188733E-003
   6.0869638033392575E-004
   5.3108135118555064E-005
   2.7216719698587775E-006
   6.8658532599640858E-008
   6.2909504972400499E-010
   1.1599835283414390E-012
   1.0577376303675771E-016
   3.0182572188706451E-024
*****  m =   21  l =   22
   2.0194942510571502E-023
   6.9994160698038886E-016
   7.5232416546489335E-012
   3.9613821379018583E-009
   4.1558494086515939E-007
   1.5665137498429156E-005
   2.8720356296394302E-004
   3.0511359876402530E-003
   2.0946303937383941E-002
   9.9752782872123982E-002
  0.34525202124942167     
  0.89399942740308902     
   1.7557609641299194     
   2.6028085967241656     
   2.7985355498712390     
   1.8577495378116677     
  -2.6825092562163151E-031
  -1.8577495378116677     
  -2.7985355498712390     
  -2.6028085967241656     
  -1.7557609641299194     
 -0.89399942740308902     
 -0.34525202124942167     
  -9.9752782872123982E-002
  -2.0946303937383941E-002
  -3.0511359876402530E-003
  -2.8720356296394302E-004
  -1.5665137498429156E-005
  -4.1558494086515939E-007
  -3.9613821379018583E-009
  -7.5232416546489335E-012
  -6.9994160698038886E-016
  -2.0194942510571502E-023
*****  m =   21  l =   23
   9.6544094072442656E-023
   3.3076567183164651E-015
   3.4810990051921633E-011
   1.7770169443688279E-008
   1.7881922635588260E-006
   6.3904105399580980E-005
   1.0962670248033288E-003
   1.0732277696535626E-002
   6.6658638789941840E-002
  0.28062076506006783     
  0.83229007458222104     
   1.7648175535124182     
   2.6311456385870788     
   2.5209032122840598     
  0.92260191141915782     
  -1.3088176209561950     
  -2.3709484177873654     
  -1.3088176209561950     
  0.92260191141915782     
   2.5209032122840598     
   2.6311456385870788     
   1.7648175535124182     
  0.83229007458222104     
  0.28062076506006783     
   6.6658638789941840E-002
   1.0732277696535626E-002
   1.0962670248033288E-003
   6.3904105399580980E-005
   1.7881922635588260E-006
   1.7770169443688279E-008
   3.4810990051921633E-011
   3.3076567183164651E-015
   9.6544094072442656E-023
*****  m =   21  l =   24
   3.8071367259813072E-022
   1.2886835144667934E-014
   1.3267087411661687E-010
   6.5558858833378934E-008
   6.3141540093499321E-006
   2.1326719489789982E-004
   3.4082522913134600E-003
   3.0552204002992266E-002
  0.17004679759546396     
  0.62325666553911940     
   1.5427064882227013     
   2.5404372513869613     
   2.5019329185421277     
  0.69763218716554265     
  -1.6472989064866881     
  -2.0712906777392450     
   3.4670376710917471E-031
   2.0712906777392450     
   1.6472989064866881     
 -0.69763218716554265     
  -2.5019329185421277     
  -2.5404372513869613     
  -1.5427064882227013     
 -0.62325666553911940     
 -0.17004679759546396     
  -3.0552204002992266E-002
  -3.4082522913134600E-003
  -2.1326719489789982E-004
  -6.3141540093499321E-006
  -6.5558858833378934E-008
  -1.3267087411661687E-010
  -1.2886835144667934E-014
  -3.8071367259813072E-022
*****  m =   21  l =   25
   1.3132922722492544E-021
   4.3897450428832203E-014
   4.4165147506753529E-010
   2.1093737869604167E-007
   1.9401030568751441E-005
   6.1733846341326213E-004
   9.1476182071268276E-003
   7.4557921956453749E-002
  0.36774746753455911     
   1.1512743674605546     
   2.2898867354228258     
   2.6556708092183858     
   1.0301147474511168     
  -1.5355843549747419     
  -1.9550434369896859     
  0.45309404502784312     
   2.1155156254016014     
  0.45309404502784312     
  -1.9550434369896859     
  -1.5355843549747419     
   1.0301147474511168     
   2.6556708092183858     
   2.2898867354228258     
   1.1512743674605546     
  0.36774746753455911     
   7.4557921956453749E-002
   9.1476182071268276E-003
   6.1733846341326213E-004
   1.9401030568751441E-005
   2.1093737869604167E-007
   4.4165147506753529E-010
   4.3897450428832203E-014
   1.3132922722492544E-021
*****  m =   21  l =   26
   4.0921732701589559E-021
   1.3500147577209586E-013
   1.3260642907481085E-009
   6.1120041676770936E-007
   5.3560081253609698E-005
   1.6001432094029208E-003
   2.1873832845202751E-002
  0.16082964957221452     
  0.69377252168115877     
   1.8091410578614948     
   2.7226552065478389     
   1.7317692898660308     
  -1.0226044391680986     
  -2.0877702601248380     
  0.27977484514166573     
   2.0500239634034307     
  -4.0749611717742155E-031
  -2.0500239634034307     
 -0.27977484514166573     
   2.0877702601248380     
   1.0226044391680986     
  -1.7317692898660308     
  -2.7226552065478389     
  -1.8091410578614948     
 -0.69377252168115877     
 -0.16082964957221452     
  -2.1873832845202751E-002
  -1.6001432094029208E-003
  -5.3560081253609698E-005
  -6.1120041676770936E-007
  -1.3260642907481085E-009
  -1.3500147577209586E-013
  -4.0921732701589559E-021
*****  m =   21  l =   27
   1.1753498454894780E-020
   3.8250239968716165E-013
   3.6645213244591691E-009
   1.6274124363775127E-006
   1.3555342096405247E-004
   3.7888088772065585E-003
   4.7519898480784604E-002
  0.31239438119975504     
   1.1597415554347603     
   2.4323774590510703     
   2.4721291831753853     
  -1.7249135617676296E-003
  -2.1581464502517536     
 -0.40342750355496643     
   1.9999089998813491     
  0.18563081379159249     
  -1.9844957875430485     
  0.18563081379159249     
   1.9999089998813491     
 -0.40342750355496643     
  -2.1581464502517536     
  -1.7249135617676296E-003
   2.4721291831753853     
   2.4323774590510703     
   1.1597415554347603     
  0.31239438119975504     
   4.7519898480784604E-002
   3.7888088772065585E-003
   1.3555342096405247E-004
   1.6274124363775127E-006
   3.6645213244591691E-009
   3.8250239968716165E-013
   1.1753498454894780E-020
*****  m =   21  l =   28
   3.1553377859314542E-020
   1.0124432644245192E-012
   9.4510210788722751E-009
   4.0376137678069774E-006
   3.1888139811494739E-004
   8.3074586202756141E-003
   9.5030185584931218E-002
  0.55288309567820204     
   1.7309942059311265     
   2.7683267699307943     
   1.3991948996099033     
  -1.6480110009857256     
  -1.4184561177406070     
   1.6453655286714877     
  0.86138517379108470     
  -1.8955374567173129     
   4.6118352461513067E-031
   1.8955374567173129     
 -0.86138517379108470     
  -1.6453655286714877     
   1.4184561177406070     
   1.6480110009857256     
  -1.3991948996099033     
  -2.7683267699307943     
  -1.7309942059311265     
 -0.55288309567820204     
  -9.5030185584931218E-002
  -8.3074586202756141E-003
  -3.1888139811494739E-004
  -4.0376137678069774E-006
  -9.4510210788722751E-009
  -1.0124432644245192E-012
  -3.1553377859314542E-020
*****  m =   21  l =   29
   7.9982852230628668E-020
   2.5290315799471587E-012
   2.2980080995498265E-008
   9.4287701719576103E-006
   7.0429022465993366E-004
   1.7033950022975166E-002
  0.17655916787789219     
  0.89828617518617881     
   2.3094035409887188     
   2.5655058335398215     
 -0.20701132941123762     
  -2.1575206661857425     
  0.56314706917001323     
   1.7113569645247269     
  -1.4524438462537652     
 -0.69265657761692301     
   1.9033204191182695     
 -0.69265657761692301     
  -1.4524438462537652     
   1.7113569645247269     
  0.56314706917001323     
  -2.1575206661857425     
 -0.20701132941123762     
   2.5655058335398215     
   2.3094035409887188     
  0.89828617518617881     
  0.17655916787789219     
   1.7033950022975166E-002
   7.0429022465993366E-004
   9.4287701719576103E-006
   2.2980080995498265E-008
   2.5290315799471587E-012
   7.9982852230628668E-020
*****  m =   21  l =   30
   1.9291717492879166E-019
   6.0080680346161192E-012
   5.3086237330439480E-008
   2.0884365200180984E-005
   1.4715387566416806E-003
   3.2902646280722321E-002
  0.30679082434368626     
   1.3456198448645811     
   2.7369178579958651     
   1.7104648054833358     
  -1.6604188496433721     
  -1.1383020953342633     
   1.9475145556371112     
 -0.25863363810253659     
  -1.5901223979164172     
   1.6489552946979718     
  -5.1106674317347530E-031
  -1.6489552946979718     
   1.5901223979164172     
  0.25863363810253659     
  -1.9475145556371112     
   1.1383020953342633     
   1.6604188496433721     
  -1.7104648054833358     
  -2.7369178579958651     
  -1.3456198448645811     
 -0.30679082434368626     
  -3.2902646280722321E-002
  -1.4715387566416806E-003
  -2.0884365200180984E-005
  -5.3086237330439480E-008
  -6.0080680346161192E-012
  -1.9291717492879166E-019
*****  m =   21  l =   31
   4.4544899054660456E-019
   1.3656578177967174E-011
   1.1721828292769531E-007
   4.4140231251656314E-005
   2.9258878791994444E-003
   6.0208847962009329E-002
  0.50094342576694517     
   1.8613512410832094     
   2.8302788582696676     
  0.34688933037776903     
  -2.2066890174468319     
  0.69636181937248209     
   1.3928080149191240     
  -1.8566462851838177     
  0.60415691398067328     
   1.0921833052934804     
  -1.8478250344522944     
   1.0921833052934804     
  0.60415691398067328     
  -1.8566462851838177     
   1.3928080149191240     
  0.69636181937248209     
  -2.2066890174468319     
  0.34688933037776903     
   2.8302788582696676     
   1.8613512410832094     
  0.50094342576694517     
   6.0208847962009329E-002
   2.9258878791994444E-003
   4.4140231251656314E-005
   1.1721828292769531E-007
   1.3656578177967174E-011
   4.4544899054660456E-019
*****  m =   21  l =   32
   9.8945216323952710E-019
   2.9846360029439007E-011
   2.4860140391974972E-007
   8.9452303270704499E-005
   5.5623597645963630E-003
  0.10483642910813676     
  0.77120618083994141     
   2.3743299879896127     
   2.4454880673546096     
  -1.1064987883782686     
  -1.5007151832348014     
   1.9436436516500679     
 -0.54634554463334217     
  -1.1138738304285283     
   1.8487314951797249     
  -1.3365388635193245     
   5.5860135811248047E-031
   1.3365388635193245     
  -1.8487314951797249     
   1.1138738304285283     
  0.54634554463334217     
  -1.9436436516500679     
   1.5007151832348014     
   1.1064987883782686     
  -2.4454880673546096     
  -2.3743299879896127     
 -0.77120618083994141     
 -0.10483642910813676     
  -5.5623597645963630E-003
  -8.9452303270704499E-005
  -2.4860140391974972E-007
  -2.9846360029439007E-011
  -9.8945216323952710E-019
*****  m =   22  l =   22
   2.1892016818228894E-025
   1.7545881043928693E-017
   2.9966327226688204E-013
   2.1933151169251673E-010
   2.9931319629361333E-008
   1.4137385251803579E-006
   3.1778868096760748E-005
   4.0908925841294611E-004
   3.3887717028932532E-003
   1.9522673419400779E-002
   8.2540760306754987E-002
  0.26608915759131430     
  0.67230023636255265     
   1.3578985745185455     
   2.2232319328071259     
   2.9780280322641159     
   3.2809108620533292     
   2.9780280322641159     
   2.2232319328071259     
   1.3578985745185455     
  0.67230023636255265     
  0.26608915759131430     
   8.2540760306754987E-002
   1.9522673419400779E-002
   3.3887717028932532E-003
   4.0908925841294611E-004
   3.1778868096760748E-005
   1.4137385251803579E-006
   2.9931319629361333E-008
   2.1933151169251673E-010
   2.9966327226688204E-013
   1.7545881043928693E-017
   2.1892016818228894E-025
*****  m =   22  l =   23
   1.4969759335073481E-024
   1.1865927972028143E-016
   1.9862292784932791E-012
   1.4114782008199542E-009
   1.8515430813740346E-007
   8.3159179492558421E-006
   1.7563451601051495E-004
   2.0956637128416193E-003
   1.5838166178049423E-002
   8.1675266300102009E-002
  0.30182984847085986     
  0.82427174073076115     
   1.6884789629351658     
   2.5843418179076734     
   2.8416537678305347     
   1.9116028866336190     
  -2.7724506215590222E-031
  -1.9116028866336190     
  -2.8416537678305347     
  -2.5843418179076734     
  -1.6884789629351658     
 -0.82427174073076115     
 -0.30182984847085986     
  -8.1675266300102009E-002
  -1.5838166178049423E-002
  -2.0956637128416193E-003
  -1.7563451601051495E-004
  -8.3159179492558421E-006
  -1.8515430813740346E-007
  -1.4114782008199542E-009
  -1.9862292784932791E-012
  -1.1865927972028143E-016
  -1.4969759335073481E-024
*****  m =   22  l =   24
   7.3107030621974674E-024
   5.7283720521638353E-016
   9.3892253724795230E-012
   6.4689840553622800E-009
   8.1403990264345257E-007
   3.4667201517796176E-005
   6.8521899999083842E-004
   7.5362703327093638E-003
   5.1548990630865633E-002
  0.23512334902688170     
  0.74525149281673597     
   1.6692581206595696     
   2.6041520090898898     
   2.5985277098119686     
   1.0281910491575248     
  -1.2778556589444996     
  -2.3944102209108964     
  -1.2778556589444996     
   1.0281910491575248     
   2.5985277098119686     
   2.6041520090898898     
   1.6692581206595696     
  0.74525149281673597     
  0.23512334902688170     
   5.1548990630865633E-002
   7.5362703327093638E-003
   6.8521899999083842E-004
   3.4667201517796176E-005
   8.1403990264345257E-007
   6.4689840553622800E-009
   9.3892253724795230E-012
   5.7283720521638353E-016
   7.3107030621974674E-024
*****  m =   22  l =   25
   2.9438586662343071E-023
   2.2790899078294442E-015
   3.6545160882925739E-011
   2.4376630719219988E-008
   2.9364810151726867E-006
   1.1822581942820105E-004
   2.1777639298643978E-003
   2.1944073714167265E-002
  0.13462063300702468     
  0.53532388850680312     
   1.4195124998407045     
   2.4817773210599641     
   2.5955291684293917     
  0.86237347830349809     
  -1.5840455987963422     
  -2.1121932963634653     
   3.5753257904064163E-031
   2.1121932963634653     
   1.5840455987963422     
 -0.86237347830349809     
  -2.5955291684293917     
  -2.4817773210599641     
  -1.4195124998407045     
 -0.53532388850680312     
 -0.13462063300702468     
  -2.1944073714167265E-002
  -2.1777639298643978E-003
  -1.1822581942820105E-004
  -2.9364810151726867E-006
  -2.4376630719219988E-008
  -3.6545160882925739E-011
  -2.2790899078294442E-015
  -2.9438586662343071E-023
*****  m =   22  l =   26
   1.0365590182852509E-022
   7.9249720030847147E-015
   1.2420307627013182E-010
   8.0090458160032944E-008
   9.2161418770266637E-006
   3.4971003273429920E-004
   5.9765734881072931E-003
   5.4807265613059444E-002
  0.29840513699477345     
   1.0161669403002662     
   2.1766987916601543     
   2.7198284219013926     
   1.2466995297865573     
  -1.4176752285981269     
  -2.0244701945752324     
  0.39684919325119694     
   2.1340146397954007     
  0.39684919325119694     
  -2.0244701945752324     
  -1.4176752285981269     
   1.2466995297865573     
   2.7198284219013926     
   2.1766987916601543     
   1.0161669403002662     
  0.29840513699477345     
   5.4807265613059444E-002
   5.9765734881072931E-003
   3.4971003273429920E-004
   9.2161418770266637E-006
   8.0090458160032944E-008
   1.2420307627013182E-010
   7.9249720030847147E-015
   1.0365590182852509E-022
*****  m =   22  l =   27
   3.2956055113953603E-022
   2.4870493109295440E-014
   3.8060870257573092E-010
   2.3691333944553172E-007
   2.5984762814575321E-005
   9.2630419260776153E-004
   1.4617185854577530E-002
  0.12108968218425609     
  0.57794899105466446     
   1.6468341164406977     
   2.6998088935890854     
   1.9575518535678014     
 -0.81073995999929571     
  -2.1503133214590799     
  0.15431278564534981     
   2.0699372860258745     
  -4.1941533572958405E-031
  -2.0699372860258745     
 -0.15431278564534981     
   2.1503133214590799     
  0.81073995999929571     
  -1.9575518535678014     
  -2.6998088935890854     
  -1.6468341164406977     
 -0.57794899105466446     
 -0.12108968218425609     
  -1.4617185854577530E-002
  -9.2630419260776153E-004
  -2.5984762814575321E-005
  -2.3691333944553172E-007
  -3.8060870257573092E-010
  -2.4870493109295440E-014
  -3.2956055113953603E-022
*****  m =   22  l =   28
   9.6546498940545971E-022
   7.1881467323546302E-014
   1.0731526448871652E-009
   6.4384662742332296E-007
   6.7157030567772008E-005
   2.2414952888800128E-003
   3.2491823524064607E-002
  0.24113181801529621     
  0.99402425943094452     
   2.2963765714839224     
   2.6152210629461301     
  0.31037717637938073     
  -2.1284937420400238     
 -0.60110333592771004     
   1.9902912735271281     
  0.25460233905313667     
  -1.9999507558899057     
  0.25460233905313667     
   1.9902912735271281     
 -0.60110333592771004     
  -2.1284937420400238     
  0.31037717637938073     
   2.6152210629461301     
   2.2963765714839224     
  0.99402425943094452     
  0.24113181801529621     
   3.2491823524064607E-002
   2.2414952888800128E-003
   6.7157030567772008E-005
   6.4384662742332296E-007
   1.0731526448871652E-009
   7.1881467323546302E-014
   9.6546498940545971E-022
*****  m =   22  l =   29
   2.6427015306837633E-021
   1.9401931370245575E-013
   2.8231062078211513E-009
   1.6300291537587480E-006
   1.6131464113822294E-004
   5.0233394852006877E-003
   6.6516165923997478E-002
  0.43804858389036139     
   1.5311555598594939     
   2.7374694529531629     
   1.7180395122743417     
  -1.4281528997799706     
  -1.6234785744237505     
   1.5294429991902210     
  0.99238235126134078     
  -1.8921314008048165     
   4.7387352754948652E-031
   1.8921314008048165     
 -0.99238235126134078     
  -1.5294429991902210     
   1.6234785744237505     
   1.4281528997799706     
  -1.7180395122743417     
  -2.7374694529531629     
  -1.5311555598594939     
 -0.43804858389036139     
  -6.6516165923997478E-002
  -5.0233394852006877E-003
  -1.6131464113822294E-004
  -1.6300291537587480E-006
  -2.8231062078211513E-009
  -1.9401931370245575E-013
  -2.6427015306837633E-021
*****  m =   22  l =   30
   6.8278145768799475E-021
   4.9405996450009596E-013
   6.9997701374674620E-009
   3.8835145764391685E-006
   3.6377281671327839E-004
   1.0529272596350300E-002
  0.12658474095770228     
  0.73168307262731291     
   2.1176717226111541     
   2.7128698721656437     
  0.18914970071227738     
  -2.1955182110483031     
  0.29045848006543301     
   1.8249079469092804     
  -1.3631523978732047     
 -0.76508630950908574     
   1.9166121401715623     
 -0.76508630950908574     
  -1.3631523978732047     
   1.8249079469092804     
  0.29045848006543301     
  -2.1955182110483031     
  0.18914970071227738     
   2.7128698721656437     
   2.1176717226111541     
  0.73168307262731291     
  0.12658474095770228     
   1.0529272596350300E-002
   3.6377281671327839E-004
   3.8835145764391685E-006
   6.9997701374674620E-009
   4.9405996450009596E-013
   6.8278145768799475E-021
*****  m =   22  l =   31
   1.6780033319310562E-020
   1.1961232400915736E-012
   1.6484761298854649E-008
   8.7742609247936946E-006
   7.7600656658504915E-004
   2.0795292929291657E-002
  0.22546547472306253     
   1.1291425899535119     
   2.6201965641842881     
   2.0573351597700902     
  -1.3715557493209363     
  -1.4376543420107299     
   1.8686982489101753     
  -3.7954794963255288E-002
  -1.6790284055789062     
   1.6225931197810606     
  -5.2434754754351692E-031
  -1.6225931197810606     
   1.6790284055789062     
   3.7954794963255288E-002
  -1.8686982489101753     
   1.4376543420107299     
   1.3715557493209363     
  -2.0573351597700902     
  -2.6201965641842881     
  -1.1291425899535119     
 -0.22546547472306253     
  -2.0795292929291657E-002
  -7.7600656658504915E-004
  -8.7742609247936946E-006
  -1.6484761298854649E-008
  -1.1961232400915736E-012
  -1.6780033319310562E-020
*****  m =   22  l =   32
   3.9465371467257618E-020
   2.7699245024931770E-012
   3.7098338134437682E-008
   1.8913414180336170E-005
   1.5752842034452697E-003
   3.8919253735988854E-002
  0.37772242889132690     
   1.6135834891643892     
   2.8644777657967064     
  0.82532043687029222     
  -2.1981076790493801     
  0.34118614292790100     
   1.6033813737105369     
  -1.7995118619206536     
  0.46047218475876484     
   1.1606435988457449     
  -1.8594662713440171     
   1.1606435988457449     
  0.46047218475876484     
  -1.7995118619206536     
   1.6033813737105369     
  0.34118614292790100     
  -2.1981076790493801     
  0.82532043687029222     
   2.8644777657967064     
   1.6135834891643892     
  0.37772242889132690     
   3.8919253735988854E-002
   1.5752842034452697E-003
   1.8913414180336170E-005
   3.7098338134437682E-008
   2.7699245024931770E-012
   3.9465371467257618E-020
*****  m =   23  l =   23
   1.5871040236723814E-026
   2.9091257906417155E-018
   7.7375827635350979E-014
   7.6432117311962446E-011
   1.3042093416622717E-008
   7.3399398302627662E-007
   1.9006663756364000E-005
   2.7480556786947706E-004
   2.5060355573226180E-003
   1.5633357183832051E-002
   7.0573530392816289E-002
  0.23994282686092205     
  0.63232587152757891     
   1.3186285586873472     
   2.2078650642807189     
   2.9969998388551753     
   3.3163811995147250     
   2.9969998388551753     
   2.2078650642807189     
   1.3186285586873472     
  0.63232587152757891     
  0.23994282686092205     
   7.0573530392816289E-002
   1.5633357183832051E-002
   2.5060355573226180E-003
   2.7480556786947706E-004
   1.9006663756364000E-005
   7.3399398302627662E-007
   1.3042093416622717E-008
   7.6432117311962446E-011
   7.7375827635350979E-014
   2.9091257906417155E-018
   1.5871040236723814E-026
*****  m =   23  l =   24
   1.1081117218841206E-025
   2.0088066561526358E-017
   5.2366105969856971E-013
   5.0222478885247062E-010
   8.2376697034064459E-008
   4.4084174571011359E-006
   1.0725719787118846E-004
   1.4374017063434924E-003
   1.1959111725731905E-002
   6.6780955928117752E-002
  0.26350246059662485     
  0.75892719323055802     
   1.6215205330122173     
   2.5624429855968507     
   2.8814297014392105     
   1.9642860249493197     
  -2.8614288008985381E-031
  -1.9642860249493197     
  -2.8814297014392105     
  -2.5624429855968507     
  -1.6215205330122173     
 -0.75892719323055802     
 -0.26350246059662485     
  -6.6780955928117752E-002
  -1.1959111725731905E-002
  -1.4374017063434924E-003
  -1.0725719787118846E-004
  -4.4084174571011359E-006
  -8.2376697034064459E-008
  -5.0222478885247062E-010
  -5.2366105969856971E-013
  -2.0088066561526358E-017
  -1.1081117218841206E-025
*****  m =   23  l =   25
   5.5234388370273762E-025
   9.8982443584119857E-017
   2.5267240072912391E-012
   2.3495944307505937E-009
   3.6973120740176774E-007
   1.8763463204466621E-005
   4.2730698280898970E-004
   5.2796989261680799E-003
   3.9770244409960361E-002
  0.19652830737022167     
  0.66565661126919962     
   1.5747258417118282     
   2.5698903907510777     
   2.6682973976320556     
   1.1316544292030482     
  -1.2460543612631336     
  -2.4172074049174643     
  -1.2460543612631336     
   1.1316544292030482     
   2.6682973976320556     
   2.5698903907510777     
   1.5747258417118282     
  0.66565661126919962     
  0.19652830737022167     
   3.9770244409960361E-002
   5.2796989261680799E-003
   4.2730698280898970E-004
   1.8763463204466621E-005
   3.6973120740176774E-007
   2.3495944307505937E-009
   2.5267240072912391E-012
   9.8982443584119857E-017
   5.5234388370273762E-025
*****  m =   23  l =   26
   2.2692708796489389E-024
   4.0181405720368454E-016
   1.0035247363322737E-011
   9.0355119362004401E-009
   1.3613369625587966E-006
   6.5329934992983045E-005
   1.3870123498624773E-003
   1.5709107042159678E-002
  0.10621044285905294     
  0.45814403799123976     
   1.3010441732827536     
   2.4133027335349726     
   2.6742115893502971     
   1.0227489339369173     
  -1.5170022372332459     
  -2.1511924660824584     
   3.6825265761024928E-031
   2.1511924660824584     
   1.5170022372332459     
  -1.0227489339369173     
  -2.6742115893502971     
  -2.4133027335349726     
  -1.3010441732827536     
 -0.45814403799123976     
 -0.10621044285905294     
  -1.5709107042159678E-002
  -1.3870123498624773E-003
  -6.5329934992983045E-005
  -1.3613369625587966E-006
  -9.0355119362004401E-009
  -1.0035247363322737E-011
  -4.0181405720368454E-016
  -2.2692708796489389E-024
*****  m =   23  l =   27
   8.1493781816623688E-024
   1.4251123992152575E-015
   3.4791148696015708E-011
   3.0288468181784232E-008
   4.3603515925823584E-006
   1.9729224302822098E-004
   3.8883784237573969E-003
   4.0113100860826173E-002
  0.24102225034602964     
  0.89238385862008485     
   2.0567219276544573     
   2.7610482540266523     
   1.4521104103690290     
  -1.2916601951258948     
  -2.0872819931833448     
  0.34041168399651606     
   2.1520573580164397     
  0.34041168399651606     
  -2.0872819931833448     
  -1.2916601951258948     
   1.4521104103690290     
   2.7610482540266523     
   2.0567219276544573     
  0.89238385862008485     
  0.24102225034602964     
   4.0113100860826173E-002
   3.8883784237573969E-003
   1.9729224302822098E-004
   4.3603515925823584E-006
   3.0288468181784232E-008
   3.4791148696015708E-011
   1.4251123992152575E-015
   8.1493781816623688E-024
*****  m =   23  l =   28
   2.6416393472560113E-023
   4.5601515159599407E-015
   1.0872424826367188E-010
   9.1391227535960922E-008
   1.2544950786032353E-005
   5.3354045182691908E-004
   9.7171947429449037E-003
   9.0669143228794713E-002
  0.47858216760114236     
   1.4886539294252481     
   2.6516159353716153     
   2.1579436305126469     
 -0.59083937635027173     
  -2.1965957893661416     
   2.8774737355707656E-002
   2.0874687232464666     
  -4.3122156874622853E-031
  -2.0874687232464666     
  -2.8774737355707656E-002
   2.1965957893661416     
  0.59083937635027173     
  -2.1579436305126469     
  -2.6516159353716153     
  -1.4886539294252481     
 -0.47858216760114236     
  -9.0669143228794713E-002
  -9.7171947429449037E-003
  -5.3354045182691908E-004
  -1.2544950786032353E-005
  -9.1391227535960922E-008
  -1.0872424826367188E-010
  -4.5601515159599407E-015
  -2.6416393472560113E-023
*****  m =   23  l =   29
   7.8874057720853036E-023
   1.3434323471259475E-014
   3.1253490606029664E-010
   2.5329275389795354E-007
   3.3080479553084500E-005
   1.3182196417722343E-003
   2.2077855545282538E-002
  0.18487368494221185     
  0.84548403765153812     
   2.1469300151103052     
   2.7176500843073703     
  0.61595395540639886     
  -2.0703038238518578     
 -0.79258331044675079     
   1.9720361378383733     
  0.32294727416049690     
  -2.0150753783488327     
  0.32294727416049690     
   1.9720361378383733     
 -0.79258331044675079     
  -2.0703038238518578     
  0.61595395540639886     
   2.7176500843073703     
   2.1469300151103052     
  0.84548403765153812     
  0.18487368494221185     
   2.2077855545282538E-002
   1.3182196417722343E-003
   3.3080479553084500E-005
   2.5329275389795354E-007
   3.1253490606029664E-010
   1.3434323471259475E-014
   7.8874057720853036E-023
*****  m =   23  l =   30
   2.1996884693940976E-022
   3.6949872079223560E-014
   8.3798552990833708E-010
   6.5384349047023001E-007
   8.1067187864084588E-005
   3.0166100843342708E-003
   4.6216445375231716E-002
  0.34424703287334552     
   1.3412228163371096     
   2.6683516255044988     
   1.9993153873921452     
  -1.1803338225937503     
  -1.8017113428272677     
   1.3985543894321544     
   1.1178360739751798     
  -1.8861517832413481     
   4.8644934464241835E-031
   1.8861517832413481     
  -1.1178360739751798     
  -1.3985543894321544     
   1.8017113428272677     
   1.1803338225937503     
  -1.9993153873921452     
  -2.6683516255044988     
  -1.3412228163371096     
 -0.34424703287334552     
  -4.6216445375231716E-002
  -3.0166100843342708E-003
  -8.1067187864084588E-005
  -6.5384349047023001E-007
  -8.3798552990833708E-010
  -3.6949872079223560E-014
  -2.1996884693940976E-022
*****  m =   23  l =   31
   5.7885622082456352E-022
   9.5848732108021101E-014
   2.1171571822815891E-009
   1.5880350091741749E-006
   1.8649296984455407E-004
   6.4574332251994358E-003
   8.9983145157506036E-002
  0.59017964956897817     
   1.9174977358796310     
   2.8007465186919474     
  0.57822294772331329     
  -2.1805599456231137     
   1.3926286495425513E-002
   1.9169810589297078     
  -1.2668474860316588     
 -0.83599029007111436     
   1.9296593441833665     
 -0.83599029007111436     
  -1.2668474860316588     
   1.9169810589297078     
   1.3926286495425513E-002
  -2.1805599456231137     
  0.57822294772331329     
   2.8007465186919474     
   1.9174977358796310     
  0.59017964956897817     
   8.9983145157506036E-002
   6.4574332251994358E-003
   1.8649296984455407E-004
   1.5880350091741749E-006
   2.1171571822815891E-009
   9.5848732108021101E-014
   5.7885622082456352E-022
*****  m =   23  l =   32
   1.4485136022997597E-021
   2.3631722757182692E-013
   5.0793069019026872E-009
   3.6570158273484531E-006
   4.0582405480929452E-004
   1.3026851208874819E-002
  0.16407657224598068     
  0.93644842926460192     
   2.4664729823869807     
   2.3426679793329273     
  -1.0409401561915614     
  -1.6956687780362762     
   1.7521395491349316     
  0.18196531534309945     
  -1.7573145336065723     
   1.5937588697212786     
  -5.3751440745981279E-031
  -1.5937588697212786     
   1.7573145336065723     
 -0.18196531534309945     
  -1.7521395491349316     
   1.6956687780362762     
   1.0409401561915614     
  -2.3426679793329273     
  -2.4664729823869807     
 -0.93644842926460192     
 -0.16407657224598068     
  -1.3026851208874819E-002
  -4.0582405480929452E-004
  -3.6570158273484531E-006
  -5.0793069019026872E-009
  -2.3631722757182692E-013
  -1.4485136022997597E-021
*****  m =   24  l =   24
   1.1500915708080676E-027
   4.8212230992139349E-019
   1.9970296153439939E-014
   2.6623071426545444E-011
   5.6803638738085415E-009
   3.8091082488627605E-007
   1.1362679770348422E-005
   1.8451870055814798E-004
   1.8524203944049829E-003
   1.2513321992941147E-002
   6.0314624690158872E-002
  0.21626974684955064     
  0.59446466714761304     
   1.2799264990214705     
   2.1916322961681902     
   3.0147552902453385     
   3.3507487619816709     
   3.0147552902453385     
   2.1916322961681902     
   1.2799264990214705     
  0.59446466714761304     
  0.21626974684955064     
   6.0314624690158872E-002
   1.2513321992941147E-002
   1.8524203944049829E-003
   1.8451870055814798E-004
   1.1362679770348422E-005
   3.8091082488627605E-007
   5.6803638738085415E-009
   2.6623071426545444E-011
   1.9970296153439939E-014
   4.8212230992139349E-019
   1.1500915708080676E-027
*****  m =   24  l =   25
   8.1921448891057450E-027
   3.3964084670648634E-018
   1.3788484214457671E-013
   1.7847091888813512E-010
   3.6603302644122787E-008
   2.3339985213619368E-006
   6.5416660579096399E-005
   9.8464587045812087E-004
   9.0185827861875966E-003
   5.4533082733079941E-002
  0.22974840739122168     
  0.69787101854919531     
   1.5552298958210125     
   2.5374869204224102     
   2.9180332795349910     
   2.0158449322858525     
  -2.9494932965720959E-031
  -2.0158449322858525     
  -2.9180332795349910     
  -2.5374869204224102     
  -1.5552298958210125     
 -0.69787101854919531     
 -0.22974840739122168     
  -5.4533082733079941E-002
  -9.0185827861875966E-003
  -9.8464587045812087E-004
  -6.5416660579096399E-005
  -2.3339985213619368E-006
  -3.6603302644122787E-008
  -1.7847091888813512E-010
  -1.3788484214457671E-013
  -3.3964084670648634E-018
  -8.1921448891057450E-027
*****  m =   24  l =   26
   4.1644310773534000E-026
   1.7067902038638192E-017
   6.7854637646545779E-013
   8.5161117596930573E-010
   1.6757729566633004E-007
   1.0134251940613852E-005
   2.6590666745670118E-004
   3.6908994314191288E-003
   3.0616437084030806E-002
  0.16390582359431205     
  0.59320894928755996     
   1.4819817801284696     
   2.5293324919529998     
   2.7305552007211658     
   1.2329320533972441     
  -1.2134787933088573     
  -2.4393819198597209     
  -1.2134787933088573     
   1.2329320533972441     
   2.7305552007211658     
   2.5293324919529998     
   1.4819817801284696     
  0.59320894928755996     
  0.16390582359431205     
   3.0616437084030806E-002
   3.6908994314191288E-003
   2.6590666745670118E-004
   1.0134251940613852E-005
   1.6757729566633004E-007
   8.5161117596930573E-010
   6.7854637646545779E-013
   1.7067902038638192E-017
   4.1644310773534000E-026
*****  m =   24  l =   27
   1.7442704564103764E-025
   7.0639036381569871E-017
   2.7477564806813062E-012
   3.3394699583500601E-009
   6.2927524270545418E-007
   3.5994463238981430E-005
   8.8075454391393134E-004
   1.1211500005077474E-002
   8.3533307230548068E-002
  0.39080281815187051     
   1.1882159002459429     
   2.3369753146112120     
   2.7387771746204059     
   1.1783396563782318     
  -1.4465125471474432     
  -2.1883542043676973     
   3.7886927383683544E-031
   2.1883542043676973     
   1.4465125471474432     
  -1.1783396563782318     
  -2.7387771746204059     
  -2.3369753146112120     
  -1.1882159002459429     
 -0.39080281815187051     
  -8.3533307230548068E-002
  -1.1211500005077474E-002
  -8.8075454391393134E-004
  -3.5994463238981430E-005
  -6.2927524270545418E-007
  -3.3394699583500601E-009
  -2.7477564806813062E-012
  -7.0639036381569871E-017
  -1.7442704564103764E-025
*****  m =   24  l =   28
   6.3839123855461009E-025
   2.5534551965916941E-016
   9.7101254166431673E-012
   1.1412500250757039E-008
   2.0553327273629048E-006
   1.1088509535521345E-004
   2.5200350260538933E-003
   2.9241299483849820E-002
  0.19385430099383252     
  0.78008051126848810     
   1.9329020400571679     
   2.7814194054006212     
   1.6455042654346905     
  -1.1586839372916218     
  -2.1436114338832382     
  0.28383721448258364     
   2.1696682890313057     
  0.28383721448258364     
  -2.1436114338832382     
  -1.1586839372916218     
   1.6455042654346905     
   2.7814194054006212     
   1.9329020400571679     
  0.78008051126848810     
  0.19385430099383252     
   2.9241299483849820E-002
   2.5200350260538933E-003
   1.1088509535521345E-004
   2.0553327273629048E-006
   1.1412500250757039E-008
   9.7101254166431673E-012
   2.5534551965916941E-016
   6.3839123855461009E-025
*****  m =   24  l =   29
   2.1082825083269307E-024
   8.3249953379917444E-016
   3.0922200852625113E-011
   3.5098966411447741E-008
   6.0292325682318958E-006
   3.0589822963078241E-004
   6.4290032275016694E-003
   6.7550343194196269E-002
  0.39414240087563568     
   1.3372291565993557     
   2.5824749673372502     
   2.3327377565546250     
 -0.36565230605261684     
  -2.2271245343067552     
  -9.6398280403141051E-002
   2.1027075544239913     
  -4.4292002538739513E-031
  -2.1027075544239913     
   9.6398280403141051E-002
   2.2271245343067552     
  0.36565230605261684     
  -2.3327377565546250     
  -2.5824749673372502     
  -1.3372291565993557     
 -0.39414240087563568     
  -6.7550343194196269E-002
  -6.4290032275016694E-003
  -3.0589822963078241E-004
  -6.0292325682318958E-006
  -3.5098966411447741E-008
  -3.0922200852625113E-011
  -8.3249953379917444E-016
  -2.1082825083269307E-024
*****  m =   24  l =   30
   6.4112745715854841E-024
   2.4981383778691844E-015
   9.0555929282417263E-011
   9.9131520084176701E-008
   1.6208825112088010E-005
   7.7101610077594132E-004
   1.4915990306047311E-002
  0.14087149943790778     
  0.71417554744772238     
   1.9899123681824045     
   2.7825438631603459     
  0.91078162106115401     
  -1.9859375139155229     
 -0.97657983757945832     
   1.9456063244364328     
  0.39062076241020122     
  -2.0298841996851507     
  0.39062076241020122     
   1.9456063244364328     
 -0.97657983757945832     
  -1.9859375139155229     
  0.91078162106115401     
   2.7825438631603459     
   1.9899123681824045     
  0.71417554744772238     
  0.14087149943790778     
   1.4915990306047311E-002
   7.7101610077594132E-004
   1.6208825112088010E-005
   9.9131520084176701E-008
   9.0555929282417263E-011
   2.4981383778691844E-015
   6.4112745715854841E-024
*****  m =   24  l =   31
   1.8205075086355057E-023
   6.9965527264088882E-015
   2.4729772746992911E-010
   2.6072344412122489E-007
   4.0492386750043860E-005
   1.8000912763098940E-003
   3.1896499782996114E-002
  0.26853511170345157     
   1.1646095949090010     
   2.5689230369890304     
   2.2410604860959311     
 -0.91111407594740768     
  -1.9519286546742762     
   1.2546701687892619     
   1.2374143105063953     
  -1.8777134110717419     
   4.9891601483318378E-031
   1.8777134110717419     
  -1.2374143105063953     
  -1.2546701687892619     
   1.9519286546742762     
  0.91111407594740768     
  -2.2410604860959311     
  -2.5689230369890304     
  -1.1646095949090010     
 -0.26853511170345157     
  -3.1896499782996114E-002
  -1.8000912763098940E-003
  -4.0492386750043860E-005
  -2.6072344412122489E-007
  -2.4729772746992911E-010
  -6.9965527264088882E-015
  -1.8205075086355057E-023
*****  m =   24  l =   32
   4.8763324768664600E-023
   1.8475942417122881E-014
   6.3620507602123739E-010
   6.4507017170739679E-007
   9.4953078081892200E-005
   3.9317324348079399E-003
   6.3467946994278046E-002
  0.47185247978073575     
   1.7169702128466755     
   2.8353768397889647     
  0.95126697695781992     
  -2.1162324192517574     
 -0.26148264459116610     
   1.9875802705052921     
  -1.1643275956688761     
 -0.90534081753378692     
   1.9424702750714959     
 -0.90534081753378692     
  -1.1643275956688761     
   1.9875802705052921     
 -0.26148264459116610     
  -2.1162324192517574     
  0.95126697695781992     
   2.8353768397889647     
   1.7169702128466755     
  0.47185247978073575     
   6.3467946994278046E-002
   3.9317324348079399E-003
   9.4953078081892200E-005
   6.4507017170739679E-007
   6.3620507602123739E-010
   1.8475942417122881E-014
   4.8763324768664600E-023
*****  m =   25  l =   25
   8.3307118463049468E-029
   7.9868333245542814E-020
   5.1521247229199865E-015
   9.2696447100788621E-012
   2.4730202434476032E-009
   1.9759538378074510E-007
   6.7901334131474079E-006
   1.2384483868363761E-004
   1.3687197794045641E-003
   1.0011880422655189E-002
   5.1525958667151081E-002
  0.19485270411210173     
  0.55864228690598794     
   1.2418531645605329     
   2.1746307271879814     
   3.0313778770458577     
   3.3840903668844504     
   3.0313778770458577     
   2.1746307271879814     
   1.2418531645605329     
  0.55864228690598794     
  0.19485270411210173     
   5.1525958667151081E-002
   1.0011880422655189E-002
   1.3687197794045641E-003
   1.2384483868363761E-004
   6.7901334131474079E-006
   1.9759538378074510E-007
   2.4730202434476032E-009
   9.2696447100788621E-012
   5.1521247229199865E-015
   7.9868333245542814E-020
   8.3307118463049468E-029
*****  m =   25  l =   26
   6.0492309271967997E-028
   5.7357492143082332E-019
   3.6263626709919240E-014
   6.3346881195874400E-011
   1.6245183977733790E-008
   1.2342607057985635E-006
   3.9850957177226321E-005
   6.7370603055225500E-004
   6.7930706677309972E-003
   4.4479093705793803E-002
  0.20008236277890806     
  0.64097143450521765     
   1.4898934224547424     
   2.5098159609944672     
   2.9516232048827593     
   2.0663219011119347     
  -3.0366892084827395E-031
  -2.0663219011119347     
  -2.9516232048827593     
  -2.5098159609944672     
  -1.4898934224547424     
 -0.64097143450521765     
 -0.20008236277890806     
  -4.4479093705793803E-002
  -6.7930706677309972E-003
  -6.7370603055225500E-004
  -3.9850957177226321E-005
  -1.2342607057985635E-006
  -1.6245183977733790E-008
  -6.3346881195874400E-011
  -3.6263626709919240E-014
  -5.7357492143082332E-019
  -6.0492309271967997E-028
*****  m =   25  l =   27
   3.1337704295762472E-027
   2.9374254656098674E-018
   1.8187157631806564E-013
   3.0807151466266993E-010
   7.5805961792988594E-008
   5.4629323511311791E-006
   1.6514625701782206E-004
   2.5751244663162151E-003
   2.3522492956813350E-002
  0.13642054007614982     
  0.52753948770808978     
   1.3916294310487753     
   2.4833688104191651     
   2.7856430596321897     
   1.3319750336209237     
  -1.1801884426770282     
  -2.4609717409573100     
  -1.1801884426770282     
   1.3319750336209237     
   2.7856430596321897     
   2.4833688104191651     
   1.3916294310487753     
  0.52753948770808978     
  0.13642054007614982     
   2.3522492956813350E-002
   2.5751244663162151E-003
   1.6514625701782206E-004
   5.4629323511311791E-006
   7.5805961792988594E-008
   3.0807151466266993E-010
   1.8187157631806564E-013
   2.9374254656098674E-018
   3.1337704295762472E-027
*****  m =   25  l =   28
   1.3371936341642066E-026
   1.2385556187506585E-017
   7.5037085095265473E-013
   1.2309611225210259E-009
   2.9010126101454584E-007
   1.9777968239116373E-005
   5.5774489771715462E-004
   7.9791803317467158E-003
   6.5508609877558507E-002
  0.33235432083741878     
   1.0816398359111834     
   2.2545496616851888     
   2.7900556016927367     
   1.3287988332643152     
  -1.3728980296838280     
  -2.2237401970672042     
   3.8938725417985916E-031
   2.2237401970672042     
   1.3728980296838280     
  -1.3287988332643152     
  -2.7900556016927367     
  -2.2545496616851888     
  -1.0816398359111834     
 -0.33235432083741878     
  -6.5508609877558507E-002
  -7.9791803317467158E-003
  -5.5774489771715462E-004
  -1.9777968239116373E-005
  -2.9010126101454584E-007
  -1.2309611225210259E-009
  -7.5037085095265473E-013
  -1.2385556187506585E-017
  -1.3371936341642066E-026
*****  m =   25  l =   29
   4.9842553330660161E-026
   4.5598915132208874E-017
   2.7009771334365851E-012
   4.2856141787334310E-009
   9.6550616940017875E-007
   6.2104749335673603E-005
   1.6274153875300756E-003
   2.1237763771775421E-002
  0.15531475127683531     
  0.67905070838265158     
   1.8076985412776738     
   2.7830419725730899     
   1.8262706979440164     
  -1.0198217267845928     
  -2.1935992739676222     
  0.22717725946947276     
   2.1868700381172252     
  0.22717725946947276     
  -2.1935992739676222     
  -1.0198217267845928     
   1.8262706979440164     
   2.7830419725730899     
   1.8076985412776738     
  0.67905070838265158     
  0.15531475127683531     
   2.1237763771775421E-002
   1.6274153875300756E-003
   6.2104749335673603E-005
   9.6550616940017875E-007
   4.2856141787334310E-009
   2.7009771334365851E-012
   4.5598915132208874E-017
   4.9842553330660161E-026
*****  m =   25  l =   30
   1.6758796603315516E-025
   1.5137047235367350E-016
   8.7590061561011005E-012
   1.3424732686357181E-008
   2.8856818527317534E-006
   1.7463793790219412E-004
   4.2348379397144434E-003
   5.0094514885838215E-002
  0.32298585573935096     
   1.1943830377031850     
   2.4964737625587095     
   2.4822027944233969     
 -0.13767975760816697     
  -2.2424751122878299     
 -0.22080306865776789     
   2.1157381195436988     
  -4.5451549416844961E-031
  -2.1157381195436988     
  0.22080306865776789     
   2.2424751122878299     
  0.13767975760816697     
  -2.4822027944233969     
  -2.4964737625587095     
  -1.1943830377031850     
 -0.32298585573935096     
  -5.0094514885838215E-002
  -4.2348379397144434E-003
  -1.7463793790219412E-004
  -2.8856818527317534E-006
  -1.3424732686357181E-008
  -8.7590061561011005E-012
  -1.5137047235367350E-016
  -1.6758796603315516E-025
*****  m =   25  l =   31
   5.1871717613328540E-025
   4.6236373830691310E-016
   2.6114621475173424E-011
   3.8611832965122179E-008
   7.9032839536145892E-006
   4.4869449519488734E-004
   1.0024436229239542E-002
  0.10673910244669065     
  0.59947235902021534     
   1.8301601795378084     
   2.8134438425600257     
   1.1914036036942333     
  -1.8778618707487873     
  -1.1519842356888756     
   1.9114596902765473     
  0.45758158122858661     
  -2.0443909584203839     
  0.45758158122858661     
   1.9114596902765473     
  -1.1519842356888756     
  -1.8778618707487873     
   1.1914036036942333     
   2.8134438425600257     
   1.8301601795378084     
  0.59947235902021534     
  0.10673910244669065     
   1.0024436229239542E-002
   4.4869449519488734E-004
   7.9032839536145892E-006
   3.8611832965122179E-008
   2.6114621475173424E-011
   4.6236373830691310E-016
   5.1871717613328540E-025
*****  m =   25  l =   32
   1.4987397931705459E-024
   1.3177846848829394E-015
   7.2588426820154386E-011
   1.0339726684423085E-007
   2.0112312168569155E-005
   1.0679119893624250E-003
   2.1877913408652087E-002
  0.20806315889549717     
   1.0032965967301053     
   2.4465246279761215     
   2.4427060385974246     
 -0.62670137620953592     
  -2.0734580526065463     
   1.0997144199060718     
   1.3508373123731272     
  -1.8669253763722631     
   5.1127818475399476E-031
   1.8669253763722631     
  -1.3508373123731272     
  -1.0997144199060718     
   2.0734580526065463     
  0.62670137620953592     
  -2.4427060385974246     
  -2.4465246279761215     
  -1.0032965967301053     
 -0.20806315889549717     
  -2.1877913408652087E-002
  -1.0679119893624250E-003
  -2.0112312168569155E-005
  -1.0339726684423085E-007
  -7.2588426820154386E-011
  -1.3177846848829394E-015
  -1.4987397931705459E-024
*****  m =   26  l =   26
   6.0320923547036241E-030
   1.3225990033425411E-020
   1.3286922673713759E-015
   3.2262959067866269E-012
   1.0762554487324631E-009
   1.0246285459853702E-007
   4.0561314834669642E-006
   8.3090546073367791E-005
   1.0109407664824317E-003
   8.0074616065521683E-003
   4.4001320387304727E-002
  0.17549036594407461     
  0.52478056659357730     
   1.2044579518587073     
   2.1569472588894385     
   3.0469425437435413     
   3.4164747446288932     
   3.0469425437435413     
   2.1569472588894385     
   1.2044579518587073     
  0.52478056659357730     
  0.17549036594407461     
   4.4001320387304727E-002
   8.0074616065521683E-003
   1.0109407664824317E-003
   8.3090546073367791E-005
   4.0561314834669642E-006
   1.0246285459853702E-007
   1.0762554487324631E-009
   3.2262959067866269E-012
   1.3286922673713759E-015
   1.3225990033425411E-020
   6.0320923547036241E-030
*****  m =   26  l =   27
   4.4619987391978069E-029
   9.6758055955946075E-020
   9.5269236582840855E-015
   2.2460000221701099E-011
   7.2020434283274663E-009
   6.5198855102945847E-007
   2.4250231245395994E-005
   4.6045537421073642E-004
   5.1111745086195228E-003
   3.6239195726946255E-002
  0.17405714090558450     
  0.58806986843090647     
   1.4257472742883122     
   2.4797430494275092     
   2.9823480910175229     
   2.1157559786983384     
  -3.1230577785685576E-031
  -2.1157559786983384     
  -2.9823480910175229     
  -2.4797430494275092     
  -1.4257472742883122     
 -0.58806986843090647     
 -0.17405714090558450     
  -3.6239195726946255E-002
  -5.1111745086195228E-003
  -4.6045537421073642E-004
  -2.4250231245395994E-005
  -6.5198855102945847E-007
  -7.2020434283274663E-009
  -2.2460000221701099E-011
  -9.5269236582840855E-015
  -9.6758055955946075E-020
  -4.4619987391978069E-029
*****  m =   26  l =   28
   2.3539971807463653E-028
   5.0463837549779515E-019
   4.8660412248418016E-014
   1.1124635066561875E-010
   3.4230500580085356E-008
   2.9395332456261871E-006
   1.0238164199052492E-004
   1.7933770059857614E-003
   1.8038896144397791E-002
  0.11333099646767693     
  0.46823360290414778     
   1.3041370130834746     
   2.4328128604431996     
   2.8338999130960008     
   1.4287442755237953     
  -1.1462378672172215     
  -2.4820113591660458     
  -1.1462378672172215     
   1.4287442755237953     
   2.8338999130960008     
   2.4328128604431996     
   1.3041370130834746     
  0.46823360290414778     
  0.11333099646767693     
   1.8038896144397791E-002
   1.7933770059857614E-003
   1.0238164199052492E-004
   2.9395332456261871E-006
   3.4230500580085356E-008
   1.1124635066561875E-010
   4.8660412248418016E-014
   5.0463837549779515E-019
   2.3539971807463653E-028
*****  m =   26  l =   29
   1.0226150157396001E-027
   2.1663168491851596E-018
   2.0441192533960163E-013
   4.5262524667954358E-010
   1.3340714071578816E-007
   1.0840216819533367E-005
   3.5229960315747919E-004
   5.6640569118455112E-003
   5.1236565866810253E-002
  0.28186208970916310     
  0.98168188976171733     
   2.1675821478801232     
   2.8288939304352518     
   1.4738439484608963     
  -1.2964597466736816     
  -2.2574082661998687     
   3.9981103293669283E-031
   2.2574082661998687     
   1.2964597466736816     
  -1.4738439484608963     
  -2.8288939304352518     
  -2.1675821478801232     
 -0.98168188976171733     
 -0.28186208970916310     
  -5.1236565866810253E-002
  -5.6640569118455112E-003
  -3.5229960315747919E-004
  -1.0840216819533367E-005
  -1.3340714071578816E-007
  -4.5262524667954358E-010
  -2.0441192533960163E-013
  -2.1663168491851596E-018
  -1.0226150157396001E-027
*****  m =   26  l =   30
   3.8794522976646248E-027
   8.1177223762370749E-018
   7.4896934320557623E-013
   1.6042884169229622E-009
   4.5211659579256151E-007
   3.4671916055554370E-005
   1.0475167860413549E-003
   1.5372543093732829E-002
  0.12399444228999817     
  0.58883271372367219     
   1.6831284281097501     
   2.7679841973433819     
   1.9940032204376199     
 -0.87608074965795146     
  -2.2373930255086729     
  0.17047946036245962     
   2.2036834870955837     
  0.17047946036245962     
  -2.2373930255086729     
 -0.87608074965795146     
   1.9940032204376199     
   2.7679841973433819     
   1.6831284281097501     
  0.58883271372367219     
  0.12399444228999817     
   1.5372543093732829E-002
   1.0475167860413549E-003
   3.4671916055554370E-005
   4.5211659579256151E-007
   1.6042884169229622E-009
   7.4896934320557623E-013
   8.1177223762370749E-018
   3.8794522976646248E-027
*****  m =   26  l =   31
   1.3272168801637125E-026
   2.7420651838747346E-017
   2.4717700143473589E-012
   5.1152745137161390E-009
   1.3758208456192511E-006
   9.9309482989333797E-005
   2.7782168730081372E-003
   3.6991752788188087E-002
  0.26346681007283385     
   1.0612772021723607     
   2.3973400201475306     
   2.6069918700546153     
   9.0823549894951949E-002
  -2.2432781314925956     
 -0.34407139170605577     
   2.1266402941480891     
  -4.6601239070831613E-031
  -2.1266402941480891     
  0.34407139170605577     
   2.2432781314925956     
  -9.0823549894951949E-002
  -2.6069918700546153     
  -2.3973400201475306     
  -1.0612772021723607     
 -0.26346681007283385     
  -3.6991752788188087E-002
  -2.7782168730081372E-003
  -9.9309482989333797E-005
  -1.3758208456192511E-006
  -5.1152745137161390E-009
  -2.4717700143473589E-012
  -2.7420651838747346E-017
  -1.3272168801637125E-026
*****  m =   26  l =   32
   4.1786763267353969E-026
   8.5204880958986173E-017
   7.4980431858334880E-012
   1.4972725656980253E-008
   3.8361631679686700E-006
   2.5990485551272136E-004
   6.7043586111918954E-003
   8.0458794442049689E-002
  0.50030491665713905     
   1.6715453561918274     
   2.8141124003984768     
   1.4550770287501800     
  -1.7485970986356694     
  -1.3178543756493819     
   1.8700479533866734     
  0.52379187369912583     
  -2.0586086164532080     
  0.52379187369912583     
   1.8700479533866734     
  -1.3178543756493819     
  -1.7485970986356694     
   1.4550770287501800     
   2.8141124003984768     
   1.6715453561918274     
  0.50030491665713905     
   8.0458794442049689E-002
   6.7043586111918954E-003
   2.5990485551272136E-004
   3.8361631679686700E-006
   1.4972725656980253E-008
   7.4980431858334880E-012
   8.5204880958986173E-017
   4.1786763267353969E-026
*****  m =   27  l =   27
   4.3661841976429154E-031
   2.1894244451739662E-021
   3.4253949176792203E-016
   1.1225185005431985E-012
   4.6822139740670864E-010
   5.3113425242406622E-008
   2.4221104516488463E-006
   5.5728007609184861E-005
   7.4642311226079264E-004
   6.4020974123741008E-003
   3.7562417799310230E-002
  0.15799681194034237     
  0.49279907405337481     
   1.1677805562466519     
   2.1386599349336874     
   3.0615168541545024     
   3.4479636567802689     
   3.0615168541545024     
   2.1386599349336874     
   1.1677805562466519     
  0.49279907405337481     
  0.15799681194034237     
   3.7562417799310230E-002
   6.4020974123741008E-003
   7.4642311226079264E-004
   5.5728007609184861E-005
   2.4221104516488463E-006
   5.3113425242406622E-008
   4.6822139740670864E-010
   1.1225185005431985E-012
   3.4253949176792203E-016
   2.1894244451739662E-021
   4.3661841976429154E-031
*****  m =   27  l =   28
   3.2879075510148761E-030
   1.6305908040456775E-020
   2.5003166313628280E-015
   7.9552741312161321E-012
   3.1896843866652942E-009
   3.4405978307450944E-007
   1.4741914445821523E-005
   3.1438768988798123E-004
   3.8418124598769382E-003
   2.9495926787754052E-002
  0.15126406196609973     
  0.53898918983320887     
   1.3629840452345083     
   2.4475544456325729     
   3.0103474375218631     
   2.1641833410691054     
  -3.2086368503810667E-031
  -2.1641833410691054     
  -3.0103474375218631     
  -2.4475544456325729     
  -1.3629840452345083     
 -0.53898918983320887     
 -0.15126406196609973     
  -2.9495926787754052E-002
  -3.8418124598769382E-003
  -3.1438768988798123E-004
  -1.4741914445821523E-005
  -3.4405978307450944E-007
  -3.1896843866652942E-009
  -7.9552741312161321E-012
  -2.5003166313628280E-015
  -1.6305908040456775E-020
  -3.2879075510148761E-030
*****  m =   27  l =   29
   1.7653353040234180E-029
   8.6551719928728264E-020
   1.2997739055721701E-014
   4.0105102761757684E-011
   1.5431235010930891E-008
   1.5790851699176934E-006
   6.3364496015699947E-005
   1.2468371185308952E-003
   1.3809975476107768E-002
   9.3985577716675442E-002
  0.41485191302979735     
   1.2198572558630418     
   2.3784055503441599     
   2.8756600604923888     
   1.5232093402630973     
  -1.1116772491725837     
  -2.5025321985408526     
  -1.1116772491725837     
   1.5232093402630973     
   2.8756600604923888     
   2.3784055503441599     
   1.2198572558630418     
  0.41485191302979735     
   9.3985577716675442E-002
   1.3809975476107768E-002
   1.2468371185308952E-003
   6.3364496015699947E-005
   1.5790851699176934E-006
   1.5431235010930891E-008
   4.0105102761757684E-011
   1.2997739055721701E-014
   8.6551719928728264E-020
   1.7653353040234180E-029
*****  m =   27  l =   30
   7.8026624944568905E-029
   3.7804172709333164E-019
   5.5557792644053538E-014
   1.6604939748981455E-010
   6.1207726509247312E-008
   5.9276549245567297E-006
   2.2200586991984962E-004
   4.0110120567363999E-003
   3.9975179951279007E-002
  0.23842703879731136     
  0.88851029464641962     
   2.0774421227668967     
   2.8561440549904935     
   1.6132498215965754     
  -1.2174798975724608     
  -2.2894127705264848     
   4.1014469681934905E-031
   2.2894127705264848     
   1.2174798975724608     
  -1.6132498215965754     
  -2.8561440549904935     
  -2.0774421227668967     
 -0.88851029464641962     
 -0.23842703879731136     
  -3.9975179951279007E-002
  -4.0110120567363999E-003
  -2.2200586991984962E-004
  -5.9276549245567297E-006
  -6.1207726509247312E-008
  -1.6604939748981455E-010
  -5.5557792644053538E-014
  -3.7804172709333164E-019
  -7.8026624944568905E-029
*****  m =   27  l =   31
   3.0108696899171976E-028
   1.4409944054782018E-018
   2.0708561159859232E-013
   5.9880537997276799E-010
   2.1108952338478982E-007
   1.9298917039306082E-005
   6.7219983442395003E-004
   1.1092177716376043E-002
   9.8664720777660031E-002
  0.50879405495362950     
   1.5608130461587475     
   2.7382497200224076     
   2.1484728632773029     
 -0.72840177746847323     
  -2.2751457262445904     
  0.11378797120657382     
   2.2201279566089993     
  0.11378797120657382     
  -2.2751457262445904     
 -0.72840177746847323     
   2.1484728632773029     
   2.7382497200224076     
   1.5608130461587475     
  0.50879405495362950     
   9.8664720777660031E-002
   1.1092177716376043E-002
   6.7219983442395003E-004
   1.9298917039306082E-005
   2.1108952338478982E-007
   5.9880537997276799E-010
   2.0708561159859232E-013
   1.4409944054782018E-018
   3.0108696899171976E-028
*****  m =   27  l =   32
   1.0474637714116611E-027
   4.9500254448885838E-018
   6.9509607431859118E-013
   1.9422306578558418E-009
   6.5361448733961660E-007
   5.6267385989756300E-005
   1.8157718722203069E-003
   2.7208917947589714E-002
  0.21401156935887397     
  0.93854235268229869     
   2.2884162750595083     
   2.7080618035545392     
  0.31784340082795437     
  -2.2302072997360294     
 -0.46586739555924744     
   2.1354899002694627     
  -4.7741479857996133E-031
  -2.1354899002694627     
  0.46586739555924744     
   2.2302072997360294     
 -0.31784340082795437     
  -2.7080618035545392     
  -2.2884162750595083     
 -0.93854235268229869     
 -0.21401156935887397     
  -2.7208917947589714E-002
  -1.8157718722203069E-003
  -5.6267385989756300E-005
  -6.5361448733961660E-007
  -1.9422306578558418E-009
  -6.9509607431859118E-013
  -4.9500254448885838E-018
  -1.0474637714116611E-027
*****  m =   28  l =   28
   3.1593306025561058E-032
   3.6231864528317725E-022
   8.8278681893735587E-017
   3.9042872929098282E-013
   2.0363203429332987E-010
   2.7523338897140137E-008
   1.4458885290423726E-006
   3.7364086527992254E-005
   5.5093884782848369E-004
   5.1169201565396541E-003
   3.2055334891548527E-002
  0.14220089100156111     
  0.46261634354321379     
   1.1318523740018696     
   2.1198390622494689     
   3.0751619615237558     
   3.4786128253669624     
   3.0751619615237558     
   2.1198390622494689     
   1.1318523740018696     
  0.46261634354321379     
  0.14220089100156111     
   3.2055334891548527E-002
   5.1169201565396541E-003
   5.5093884782848369E-004
   3.7364086527992254E-005
   1.4458885290423726E-006
   2.7523338897140137E-008
   2.0363203429332987E-010
   3.9042872929098282E-013
   8.8278681893735587E-017
   3.6231864528317725E-022
   3.1593306025561058E-032
*****  m =   28  l =   29
   2.4204783161156844E-031
   2.7453283053605377E-021
   6.5558465347843862E-016
   2.8150880772415197E-012
   1.4113383206626672E-009
   1.8139248780651778E-007
   8.9533040464120459E-006
   2.1445440103426671E-004
   2.8849816602959898E-003
   2.3984848911165309E-002
  0.13133216874527814     
  0.49354030670613297     
   1.3017585494720922     
   2.4135121285625565     
   3.0357524724374731     
   2.2116376115613448     
  -3.2934612595581353E-031
  -2.2116376115613448     
  -3.0357524724374731     
  -2.4135121285625565     
  -1.3017585494720922     
 -0.49354030670613297     
 -0.13133216874527814     
  -2.3984848911165309E-002
  -2.8849816602959898E-003
  -2.1445440103426671E-004
  -8.9533040464120459E-006
  -1.8139248780651778E-007
  -1.4113383206626672E-009
  -2.8150880772415197E-012
  -6.5558465347843862E-016
  -2.7453283053605377E-021
  -2.4204783161156844E-031
*****  m =   28  l =   30
   1.3218449163195979E-030
   1.4821860316881649E-020
   3.4664951032042622E-015
   1.4435869418924493E-011
   6.9456949349335034E-009
   8.4694985619703511E-007
   3.9155356727956629E-005
   8.6549382598955773E-004
   1.0555637126464009E-002
   7.7816357899415989E-002
  0.36694617068876711     
   1.1390448787600111     
   2.3208196104464753     
   2.9112518405221857     
   1.6153474554175864     
  -1.0765528713661294     
  -2.5225629729969055     
  -1.0765528713661294     
   1.6153474554175864     
   2.9112518405221857     
   2.3208196104464753     
   1.1390448787600111     
  0.36694617068876711     
   7.7816357899415989E-002
   1.0555637126464009E-002
   8.6549382598955773E-004
   3.9155356727956629E-005
   8.4694985619703511E-007
   6.9456949349335034E-009
   1.4435869418924493E-011
   3.4664951032042622E-015
   1.4821860316881649E-020
   1.3218449163195979E-030
*****  m =   28  l =   31
   5.9409228204259334E-030
   6.5831930744259235E-020
   1.5068162804679414E-014
   6.0786686386012871E-011
   2.8022078398345327E-008
   3.2343474438372988E-006
   1.3959312977553215E-004
   2.8340720784088003E-003
   3.1117610234049929E-002
  0.20120534346029745     
  0.80213724022369948     
   1.9853244786505246     
   2.8726524914829716     
   1.7468423721739150     
  -1.1362232211126633     
  -2.3198049506459109     
   4.2039202310954050E-031
   2.3198049506459109     
   1.1362232211126633     
  -1.7468423721739150     
  -2.8726524914829716     
  -1.9853244786505246     
 -0.80213724022369948     
 -0.20120534346029745     
  -3.1117610234049929E-002
  -2.8340720784088003E-003
  -1.3959312977553215E-004
  -3.2343474438372988E-006
  -2.8022078398345327E-008
  -6.0786686386012871E-011
  -1.5068162804679414E-014
  -6.5831930744259235E-020
  -5.9409228204259334E-030
*****  m =   28  l =   32
   2.3305041140559555E-029
   2.5510800231472333E-019
   5.7103722154090210E-014
   2.2289975665398160E-010
   9.8286054540593998E-008
   1.0712239018399721E-005
   4.3013396173812482E-004
   7.9803078847468113E-003
   7.8270218036387632E-002
  0.43819798892051892     
   1.4420251067808258     
   2.6957532773467281     
   2.2896041170588548     
 -0.57766110470142673     
  -2.3070148597598616     
   5.7143766673544177E-002
   2.2362213517824570     
   5.7143766673544177E-002
  -2.3070148597598616     
 -0.57766110470142673     
   2.2896041170588548     
   2.6957532773467281     
   1.4420251067808258     
  0.43819798892051892     
   7.8270218036387632E-002
   7.9803078847468113E-003
   4.3013396173812482E-004
   1.0712239018399721E-005
   9.8286054540593998E-008
   2.2289975665398160E-010
   5.7103722154090210E-014
   2.5510800231472333E-019
   2.3305041140559555E-029
*****  m =   29  l =   29
   2.2853708821403096E-033
   5.9940450082964881E-023
   2.2744145537115185E-017
   1.3575587140812254E-013
   8.8533888180140937E-011
   1.4258259690998405E-008
   8.6286782580616233E-007
   2.5044007005338634E-005
   4.0652785561139261E-004
   4.0884961912163991E-003
   2.7347377942208699E-002
  0.12794546766393186     
  0.43415084928772346     
   1.0966976856938937     
   2.1005481561535864     
   3.0879334216560976     
   3.5084727106004880     
   3.0879334216560976     
   2.1005481561535864     
   1.0966976856938937     
  0.43415084928772346     
  0.12794546766393186     
   2.7347377942208699E-002
   4.0884961912163991E-003
   4.0652785561139261E-004
   2.5044007005338634E-005
   8.6286782580616233E-007
   1.4258259690998405E-008
   8.8533888180140937E-011
   1.3575587140812254E-013
   2.2744145537115185E-017
   5.9940450082964881E-023
   2.2853708821403096E-033
*****  m =   29  l =   30
   1.7803349742302579E-032
   4.6180913068306525E-022
   1.7174396141276698E-016
   9.9528567555315080E-013
   6.2392657381475821E-010
   9.5548442383605596E-008
   5.4328999579623656E-006
   1.4615824594830260E-004
   2.1645562742039770E-003
   1.9486366021872842E-002
  0.11392666960016440     
  0.45152741775790456     
   1.2421928741321751     
   2.3778559313088423     
   3.0586868845363568     
   2.2581501338492878     
  -3.3775631675885495E-031
  -2.2581501338492878     
  -3.0586868845363568     
  -2.3778559313088423     
  -1.2421928741321751     
 -0.45152741775790456     
 -0.11392666960016440     
  -1.9486366021872842E-002
  -2.1645562742039770E-003
  -1.4615824594830260E-004
  -5.4328999579623656E-006
  -9.5548442383605596E-008
  -6.2392657381475821E-010
  -9.9528567555315080E-013
  -1.7174396141276698E-016
  -4.6180913068306525E-022
  -1.7803349742302579E-032
*****  m =   29  l =   31
   9.8834915863823710E-032
   2.5345795228597731E-021
   9.2318514344207624E-016
   5.1887235034749633E-012
   3.1217873456006927E-009
   4.5360734587313130E-007
   2.4160356080138563E-005
   5.9990228359956899E-004
   8.0562237828645782E-003
   6.4331823420908554E-002
  0.32407115382866453     
   1.0618719602481907     
   2.2606639963162092     
   2.9409965739869146     
   1.7051426516586856     
  -1.0409075283363294     
  -2.5421299926518066     
  -1.0409075283363294     
   1.7051426516586856     
   2.9409965739869146     
   2.2606639963162092     
   1.0618719602481907     
  0.32407115382866453     
   6.4331823420908554E-002
   8.0562237828645782E-003
   5.9990228359956899E-004
   2.4160356080138563E-005
   4.5360734587313130E-007
   3.1217873456006927E-009
   5.1887235034749633E-012
   9.2318514344207624E-016
   2.5345795228597731E-021
   9.8834915863823710E-032
*****  m =   29  l =   32
   4.5144655395171938E-031
   1.1441252867650591E-020
   4.0786223164088239E-015
   2.2208230927401886E-011
   1.2803350422830443E-008
   1.7612148371735811E-006
   8.7594167121523978E-005
   1.9983169962995246E-003
   2.4171081847808990E-002
  0.16941882364003424     
  0.72245417068001450     
   1.8922629463719316     
   2.8792521471836938     
   1.8744930207672976     
  -1.0529382480773180     
  -2.3486332279770021     
   4.3055651249818556E-031
   2.3486332279770021     
   1.0529382480773180     
  -1.8744930207672976     
  -2.8792521471836938     
  -1.8922629463719316     
 -0.72245417068001450     
 -0.16941882364003424     
  -2.4171081847808990E-002
  -1.9983169962995246E-003
  -8.7594167121523978E-005
  -1.7612148371735811E-006
  -1.2803350422830443E-008
  -2.2208230927401886E-011
  -4.0786223164088239E-015
  -1.1441252867650591E-020
  -4.5144655395171938E-031
*****  m =   30  l =   30
   1.6527059419207309E-034
   9.9134905917846833E-024
   5.8581527908719879E-018
   4.7190302317179685E-014
   3.8481346394864424E-011
   7.3842978592413064E-009
   5.1479109064213600E-007
   1.6781491114322926E-005
   2.9988483557503727E-004
   3.2658470231132250E-003
   2.3324285574256840E-002
  0.11508660474132475     
  0.40732176919538660     
   1.0623346601716916     
   2.0808447422377099     
   3.0998818788904985     
   3.5375891659498100     
   3.0998818788904985     
   2.0808447422377099     
   1.0623346601716916     
  0.40732176919538660     
  0.11508660474132475     
   2.3324285574256840E-002
   3.2658470231132250E-003
   2.9988483557503727E-004
   1.6781491114322926E-005
   5.1479109064213600E-007
   7.3842978592413064E-009
   3.8481346394864424E-011
   4.7190302317179685E-014
   5.8581527908719879E-018
   9.9134905917846833E-024
   1.6527059419207309E-034
*****  m =   30  l =   31
   1.3084164014214173E-033
   7.7620148925697018E-023
   4.4954989670744561E-017
   3.5159869027591063E-013
   2.7560022100210854E-010
   5.0288844274362347E-008
   3.2940016450504938E-006
   9.9530322281480465E-005
   1.6227007403162724E-003
   1.5818614903089442E-002
   9.8746887737451841E-002
  0.41275216101270268     
   1.1843807969858622     
   2.3408054482163068     
   3.0792674636108499     
   2.3037502072625102     
  -3.4609723487198853E-031
  -2.3037502072625102     
  -3.0792674636108499     
  -2.3408054482163068     
  -1.1843807969858622     
 -0.41275216101270268     
  -9.8746887737451841E-002
  -1.5818614903089442E-002
  -1.6227007403162724E-003
  -9.9530322281480465E-005
  -3.2940016450504938E-006
  -5.0288844274362347E-008
  -2.7560022100210854E-010
  -3.5159869027591063E-013
  -4.4954989670744561E-017
  -7.7620148925697018E-023
  -1.3084164014214173E-033
*****  m =   30  l =   32
   7.3800129890502327E-033
   4.3283822044377010E-022
   2.4552901267527005E-016
   1.8624853002710359E-012
   1.4012129795526967E-009
   2.4261271475709703E-007
   1.4887562722839452E-005
   4.1524172188377439E-004
   6.1401137706460201E-003
   5.3109157958197199E-002
  0.28579334823428404     
  0.98844139450373003     
   2.1984882110452171     
   2.9652077277903244     
   1.7925850060360449     
  -1.0047808829072065     
  -2.5612574280154181     
  -1.0047808829072065     
   1.7925850060360449     
   2.9652077277903244     
   2.1984882110452171     
  0.98844139450373003     
  0.28579334823428404     
   5.3109157958197199E-002
   6.1401137706460201E-003
   4.1524172188377439E-004
   1.4887562722839452E-005
   2.4261271475709703E-007
   1.4012129795526967E-009
   1.8624853002710359E-012
   2.4552901267527005E-016
   4.3283822044377010E-022
   7.3800129890502327E-033
*****  m =   31  l =   31
   1.1948671596623939E-035
   1.6391486317747188E-024
   1.5084707773476306E-018
   1.6399553918910469E-014
   1.6721534052545064E-011
   3.8232881444714422E-009
   3.0704561980290732E-007
   1.1241969836438873E-005
   2.2115860341774622E-004
   2.6080338026750736E-003
   1.9887772588016394E-002
  0.10349271665234788     
  0.38204957916606763     
   1.0287762104710547     
   2.0607810408229184     
   3.1110536482868687     
   3.5660039932310443     
   3.1110536482868687     
   2.0607810408229184     
   1.0287762104710547     
  0.38204957916606763     
  0.10349271665234788     
   1.9887772588016394E-002
   2.6080338026750736E-003
   2.2115860341774622E-004
   1.1241969836438873E-005
   3.0704561980290732E-007
   3.8232881444714422E-009
   1.6721534052545064E-011
   1.6399553918910469E-014
   1.5084707773476306E-018
   1.6391486317747188E-024
   1.1948671596623939E-035
*****  m =   31  l =   32
   9.6085182536850811E-035
   1.3036247945484581E-023
   1.1758191050012941E-017
   1.2411175811355383E-013
   1.2164431687603216E-010
   2.6447576509794442E-008
   1.9956395372938520E-006
   6.7725728037185544E-005
   1.2155537613837799E-003
   1.2831346566234188E-002
   8.5523923296704760E-002
  0.37701685710709643     
   1.1283916535008902     
   2.3025617453587470     
   3.0976046634155612     
   2.3484652906710850     
  -3.5437164378776866E-031
  -2.3484652906710850     
  -3.0976046634155612     
  -2.3025617453587470     
  -1.1283916535008902     
 -0.37701685710709643     
  -8.5523923296704760E-002
  -1.2831346566234188E-002
  -1.2155537613837799E-003
  -6.7725728037185544E-005
  -1.9956395372938520E-006
  -2.6447576509794442E-008
  -1.2164431687603216E-010
  -1.2411175811355383E-013
  -1.1758191050012941E-017
  -1.3036247945484581E-023
  -9.6085182536850811E-035
*****  m =   32  l =   32
   8.6364631177533780E-037
   2.7095822187278784E-025
   3.8833395801528501E-019
   5.6977523885712793E-015
   7.2643078013981377E-012
   1.9790515881832512E-009
   1.8309102324729377E-007
   7.5291603315192482E-006
   1.6305924749800783E-004
   2.0822019813409726E-003
   1.6953376298719056E-002
   9.3043718341709936E-002
  0.35825651026604999     
  0.99603072664418102     
   2.0404045544525808     
   3.1214912125012724     
   3.5937554156113189     
   3.1214912125012724     
   2.0404045544525808     
  0.99603072664418102     
  0.35825651026604999     
   9.3043718341709936E-002
   1.6953376298719056E-002
   2.0822019813409726E-003
   1.6305924749800783E-004
   7.5291603315192482E-006
   1.8309102324729377E-007
   1.9790515881832512E-009
   7.2643078013981377E-012
   5.6977523885712793E-015
   3.8833395801528501E-019
   2.7095822187278784E-025
   8.6364631177533780E-037
=========================================================
End of file
